factor_a,factor_b,rank_correlation
momentum_5,momentum_5,1
momentum_5,momentum_10,0.6396079004
momentum_5,momentum_20,0.4437855215
momentum_5,momentum_63,0.2274739315
momentum_5,momentum_126,0.1650068698
momentum_5,trend_efficiency_20,0.0602906843
momentum_5,trend_efficiency_60,0.06770874064
momentum_5,positive_day_ratio_20,0.3182032809
momentum_5,positive_day_ratio_60,0.1652314686
momentum_5,reversal_1,-0.3771100724
momentum_5,reversal_3,-0.7176808795
momentum_5,reversal_5,-1
momentum_5,distance_high_20,0.6060946518
momentum_5,distance_high_60,0.4250415085
momentum_5,distance_low_20,0.6000231623
momentum_5,price_to_ma20,0.7016034271
momentum_5,price_to_ma60,0.4114999079
momentum_5,volume_ratio_5,0.1273213037
momentum_5,volume_ratio_20,0.2943740553
momentum_5,amount_ratio_20,0.3662388605
momentum_5,volume_price_confirmation_20,0.1505492111
momentum_5,up_down_volume_ratio_20,0.3724041137
momentum_5,volatility_10,-0.08636210609
momentum_5,volatility_20,-0.04515989757
momentum_5,volatility_60,-0.008656449858
momentum_5,downside_volatility_20,0.1278091578
momentum_5,downside_volatility_60,0.05478037687
momentum_5,idiosyncratic_volatility_60,-0.01014267781
momentum_5,intraday_range_20,-0.02501449494
momentum_5,drawdown_20,0.6060946518
momentum_5,drawdown_63,0.4188054081
momentum_5,recovery_from_low_20,0.6000231623
momentum_5,recovery_from_low_63,0.3658835059
momentum_5,amihud_20,0.02309215286
momentum_5,amount_stability_20,-0.08783295962
momentum_5,residual_momentum_20,0.4291726795
momentum_5,residual_momentum_60,0.2318852635
momentum_10,momentum_5,0.6396079004
momentum_10,momentum_10,1
momentum_10,momentum_20,0.6536971546
momentum_10,momentum_63,0.3334545553
momentum_10,momentum_126,0.2348123081
momentum_10,trend_efficiency_20,0.06750397214
momentum_10,trend_efficiency_60,0.1041131715
momentum_10,positive_day_ratio_20,0.4336527313
momentum_10,positive_day_ratio_60,0.2208409718
momentum_10,reversal_1,-0.2575567612
momentum_10,reversal_3,-0.479734453
momentum_10,reversal_5,-0.6396079004
momentum_10,distance_high_20,0.6821782754
momentum_10,distance_high_60,0.5226928809
momentum_10,distance_low_20,0.734329425
momentum_10,price_to_ma20,0.8894305477
momentum_10,price_to_ma60,0.5812966137
momentum_10,volume_ratio_5,0.04640594881
momentum_10,volume_ratio_20,0.2645571995
momentum_10,amount_ratio_20,0.3598641823
momentum_10,volume_price_confirmation_20,0.06518692767
momentum_10,up_down_volume_ratio_20,0.5173456199
momentum_10,volatility_10,-0.1813785515
momentum_10,volatility_20,-0.09580378643
momentum_10,volatility_60,-0.03274580212
momentum_10,downside_volatility_20,0.1514071324
momentum_10,downside_volatility_60,0.06128585802
momentum_10,idiosyncratic_volatility_60,-0.03943423059
momentum_10,intraday_range_20,-0.07525874984
momentum_10,drawdown_20,0.6821782754
momentum_10,drawdown_63,0.5163007493
momentum_10,recovery_from_low_20,0.734329425
momentum_10,recovery_from_low_63,0.4909363972
momentum_10,amihud_20,0.03251881769
momentum_10,amount_stability_20,-0.137050759
momentum_10,residual_momentum_20,0.6320658014
momentum_10,residual_momentum_60,0.3388391937
momentum_20,momentum_5,0.4437855215
momentum_20,momentum_10,0.6536971546
momentum_20,momentum_20,1
momentum_20,momentum_63,0.5006449042
momentum_20,momentum_126,0.3449677603
momentum_20,trend_efficiency_20,0.06075155337
momentum_20,trend_efficiency_60,0.1480836472
momentum_20,positive_day_ratio_20,0.5961720282
momentum_20,positive_day_ratio_60,0.3079468127
momentum_20,reversal_1,-0.1779437466
momentum_20,reversal_3,-0.3320965932
momentum_20,reversal_5,-0.4437855215
momentum_20,distance_high_20,0.6167207174
momentum_20,distance_high_60,0.6223341038
momentum_20,distance_low_20,0.7413791302
momentum_20,price_to_ma20,0.8219281089
momentum_20,price_to_ma60,0.7889939792
momentum_20,volume_ratio_5,0.01244738662
momentum_20,volume_ratio_20,0.1356543656
momentum_20,amount_ratio_20,0.2288500158
momentum_20,volume_price_confirmation_20,-0.1189242595
momentum_20,up_down_volume_ratio_20,0.7239242879
momentum_20,volatility_10,-0.2051672006
momentum_20,volatility_20,-0.1782778009
momentum_20,volatility_60,-0.06074315993
momentum_20,downside_volatility_20,0.173903318
momentum_20,downside_volatility_60,0.07350610054
momentum_20,idiosyncratic_volatility_60,-0.08028871159
momentum_20,intraday_range_20,-0.1660864222
momentum_20,drawdown_20,0.6167207174
momentum_20,drawdown_63,0.6172106141
momentum_20,recovery_from_low_20,0.7413791302
momentum_20,recovery_from_low_63,0.6242499163
momentum_20,amihud_20,0.07221424618
momentum_20,amount_stability_20,-0.2050158968
momentum_20,residual_momentum_20,0.9513962464
momentum_20,residual_momentum_60,0.497242266
momentum_63,momentum_5,0.2274739315
momentum_63,momentum_10,0.3334545553
momentum_63,momentum_20,0.5006449042
momentum_63,momentum_63,1
momentum_63,momentum_126,0.6550542515
momentum_63,trend_efficiency_20,0.06966898173
momentum_63,trend_efficiency_60,0.1784048228
momentum_63,positive_day_ratio_20,0.3178123953
momentum_63,positive_day_ratio_60,0.5460954633
momentum_63,reversal_1,-0.09535359248
momentum_63,reversal_3,-0.1743223677
momentum_63,reversal_5,-0.2274739315
momentum_63,distance_high_20,0.2222303425
momentum_63,distance_high_60,0.5442356536
momentum_63,distance_low_20,0.4358464519
momentum_63,price_to_ma20,0.411945364
momentum_63,price_to_ma60,0.7999667672
momentum_63,volume_ratio_5,0.001591061006
momentum_63,volume_ratio_20,0.02070534375
momentum_63,amount_ratio_20,0.07201726921
momentum_63,volume_price_confirmation_20,0.005099070886
momentum_63,up_down_volume_ratio_20,0.3458850126
momentum_63,volatility_10,-0.2379031201
momentum_63,volatility_20,-0.2387304359
momentum_63,volatility_60,-0.1950992664
momentum_63,downside_volatility_20,-0.06929574725
momentum_63,downside_volatility_60,0.0184639965
momentum_63,idiosyncratic_volatility_60,-0.2669888966
momentum_63,intraday_range_20,-0.2641010841
momentum_63,drawdown_20,0.2222303425
momentum_63,drawdown_63,0.566445493
momentum_63,recovery_from_low_20,0.4358464519
momentum_63,recovery_from_low_63,0.7331029928
momentum_63,amihud_20,0.1423067535
momentum_63,amount_stability_20,-0.1017459949
momentum_63,residual_momentum_20,0.4910544546
momentum_63,residual_momentum_60,0.9136210699
momentum_126,momentum_5,0.1650068698
momentum_126,momentum_10,0.2348123081
momentum_126,momentum_20,0.3449677603
momentum_126,momentum_63,0.6550542515
momentum_126,momentum_126,1
momentum_126,trend_efficiency_20,0.06288569791
momentum_126,trend_efficiency_60,0.1618105522
momentum_126,positive_day_ratio_20,0.2593970728
momentum_126,positive_day_ratio_60,0.4297590396
momentum_126,reversal_1,-0.07660663061
momentum_126,reversal_3,-0.1264793954
momentum_126,reversal_5,-0.1650068698
momentum_126,distance_high_20,0.1289472877
momentum_126,distance_high_60,0.3152667408
momentum_126,distance_low_20,0.3392795551
momentum_126,price_to_ma20,0.2857444192
momentum_126,price_to_ma60,0.533760408
momentum_126,volume_ratio_5,0.0062930975
momentum_126,volume_ratio_20,0.01607977777
momentum_126,amount_ratio_20,0.05207743504
momentum_126,volume_price_confirmation_20,0.005811609983
momentum_126,up_down_volume_ratio_20,0.2417115956
momentum_126,volatility_10,-0.2301410419
momentum_126,volatility_20,-0.235640756
momentum_126,volatility_60,-0.2208603671
momentum_126,downside_volatility_20,-0.1391635478
momentum_126,downside_volatility_60,-0.1011417186
momentum_126,idiosyncratic_volatility_60,-0.3077236746
momentum_126,intraday_range_20,-0.2771229617
momentum_126,drawdown_20,0.1289472877
momentum_126,drawdown_63,0.3266531971
momentum_126,recovery_from_low_20,0.3392795551
momentum_126,recovery_from_low_63,0.5490261769
momentum_126,amihud_20,0.1743790417
momentum_126,amount_stability_20,-0.04395149994
momentum_126,residual_momentum_20,0.3531396113
momentum_126,residual_momentum_60,0.6215250134
trend_efficiency_20,momentum_5,0.0602906843
trend_efficiency_20,momentum_10,0.06750397214
trend_efficiency_20,momentum_20,0.06075155337
trend_efficiency_20,momentum_63,0.06966898173
trend_efficiency_20,momentum_126,0.06288569791
trend_efficiency_20,trend_efficiency_20,1
trend_efficiency_20,trend_efficiency_60,0.1935921749
trend_efficiency_20,positive_day_ratio_20,0.04542855366
trend_efficiency_20,positive_day_ratio_60,0.0354954467
trend_efficiency_20,reversal_1,-0.02918759954
trend_efficiency_20,reversal_3,-0.05281602331
trend_efficiency_20,reversal_5,-0.0602906843
trend_efficiency_20,distance_high_20,-0.03333782853
trend_efficiency_20,distance_high_60,0.07145961066
trend_efficiency_20,distance_low_20,0.1194523855
trend_efficiency_20,price_to_ma20,0.07619823395
trend_efficiency_20,price_to_ma60,0.06126654271
trend_efficiency_20,volume_ratio_5,0.03399514012
trend_efficiency_20,volume_ratio_20,0.09600691757
trend_efficiency_20,amount_ratio_20,0.09965233602
trend_efficiency_20,volume_price_confirmation_20,0.1305557999
trend_efficiency_20,up_down_volume_ratio_20,0.0293226132
trend_efficiency_20,volatility_10,-0.01047509088
trend_efficiency_20,volatility_20,0.01091319751
trend_efficiency_20,volatility_60,-0.0229423142
trend_efficiency_20,downside_volatility_20,0.04007179137
trend_efficiency_20,downside_volatility_60,0.01149712626
trend_efficiency_20,idiosyncratic_volatility_60,-0.02861343941
trend_efficiency_20,intraday_range_20,-0.02415507107
trend_efficiency_20,drawdown_20,-0.03333782853
trend_efficiency_20,drawdown_63,0.07332070068
trend_efficiency_20,recovery_from_low_20,0.1194523855
trend_efficiency_20,recovery_from_low_63,0.04205200979
trend_efficiency_20,amihud_20,0.02165574927
trend_efficiency_20,amount_stability_20,-0.03968336876
trend_efficiency_20,residual_momentum_20,0.06606521882
trend_efficiency_20,residual_momentum_60,0.06902702532
trend_efficiency_60,momentum_5,0.06770874064
trend_efficiency_60,momentum_10,0.1041131715
trend_efficiency_60,momentum_20,0.1480836472
trend_efficiency_60,momentum_63,0.1784048228
trend_efficiency_60,momentum_126,0.1618105522
trend_efficiency_60,trend_efficiency_20,0.1935921749
trend_efficiency_60,trend_efficiency_60,1
trend_efficiency_60,positive_day_ratio_20,0.07913014127
trend_efficiency_60,positive_day_ratio_60,0.09826662109
trend_efficiency_60,reversal_1,-0.02351577606
trend_efficiency_60,reversal_3,-0.04907686217
trend_efficiency_60,reversal_5,-0.06770874064
trend_efficiency_60,distance_high_20,0.01287140609
trend_efficiency_60,distance_high_60,0.004785264718
trend_efficiency_60,distance_low_20,0.164311438
trend_efficiency_60,price_to_ma20,0.1263007056
trend_efficiency_60,price_to_ma60,0.1908346385
trend_efficiency_60,volume_ratio_5,0.02066002571
trend_efficiency_60,volume_ratio_20,0.06620533456
trend_efficiency_60,amount_ratio_20,0.08167359409
trend_efficiency_60,volume_price_confirmation_20,-0.01486937996
trend_efficiency_60,up_down_volume_ratio_20,0.07280267649
trend_efficiency_60,volatility_10,-0.152550933
trend_efficiency_60,volatility_20,-0.1396204848
trend_efficiency_60,volatility_60,-0.08512410838
trend_efficiency_60,downside_volatility_20,-0.08943173546
trend_efficiency_60,downside_volatility_60,-0.04167383025
trend_efficiency_60,idiosyncratic_volatility_60,-0.08534075098
trend_efficiency_60,intraday_range_20,-0.1520934033
trend_efficiency_60,drawdown_20,0.01287140609
trend_efficiency_60,drawdown_63,0.000540014037
trend_efficiency_60,recovery_from_low_20,0.164311438
trend_efficiency_60,recovery_from_low_63,0.2298581252
trend_efficiency_60,amihud_20,0.03811240188
trend_efficiency_60,amount_stability_20,0.008230199481
trend_efficiency_60,residual_momentum_20,0.1518945516
trend_efficiency_60,residual_momentum_60,0.1804589223
positive_day_ratio_20,momentum_5,0.3182032809
positive_day_ratio_20,momentum_10,0.4336527313
positive_day_ratio_20,momentum_20,0.5961720282
positive_day_ratio_20,momentum_63,0.3178123953
positive_day_ratio_20,momentum_126,0.2593970728
positive_day_ratio_20,trend_efficiency_20,0.04542855366
positive_day_ratio_20,trend_efficiency_60,0.07913014127
positive_day_ratio_20,positive_day_ratio_20,1
positive_day_ratio_20,positive_day_ratio_60,0.5717026229
positive_day_ratio_20,reversal_1,-0.1634872753
positive_day_ratio_20,reversal_3,-0.2556268028
positive_day_ratio_20,reversal_5,-0.3182032809
positive_day_ratio_20,distance_high_20,0.430239636
positive_day_ratio_20,distance_high_60,0.3934333714
positive_day_ratio_20,distance_low_20,0.4892588179
positive_day_ratio_20,price_to_ma20,0.5265280898
positive_day_ratio_20,price_to_ma60,0.481812225
positive_day_ratio_20,volume_ratio_5,0.02042125525
positive_day_ratio_20,volume_ratio_20,0.1005250829
positive_day_ratio_20,amount_ratio_20,0.1613202586
positive_day_ratio_20,volume_price_confirmation_20,-0.0383990681
positive_day_ratio_20,up_down_volume_ratio_20,0.8868802817
positive_day_ratio_20,volatility_10,-0.1214272676
positive_day_ratio_20,volatility_20,-0.08858765685
positive_day_ratio_20,volatility_60,-0.03569193357
positive_day_ratio_20,downside_volatility_20,-0.009034902898
positive_day_ratio_20,downside_volatility_60,-0.02266981611
positive_day_ratio_20,idiosyncratic_volatility_60,-0.0561563945
positive_day_ratio_20,intraday_range_20,-0.1145208246
positive_day_ratio_20,drawdown_20,0.430239636
positive_day_ratio_20,drawdown_63,0.3900552967
positive_day_ratio_20,recovery_from_low_20,0.4892588179
positive_day_ratio_20,recovery_from_low_63,0.4018880069
positive_day_ratio_20,amihud_20,0.03393954565
positive_day_ratio_20,amount_stability_20,-0.03553784693
positive_day_ratio_20,residual_momentum_20,0.5930486122
positive_day_ratio_20,residual_momentum_60,0.3247958803
positive_day_ratio_60,momentum_5,0.1652314686
positive_day_ratio_60,momentum_10,0.2208409718
positive_day_ratio_60,momentum_20,0.3079468127
positive_day_ratio_60,momentum_63,0.5460954633
positive_day_ratio_60,momentum_126,0.4297590396
positive_day_ratio_60,trend_efficiency_20,0.0354954467
positive_day_ratio_60,trend_efficiency_60,0.09826662109
positive_day_ratio_60,positive_day_ratio_20,0.5717026229
positive_day_ratio_60,positive_day_ratio_60,1
positive_day_ratio_60,reversal_1,-0.09270492147
positive_day_ratio_60,reversal_3,-0.1354892077
positive_day_ratio_60,reversal_5,-0.1652314686
positive_day_ratio_60,distance_high_20,0.1745865141
positive_day_ratio_60,distance_high_60,0.3498695489
positive_day_ratio_60,distance_low_20,0.2869531208
positive_day_ratio_60,price_to_ma20,0.2651569461
positive_day_ratio_60,price_to_ma60,0.4727182409
positive_day_ratio_60,volume_ratio_5,0.01367084087
positive_day_ratio_60,volume_ratio_20,0.02959919497
positive_day_ratio_60,amount_ratio_20,0.06297781443
positive_day_ratio_60,volume_price_confirmation_20,0.007147779504
positive_day_ratio_60,up_down_volume_ratio_20,0.4468993218
positive_day_ratio_60,volatility_10,-0.1384431989
positive_day_ratio_60,volatility_20,-0.1306405468
positive_day_ratio_60,volatility_60,-0.09281385602
positive_day_ratio_60,downside_volatility_20,-0.1094889156
positive_day_ratio_60,downside_volatility_60,-0.08007369676
positive_day_ratio_60,idiosyncratic_volatility_60,-0.1515234402
positive_day_ratio_60,intraday_range_20,-0.1636467885
positive_day_ratio_60,drawdown_20,0.1745865141
positive_day_ratio_60,drawdown_63,0.3605534564
positive_day_ratio_60,recovery_from_low_20,0.2869531208
positive_day_ratio_60,recovery_from_low_63,0.4400940929
positive_day_ratio_60,amihud_20,0.06279679792
positive_day_ratio_60,amount_stability_20,0.001227980727
positive_day_ratio_60,residual_momentum_20,0.316142244
positive_day_ratio_60,residual_momentum_60,0.5537506534
reversal_1,momentum_5,-0.3771100724
reversal_1,momentum_10,-0.2575567612
reversal_1,momentum_20,-0.1779437466
reversal_1,momentum_63,-0.09535359248
reversal_1,momentum_126,-0.07660663061
reversal_1,trend_efficiency_20,-0.02918759954
reversal_1,trend_efficiency_60,-0.02351577606
reversal_1,positive_day_ratio_20,-0.1634872753
reversal_1,positive_day_ratio_60,-0.09270492147
reversal_1,reversal_1,1
reversal_1,reversal_3,0.5065877962
reversal_1,reversal_5,0.3771100724
reversal_1,distance_high_20,-0.3541418753
reversal_1,distance_high_60,-0.2254805083
reversal_1,distance_low_20,-0.3066973636
reversal_1,price_to_ma20,-0.3155391316
reversal_1,price_to_ma60,-0.1761716138
reversal_1,volume_ratio_5,-0.223228772
reversal_1,volume_ratio_20,-0.1891295571
reversal_1,amount_ratio_20,-0.2076198149
reversal_1,volume_price_confirmation_20,-0.125124173
reversal_1,up_down_volume_ratio_20,-0.1722761195
reversal_1,volatility_10,-0.003918570049
reversal_1,volatility_20,-0.01206105796
reversal_1,volatility_60,-0.02008911081
reversal_1,downside_volatility_20,-0.07227717222
reversal_1,downside_volatility_60,-0.04080862391
reversal_1,idiosyncratic_volatility_60,-0.02020862047
reversal_1,intraday_range_20,-0.02001662115
reversal_1,drawdown_20,-0.3541418753
reversal_1,drawdown_63,-0.2214869687
reversal_1,recovery_from_low_20,-0.3066973636
reversal_1,recovery_from_low_63,-0.1695078643
reversal_1,amihud_20,-0.01495120253
reversal_1,amount_stability_20,0.01661578631
reversal_1,residual_momentum_20,-0.1723558573
reversal_1,residual_momentum_60,-0.1012904773
reversal_3,momentum_5,-0.7176808795
reversal_3,momentum_10,-0.479734453
reversal_3,momentum_20,-0.3320965932
reversal_3,momentum_63,-0.1743223677
reversal_3,momentum_126,-0.1264793954
reversal_3,trend_efficiency_20,-0.05281602331
reversal_3,trend_efficiency_60,-0.04907686217
reversal_3,positive_day_ratio_20,-0.2556268028
reversal_3,positive_day_ratio_60,-0.1354892077
reversal_3,reversal_1,0.5065877962
reversal_3,reversal_3,1
reversal_3,reversal_5,0.7176808795
reversal_3,distance_high_20,-0.5272088337
reversal_3,distance_high_60,-0.3561904785
reversal_3,distance_low_20,-0.4983721734
reversal_3,price_to_ma20,-0.5562515579
reversal_3,price_to_ma60,-0.3178013378
reversal_3,volume_ratio_5,-0.2346587013
reversal_3,volume_ratio_20,-0.2823742812
reversal_3,amount_ratio_20,-0.3341983029
reversal_3,volume_price_confirmation_20,-0.1591030274
reversal_3,up_down_volume_ratio_20,-0.2921103077
reversal_3,volatility_10,0.04434791821
reversal_3,volatility_20,0.01892819577
reversal_3,volatility_60,-0.005406514105
reversal_3,downside_volatility_20,-0.1088343472
reversal_3,downside_volatility_60,-0.05194325034
reversal_3,idiosyncratic_volatility_60,-0.004994912589
reversal_3,intraday_range_20,0.002978635581
reversal_3,drawdown_20,-0.5272088337
reversal_3,drawdown_63,-0.3504818484
reversal_3,recovery_from_low_20,-0.4983721734
reversal_3,recovery_from_low_63,-0.2920682663
reversal_3,amihud_20,-0.019948542
reversal_3,amount_stability_20,0.05779016428
reversal_3,residual_momentum_20,-0.3218599075
reversal_3,residual_momentum_60,-0.1791777266
reversal_5,momentum_5,-1
reversal_5,momentum_10,-0.6396079004
reversal_5,momentum_20,-0.4437855215
reversal_5,momentum_63,-0.2274739315
reversal_5,momentum_126,-0.1650068698
reversal_5,trend_efficiency_20,-0.0602906843
reversal_5,trend_efficiency_60,-0.06770874064
reversal_5,positive_day_ratio_20,-0.3182032809
reversal_5,positive_day_ratio_60,-0.1652314686
reversal_5,reversal_1,0.3771100724
reversal_5,reversal_3,0.7176808795
reversal_5,reversal_5,1
reversal_5,distance_high_20,-0.6060946518
reversal_5,distance_high_60,-0.4250415085
reversal_5,distance_low_20,-0.6000231623
reversal_5,price_to_ma20,-0.7016034271
reversal_5,price_to_ma60,-0.4114999079
reversal_5,volume_ratio_5,-0.1273213037
reversal_5,volume_ratio_20,-0.2943740553
reversal_5,amount_ratio_20,-0.3662388605
reversal_5,volume_price_confirmation_20,-0.1505492111
reversal_5,up_down_volume_ratio_20,-0.3724041137
reversal_5,volatility_10,0.08636210609
reversal_5,volatility_20,0.04515989757
reversal_5,volatility_60,0.008656449858
reversal_5,downside_volatility_20,-0.1278091578
reversal_5,downside_volatility_60,-0.05478037687
reversal_5,idiosyncratic_volatility_60,0.01014267781
reversal_5,intraday_range_20,0.02501449494
reversal_5,drawdown_20,-0.6060946518
reversal_5,drawdown_63,-0.4188054081
reversal_5,recovery_from_low_20,-0.6000231623
reversal_5,recovery_from_low_63,-0.3658835059
reversal_5,amihud_20,-0.02309215286
reversal_5,amount_stability_20,0.08783295962
reversal_5,residual_momentum_20,-0.4291726795
reversal_5,residual_momentum_60,-0.2318852635
distance_high_20,momentum_5,0.6060946518
distance_high_20,momentum_10,0.6821782754
distance_high_20,momentum_20,0.6167207174
distance_high_20,momentum_63,0.2222303425
distance_high_20,momentum_126,0.1289472877
distance_high_20,trend_efficiency_20,-0.03333782853
distance_high_20,trend_efficiency_60,0.01287140609
distance_high_20,positive_day_ratio_20,0.430239636
distance_high_20,positive_day_ratio_60,0.1745865141
distance_high_20,reversal_1,-0.3541418753
distance_high_20,reversal_3,-0.5272088337
distance_high_20,reversal_5,-0.6060946518
distance_high_20,distance_high_20,1
distance_high_20,distance_high_60,0.7022660309
distance_high_20,distance_low_20,0.4725541727
distance_high_20,price_to_ma20,0.7719340756
distance_high_20,price_to_ma60,0.4838177028
distance_high_20,volume_ratio_5,0.1343933721
distance_high_20,volume_ratio_20,0.2776617977
distance_high_20,amount_ratio_20,0.3604027061
distance_high_20,volume_price_confirmation_20,0.0292871469
distance_high_20,up_down_volume_ratio_20,0.5148218096
distance_high_20,volatility_10,0.204176477
distance_high_20,volatility_20,0.3030666853
distance_high_20,volatility_60,0.331593512
distance_high_20,downside_volatility_20,0.5276798476
distance_high_20,downside_volatility_60,0.3890153087
distance_high_20,idiosyncratic_volatility_60,0.2977404611
distance_high_20,intraday_range_20,0.2873950639
distance_high_20,drawdown_20,1
distance_high_20,drawdown_63,0.6907458132
distance_high_20,recovery_from_low_20,0.4725541727
distance_high_20,recovery_from_low_63,0.250024791
distance_high_20,amihud_20,0.1099767654
distance_high_20,amount_stability_20,0.04215919263
distance_high_20,residual_momentum_20,0.6243320758
distance_high_20,residual_momentum_60,0.2646697729
distance_high_60,momentum_5,0.4250415085
distance_high_60,momentum_10,0.5226928809
distance_high_60,momentum_20,0.6223341038
distance_high_60,momentum_63,0.5442356536
distance_high_60,momentum_126,0.3152667408
distance_high_60,trend_efficiency_20,0.07145961066
distance_high_60,trend_efficiency_60,0.004785264718
distance_high_60,positive_day_ratio_20,0.3934333714
distance_high_60,positive_day_ratio_60,0.3498695489
distance_high_60,reversal_1,-0.2254805083
distance_high_60,reversal_3,-0.3561904785
distance_high_60,reversal_5,-0.4250415085
distance_high_60,distance_high_20,0.7022660309
distance_high_60,distance_high_60,1
distance_high_60,distance_low_20,0.4113984283
distance_high_60,price_to_ma20,0.6195921453
distance_high_60,price_to_ma60,0.7381793315
distance_high_60,volume_ratio_5,0.06189868833
distance_high_60,volume_ratio_20,0.1542795208
distance_high_60,amount_ratio_20,0.2262697859
distance_high_60,volume_price_confirmation_20,-0.004241306965
distance_high_60,up_down_volume_ratio_20,0.4661945024
distance_high_60,volatility_10,0.1428381262
distance_high_60,volatility_20,0.211081746
distance_high_60,volatility_60,0.3404992595
distance_high_60,downside_volatility_20,0.433470001
distance_high_60,downside_volatility_60,0.4847630224
distance_high_60,idiosyncratic_volatility_60,0.2597725075
distance_high_60,intraday_range_20,0.1984738458
distance_high_60,drawdown_20,0.7022660309
distance_high_60,drawdown_63,0.993045788
distance_high_60,recovery_from_low_20,0.4113984283
distance_high_60,recovery_from_low_63,0.3888800767
distance_high_60,amihud_20,0.1598573541
distance_high_60,amount_stability_20,-0.05773719344
distance_high_60,residual_momentum_20,0.6327139753
distance_high_60,residual_momentum_60,0.5902211434
distance_low_20,momentum_5,0.6000231623
distance_low_20,momentum_10,0.734329425
distance_low_20,momentum_20,0.7413791302
distance_low_20,momentum_63,0.4358464519
distance_low_20,momentum_126,0.3392795551
distance_low_20,trend_efficiency_20,0.1194523855
distance_low_20,trend_efficiency_60,0.164311438
distance_low_20,positive_day_ratio_20,0.4892588179
distance_low_20,positive_day_ratio_60,0.2869531208
distance_low_20,reversal_1,-0.3066973636
distance_low_20,reversal_3,-0.4983721734
distance_low_20,reversal_5,-0.6000231623
distance_low_20,distance_high_20,0.4725541727
distance_low_20,distance_high_60,0.4113984283
distance_low_20,distance_low_20,1
distance_low_20,price_to_ma20,0.8312243458
distance_low_20,price_to_ma60,0.6608021746
distance_low_20,volume_ratio_5,0.02619380662
distance_low_20,volume_ratio_20,0.1824449499
distance_low_20,amount_ratio_20,0.2695861979
distance_low_20,volume_price_confirmation_20,-0.03399612791
distance_low_20,up_down_volume_ratio_20,0.5838778637
distance_low_20,volatility_10,-0.4550549361
distance_low_20,volatility_20,-0.4398211496
distance_low_20,volatility_60,-0.3350715614
distance_low_20,downside_volatility_20,-0.1356867303
distance_low_20,downside_volatility_60,-0.209699313
distance_low_20,idiosyncratic_volatility_60,-0.3339881392
distance_low_20,intraday_range_20,-0.4101133924
distance_low_20,drawdown_20,0.4725541727
distance_low_20,drawdown_63,0.4069349404
distance_low_20,recovery_from_low_20,1
distance_low_20,recovery_from_low_63,0.7230901064
distance_low_20,amihud_20,-0.02866473178
distance_low_20,amount_stability_20,-0.2342867876
distance_low_20,residual_momentum_20,0.7050527915
distance_low_20,residual_momentum_60,0.4167897816
price_to_ma20,momentum_5,0.7016034271
price_to_ma20,momentum_10,0.8894305477
price_to_ma20,momentum_20,0.8219281089
price_to_ma20,momentum_63,0.411945364
price_to_ma20,momentum_126,0.2857444192
price_to_ma20,trend_efficiency_20,0.07619823395
price_to_ma20,trend_efficiency_60,0.1263007056
price_to_ma20,positive_day_ratio_20,0.5265280898
price_to_ma20,positive_day_ratio_60,0.2651569461
price_to_ma20,reversal_1,-0.3155391316
price_to_ma20,reversal_3,-0.5562515579
price_to_ma20,reversal_5,-0.7016034271
price_to_ma20,distance_high_20,0.7719340756
price_to_ma20,distance_high_60,0.6195921453
price_to_ma20,distance_low_20,0.8312243458
price_to_ma20,price_to_ma20,1
price_to_ma20,price_to_ma60,0.7023648213
price_to_ma20,volume_ratio_5,0.06899768372
price_to_ma20,volume_ratio_20,0.270934098
price_to_ma20,amount_ratio_20,0.3760787781
price_to_ma20,volume_price_confirmation_20,0.00364990524
price_to_ma20,up_down_volume_ratio_20,0.630171726
price_to_ma20,volatility_10,-0.1813360053
price_to_ma20,volatility_20,-0.1135974013
price_to_ma20,volatility_60,-0.03201925446
price_to_ma20,downside_volatility_20,0.1874031699
price_to_ma20,downside_volatility_60,0.0823763016
price_to_ma20,idiosyncratic_volatility_60,-0.04261378526
price_to_ma20,intraday_range_20,-0.0955378834
price_to_ma20,drawdown_20,0.7719340756
price_to_ma20,drawdown_63,0.612358014
price_to_ma20,recovery_from_low_20,0.8312243458
price_to_ma20,recovery_from_low_63,0.5767761256
price_to_ma20,amihud_20,0.04769626616
price_to_ma20,amount_stability_20,-0.159005004
price_to_ma20,residual_momentum_20,0.7901192154
price_to_ma20,residual_momentum_60,0.4163403828
price_to_ma60,momentum_5,0.4114999079
price_to_ma60,momentum_10,0.5812966137
price_to_ma60,momentum_20,0.7889939792
price_to_ma60,momentum_63,0.7999667672
price_to_ma60,momentum_126,0.533760408
price_to_ma60,trend_efficiency_20,0.06126654271
price_to_ma60,trend_efficiency_60,0.1908346385
price_to_ma60,positive_day_ratio_20,0.481812225
price_to_ma60,positive_day_ratio_60,0.4727182409
price_to_ma60,reversal_1,-0.1761716138
price_to_ma60,reversal_3,-0.3178013378
price_to_ma60,reversal_5,-0.4114999079
price_to_ma60,distance_high_20,0.4838177028
price_to_ma60,distance_high_60,0.7381793315
price_to_ma60,distance_low_20,0.6608021746
price_to_ma60,price_to_ma20,0.7023648213
price_to_ma60,price_to_ma60,1
price_to_ma60,volume_ratio_5,0.01546307562
price_to_ma60,volume_ratio_20,0.09118507623
price_to_ma60,amount_ratio_20,0.1725810682
price_to_ma60,volume_price_confirmation_20,-0.02902689597
price_to_ma60,up_down_volume_ratio_20,0.561599347
price_to_ma60,volatility_10,-0.2351359461
price_to_ma60,volatility_20,-0.2156703557
price_to_ma60,volatility_60,-0.1063251742
price_to_ma60,downside_volatility_20,0.06483576575
price_to_ma60,downside_volatility_60,0.08892982569
price_to_ma60,idiosyncratic_volatility_60,-0.154121077
price_to_ma60,intraday_range_20,-0.2225127714
price_to_ma60,drawdown_20,0.4838177028
price_to_ma60,drawdown_63,0.7385143022
price_to_ma60,recovery_from_low_20,0.6608021746
price_to_ma60,recovery_from_low_63,0.7931924583
price_to_ma60,amihud_20,0.1255093596
price_to_ma60,amount_stability_20,-0.1763320089
price_to_ma60,residual_momentum_20,0.7660068368
price_to_ma60,residual_momentum_60,0.7870606857
volume_ratio_5,momentum_5,0.1273213037
volume_ratio_5,momentum_10,0.04640594881
volume_ratio_5,momentum_20,0.01244738662
volume_ratio_5,momentum_63,0.001591061006
volume_ratio_5,momentum_126,0.0062930975
volume_ratio_5,trend_efficiency_20,0.03399514012
volume_ratio_5,trend_efficiency_60,0.02066002571
volume_ratio_5,positive_day_ratio_20,0.02042125525
volume_ratio_5,positive_day_ratio_60,0.01367084087
volume_ratio_5,reversal_1,-0.223228772
volume_ratio_5,reversal_3,-0.2346587013
volume_ratio_5,reversal_5,-0.1273213037
volume_ratio_5,distance_high_20,0.1343933721
volume_ratio_5,distance_high_60,0.06189868833
volume_ratio_5,distance_low_20,0.02619380662
volume_ratio_5,price_to_ma20,0.06899768372
volume_ratio_5,price_to_ma60,0.01546307562
volume_ratio_5,volume_ratio_5,1
volume_ratio_5,volume_ratio_20,0.7031010456
volume_ratio_5,amount_ratio_20,0.679823355
volume_ratio_5,volume_price_confirmation_20,0.07584569546
volume_ratio_5,up_down_volume_ratio_20,0.01862119306
volume_ratio_5,volatility_10,0.06012473207
volume_ratio_5,volatility_20,0.04420063333
volume_ratio_5,volatility_60,0.02429290302
volume_ratio_5,downside_volatility_20,0.04517518744
volume_ratio_5,downside_volatility_60,0.02398710085
volume_ratio_5,idiosyncratic_volatility_60,0.02584254462
volume_ratio_5,intraday_range_20,0.03814893029
volume_ratio_5,drawdown_20,0.1343933721
volume_ratio_5,drawdown_63,0.05940462867
volume_ratio_5,recovery_from_low_20,0.02619380662
volume_ratio_5,recovery_from_low_63,-0.0002194949053
volume_ratio_5,amihud_20,-0.005087149468
volume_ratio_5,amount_stability_20,0.04301281257
volume_ratio_5,residual_momentum_20,0.01234340016
volume_ratio_5,residual_momentum_60,0.005510030497
volume_ratio_20,momentum_5,0.2943740553
volume_ratio_20,momentum_10,0.2645571995
volume_ratio_20,momentum_20,0.1356543656
volume_ratio_20,momentum_63,0.02070534375
volume_ratio_20,momentum_126,0.01607977777
volume_ratio_20,trend_efficiency_20,0.09600691757
volume_ratio_20,trend_efficiency_60,0.06620533456
volume_ratio_20,positive_day_ratio_20,0.1005250829
volume_ratio_20,positive_day_ratio_60,0.02959919497
volume_ratio_20,reversal_1,-0.1891295571
volume_ratio_20,reversal_3,-0.2823742812
volume_ratio_20,reversal_5,-0.2943740553
volume_ratio_20,distance_high_20,0.2776617977
volume_ratio_20,distance_high_60,0.1542795208
volume_ratio_20,distance_low_20,0.1824449499
volume_ratio_20,price_to_ma20,0.270934098
volume_ratio_20,price_to_ma60,0.09118507623
volume_ratio_20,volume_ratio_5,0.7031010456
volume_ratio_20,volume_ratio_20,1
volume_ratio_20,amount_ratio_20,0.9881710284
volume_ratio_20,volume_price_confirmation_20,0.08375767655
volume_ratio_20,up_down_volume_ratio_20,0.107320237
volume_ratio_20,volatility_10,-0.07686128073
volume_ratio_20,volatility_20,0.044576294
volume_ratio_20,volatility_60,0.04891911101
volume_ratio_20,downside_volatility_20,0.09366630904
volume_ratio_20,downside_volatility_60,0.0579539364
volume_ratio_20,idiosyncratic_volatility_60,0.04842021411
volume_ratio_20,intraday_range_20,0.04250216181
volume_ratio_20,drawdown_20,0.2776617977
volume_ratio_20,drawdown_63,0.1497414703
volume_ratio_20,recovery_from_low_20,0.1824449499
volume_ratio_20,recovery_from_low_63,0.04618547538
volume_ratio_20,amihud_20,-0.01106404546
volume_ratio_20,amount_stability_20,0.03363373914
volume_ratio_20,residual_momentum_20,0.1336136999
volume_ratio_20,residual_momentum_60,0.02956065493
amount_ratio_20,momentum_5,0.3662388605
amount_ratio_20,momentum_10,0.3598641823
amount_ratio_20,momentum_20,0.2288500158
amount_ratio_20,momentum_63,0.07201726921
amount_ratio_20,momentum_126,0.05207743504
amount_ratio_20,trend_efficiency_20,0.09965233602
amount_ratio_20,trend_efficiency_60,0.08167359409
amount_ratio_20,positive_day_ratio_20,0.1613202586
amount_ratio_20,positive_day_ratio_60,0.06297781443
amount_ratio_20,reversal_1,-0.2076198149
amount_ratio_20,reversal_3,-0.3341983029
amount_ratio_20,reversal_5,-0.3662388605
amount_ratio_20,distance_high_20,0.3604027061
amount_ratio_20,distance_high_60,0.2262697859
amount_ratio_20,distance_low_20,0.2695861979
amount_ratio_20,price_to_ma20,0.3760787781
amount_ratio_20,price_to_ma60,0.1725810682
amount_ratio_20,volume_ratio_5,0.679823355
amount_ratio_20,volume_ratio_20,0.9881710284
amount_ratio_20,amount_ratio_20,1
amount_ratio_20,volume_price_confirmation_20,0.06861131685
amount_ratio_20,up_down_volume_ratio_20,0.1784256538
amount_ratio_20,volatility_10,-0.08835336619
amount_ratio_20,volatility_20,0.03660528489
amount_ratio_20,volatility_60,0.05017389897
amount_ratio_20,downside_volatility_20,0.117713688
amount_ratio_20,downside_volatility_60,0.07215914963
amount_ratio_20,idiosyncratic_volatility_60,0.04713159779
amount_ratio_20,intraday_range_20,0.0358297927
amount_ratio_20,drawdown_20,0.3604027061
amount_ratio_20,drawdown_63,0.2211512657
amount_ratio_20,recovery_from_low_20,0.2695861979
amount_ratio_20,recovery_from_low_63,0.1119670387
amount_ratio_20,amihud_20,0.0006140099934
amount_ratio_20,amount_stability_20,0.0226732079
amount_ratio_20,residual_momentum_20,0.2232638777
amount_ratio_20,residual_momentum_60,0.08099345708
volume_price_confirmation_20,momentum_5,0.1505492111
volume_price_confirmation_20,momentum_10,0.06518692767
volume_price_confirmation_20,momentum_20,-0.1189242595
volume_price_confirmation_20,momentum_63,0.005099070886
volume_price_confirmation_20,momentum_126,0.005811609983
volume_price_confirmation_20,trend_efficiency_20,0.1305557999
volume_price_confirmation_20,trend_efficiency_60,-0.01486937996
volume_price_confirmation_20,positive_day_ratio_20,-0.0383990681
volume_price_confirmation_20,positive_day_ratio_60,0.007147779504
volume_price_confirmation_20,reversal_1,-0.125124173
volume_price_confirmation_20,reversal_3,-0.1591030274
volume_price_confirmation_20,reversal_5,-0.1505492111
volume_price_confirmation_20,distance_high_20,0.0292871469
volume_price_confirmation_20,distance_high_60,-0.004241306965
volume_price_confirmation_20,distance_low_20,-0.03399612791
volume_price_confirmation_20,price_to_ma20,0.00364990524
volume_price_confirmation_20,price_to_ma60,-0.02902689597
volume_price_confirmation_20,volume_ratio_5,0.07584569546
volume_price_confirmation_20,volume_ratio_20,0.08375767655
volume_price_confirmation_20,amount_ratio_20,0.06861131685
volume_price_confirmation_20,volume_price_confirmation_20,1
volume_price_confirmation_20,up_down_volume_ratio_20,-0.03912121525
volume_price_confirmation_20,volatility_10,-0.05046541446
volume_price_confirmation_20,volatility_20,-0.04605917541
volume_price_confirmation_20,volatility_60,-0.07198938924
volume_price_confirmation_20,downside_volatility_20,-0.05993493153
volume_price_confirmation_20,downside_volatility_60,-0.06080902177
volume_price_confirmation_20,idiosyncratic_volatility_60,-0.06097331586
volume_price_confirmation_20,intraday_range_20,-0.03870994569
volume_price_confirmation_20,drawdown_20,0.0292871469
volume_price_confirmation_20,drawdown_63,-0.006071158677
volume_price_confirmation_20,recovery_from_low_20,-0.03399612791
volume_price_confirmation_20,recovery_from_low_63,0.0006587714077
volume_price_confirmation_20,amihud_20,-0.0387644595
volume_price_confirmation_20,amount_stability_20,-0.1226464771
volume_price_confirmation_20,residual_momentum_20,-0.1112680845
volume_price_confirmation_20,residual_momentum_60,-0.00429102308
up_down_volume_ratio_20,momentum_5,0.3724041137
up_down_volume_ratio_20,momentum_10,0.5173456199
up_down_volume_ratio_20,momentum_20,0.7239242879
up_down_volume_ratio_20,momentum_63,0.3458850126
up_down_volume_ratio_20,momentum_126,0.2417115956
up_down_volume_ratio_20,trend_efficiency_20,0.0293226132
up_down_volume_ratio_20,trend_efficiency_60,0.07280267649
up_down_volume_ratio_20,positive_day_ratio_20,0.8868802817
up_down_volume_ratio_20,positive_day_ratio_60,0.4468993218
up_down_volume_ratio_20,reversal_1,-0.1722761195
up_down_volume_ratio_20,reversal_3,-0.2921103077
up_down_volume_ratio_20,reversal_5,-0.3724041137
up_down_volume_ratio_20,distance_high_20,0.5148218096
up_down_volume_ratio_20,distance_high_60,0.4661945024
up_down_volume_ratio_20,distance_low_20,0.5838778637
up_down_volume_ratio_20,price_to_ma20,0.630171726
up_down_volume_ratio_20,price_to_ma60,0.561599347
up_down_volume_ratio_20,volume_ratio_5,0.01862119306
up_down_volume_ratio_20,volume_ratio_20,0.107320237
up_down_volume_ratio_20,amount_ratio_20,0.1784256538
up_down_volume_ratio_20,volume_price_confirmation_20,-0.03912121525
up_down_volume_ratio_20,up_down_volume_ratio_20,1
up_down_volume_ratio_20,volatility_10,-0.1667421003
up_down_volume_ratio_20,volatility_20,-0.1372583157
up_down_volume_ratio_20,volatility_60,-0.06176782854
up_down_volume_ratio_20,downside_volatility_20,0.05331100812
up_down_volume_ratio_20,downside_volatility_60,-0.007509673828
up_down_volume_ratio_20,idiosyncratic_volatility_60,-0.06695913837
up_down_volume_ratio_20,intraday_range_20,-0.1436866438
up_down_volume_ratio_20,drawdown_20,0.5148218096
up_down_volume_ratio_20,drawdown_63,0.4604947808
up_down_volume_ratio_20,recovery_from_low_20,0.5838778637
up_down_volume_ratio_20,recovery_from_low_63,0.4658589909
up_down_volume_ratio_20,amihud_20,0.03092907313
up_down_volume_ratio_20,amount_stability_20,-0.1599603024
up_down_volume_ratio_20,residual_momentum_20,0.7146184153
up_down_volume_ratio_20,residual_momentum_60,0.3537848741
volatility_10,momentum_5,-0.08636210609
volatility_10,momentum_10,-0.1813785515
volatility_10,momentum_20,-0.2051672006
volatility_10,momentum_63,-0.2379031201
volatility_10,momentum_126,-0.2301410419
volatility_10,trend_efficiency_20,-0.01047509088
volatility_10,trend_efficiency_60,-0.152550933
volatility_10,positive_day_ratio_20,-0.1214272676
volatility_10,positive_day_ratio_60,-0.1384431989
volatility_10,reversal_1,-0.003918570049
volatility_10,reversal_3,0.04434791821
volatility_10,reversal_5,0.08636210609
volatility_10,distance_high_20,0.204176477
volatility_10,distance_high_60,0.1428381262
volatility_10,distance_low_20,-0.4550549361
volatility_10,price_to_ma20,-0.1813360053
volatility_10,price_to_ma60,-0.2351359461
volatility_10,volume_ratio_5,0.06012473207
volatility_10,volume_ratio_20,-0.07686128073
volatility_10,amount_ratio_20,-0.08835336619
volatility_10,volume_price_confirmation_20,-0.05046541446
volatility_10,up_down_volume_ratio_20,-0.1667421003
volatility_10,volatility_10,1
volatility_10,volatility_20,0.8628598917
volatility_10,volatility_60,0.7562168253
volatility_10,downside_volatility_20,0.7179958609
volatility_10,downside_volatility_60,0.6679717967
volatility_10,idiosyncratic_volatility_60,0.7187812153
volatility_10,intraday_range_20,0.7995956334
volatility_10,drawdown_20,0.204176477
volatility_10,drawdown_63,0.140478002
volatility_10,recovery_from_low_20,-0.4550549361
volatility_10,recovery_from_low_63,-0.4939882234
volatility_10,amihud_20,0.1860091034
volatility_10,amount_stability_20,0.297347932
volatility_10,residual_momentum_20,-0.1733723974
volatility_10,residual_momentum_60,-0.1915900106
volatility_20,momentum_5,-0.04515989757
volatility_20,momentum_10,-0.09580378643
volatility_20,momentum_20,-0.1782778009
volatility_20,momentum_63,-0.2387304359
volatility_20,momentum_126,-0.235640756
volatility_20,trend_efficiency_20,0.01091319751
volatility_20,trend_efficiency_60,-0.1396204848
volatility_20,positive_day_ratio_20,-0.08858765685
volatility_20,positive_day_ratio_60,-0.1306405468
volatility_20,reversal_1,-0.01206105796
volatility_20,reversal_3,0.01892819577
volatility_20,reversal_5,0.04515989757
volatility_20,distance_high_20,0.3030666853
volatility_20,distance_high_60,0.211081746
volatility_20,distance_low_20,-0.4398211496
volatility_20,price_to_ma20,-0.1135974013
volatility_20,price_to_ma60,-0.2156703557
volatility_20,volume_ratio_5,0.04420063333
volatility_20,volume_ratio_20,0.044576294
volatility_20,amount_ratio_20,0.03660528489
volatility_20,volume_price_confirmation_20,-0.04605917541
volatility_20,up_down_volume_ratio_20,-0.1372583157
volatility_20,volatility_10,0.8628598917
volatility_20,volatility_20,1
volatility_20,volatility_60,0.8635776354
volatility_20,downside_volatility_20,0.8367525076
volatility_20,downside_volatility_60,0.7673763269
volatility_20,idiosyncratic_volatility_60,0.8141225573
volatility_20,intraday_range_20,0.904466601
volatility_20,drawdown_20,0.3030666853
volatility_20,drawdown_63,0.2082125264
volatility_20,recovery_from_low_20,-0.4398211496
volatility_20,recovery_from_low_63,-0.516718058
volatility_20,amihud_20,0.2008792585
volatility_20,amount_stability_20,0.3649184244
volatility_20,residual_momentum_20,-0.141700432
volatility_20,residual_momentum_60,-0.1833758274
volatility_60,momentum_5,-0.008656449858
volatility_60,momentum_10,-0.03274580212
volatility_60,momentum_20,-0.06074315993
volatility_60,momentum_63,-0.1950992664
volatility_60,momentum_126,-0.2208603671
volatility_60,trend_efficiency_20,-0.0229423142
volatility_60,trend_efficiency_60,-0.08512410838
volatility_60,positive_day_ratio_20,-0.03569193357
volatility_60,positive_day_ratio_60,-0.09281385602
volatility_60,reversal_1,-0.02008911081
volatility_60,reversal_3,-0.005406514105
volatility_60,reversal_5,0.008656449858
volatility_60,distance_high_20,0.331593512
volatility_60,distance_high_60,0.3404992595
volatility_60,distance_low_20,-0.3350715614
volatility_60,price_to_ma20,-0.03201925446
volatility_60,price_to_ma60,-0.1063251742
volatility_60,volume_ratio_5,0.02429290302
volatility_60,volume_ratio_20,0.04891911101
volatility_60,amount_ratio_20,0.05017389897
volatility_60,volume_price_confirmation_20,-0.07198938924
volatility_60,up_down_volume_ratio_20,-0.06176782854
volatility_60,volatility_10,0.7562168253
volatility_60,volatility_20,0.8635776354
volatility_60,volatility_60,1
volatility_60,downside_volatility_20,0.7831650877
volatility_60,downside_volatility_60,0.9081528844
volatility_60,idiosyncratic_volatility_60,0.9256995296
volatility_60,intraday_range_20,0.8697918851
volatility_60,drawdown_20,0.331593512
volatility_60,drawdown_63,0.3366562419
volatility_60,recovery_from_low_20,-0.3350715614
volatility_60,recovery_from_low_63,-0.4779087972
volatility_60,amihud_20,0.2094981698
volatility_60,amount_stability_20,0.210191909
volatility_60,residual_momentum_20,-0.02245221655
volatility_60,residual_momentum_60,-0.1283441608
downside_volatility_20,momentum_5,0.1278091578
downside_volatility_20,momentum_10,0.1514071324
downside_volatility_20,momentum_20,0.173903318
downside_volatility_20,momentum_63,-0.06929574725
downside_volatility_20,momentum_126,-0.1391635478
downside_volatility_20,trend_efficiency_20,0.04007179137
downside_volatility_20,trend_efficiency_60,-0.08943173546
downside_volatility_20,positive_day_ratio_20,-0.009034902898
downside_volatility_20,positive_day_ratio_60,-0.1094889156
downside_volatility_20,reversal_1,-0.07227717222
downside_volatility_20,reversal_3,-0.1088343472
downside_volatility_20,reversal_5,-0.1278091578
downside_volatility_20,distance_high_20,0.5276798476
downside_volatility_20,distance_high_60,0.433470001
downside_volatility_20,distance_low_20,-0.1356867303
downside_volatility_20,price_to_ma20,0.1874031699
downside_volatility_20,price_to_ma60,0.06483576575
downside_volatility_20,volume_ratio_5,0.04517518744
downside_volatility_20,volume_ratio_20,0.09366630904
downside_volatility_20,amount_ratio_20,0.117713688
downside_volatility_20,volume_price_confirmation_20,-0.05993493153
downside_volatility_20,up_down_volume_ratio_20,0.05331100812
downside_volatility_20,volatility_10,0.7179958609
downside_volatility_20,volatility_20,0.8367525076
downside_volatility_20,volatility_60,0.7831650877
downside_volatility_20,downside_volatility_20,1
downside_volatility_20,downside_volatility_60,0.8068162559
downside_volatility_20,idiosyncratic_volatility_60,0.7367317668
downside_volatility_20,intraday_range_20,0.7815316292
downside_volatility_20,drawdown_20,0.5276798476
downside_volatility_20,drawdown_63,0.427470824
downside_volatility_20,recovery_from_low_20,-0.1356867303
downside_volatility_20,recovery_from_low_63,-0.2585392462
downside_volatility_20,amihud_20,0.2078319921
downside_volatility_20,amount_stability_20,0.2028244134
downside_volatility_20,residual_momentum_20,0.2050079615
downside_volatility_20,residual_momentum_60,-0.007522121138
downside_volatility_60,momentum_5,0.05478037687
downside_volatility_60,momentum_10,0.06128585802
downside_volatility_60,momentum_20,0.07350610054
downside_volatility_60,momentum_63,0.0184639965
downside_volatility_60,momentum_126,-0.1011417186
downside_volatility_60,trend_efficiency_20,0.01149712626
downside_volatility_60,trend_efficiency_60,-0.04167383025
downside_volatility_60,positive_day_ratio_20,-0.02266981611
downside_volatility_60,positive_day_ratio_60,-0.08007369676
downside_volatility_60,reversal_1,-0.04080862391
downside_volatility_60,reversal_3,-0.05194325034
downside_volatility_60,reversal_5,-0.05478037687
downside_volatility_60,distance_high_20,0.3890153087
downside_volatility_60,distance_high_60,0.4847630224
downside_volatility_60,distance_low_20,-0.209699313
downside_volatility_60,price_to_ma20,0.0823763016
downside_volatility_60,price_to_ma60,0.08892982569
downside_volatility_60,volume_ratio_5,0.02398710085
downside_volatility_60,volume_ratio_20,0.0579539364
downside_volatility_60,amount_ratio_20,0.07215914963
downside_volatility_60,volume_price_confirmation_20,-0.06080902177
downside_volatility_60,up_down_volume_ratio_20,-0.007509673828
downside_volatility_60,volatility_10,0.6679717967
downside_volatility_60,volatility_20,0.7673763269
downside_volatility_60,volatility_60,0.9081528844
downside_volatility_60,downside_volatility_20,0.8068162559
downside_volatility_60,downside_volatility_60,1
downside_volatility_60,idiosyncratic_volatility_60,0.824996935
downside_volatility_60,intraday_range_20,0.7678959607
downside_volatility_60,drawdown_20,0.3890153087
downside_volatility_60,drawdown_63,0.4856313949
downside_volatility_60,recovery_from_low_20,-0.209699313
downside_volatility_60,recovery_from_low_63,-0.2828331715
downside_volatility_60,amihud_20,0.2341292487
downside_volatility_60,amount_stability_20,0.142249582
downside_volatility_60,residual_momentum_20,0.1107721048
downside_volatility_60,residual_momentum_60,0.08996046422
idiosyncratic_volatility_60,momentum_5,-0.01014267781
idiosyncratic_volatility_60,momentum_10,-0.03943423059
idiosyncratic_volatility_60,momentum_20,-0.08028871159
idiosyncratic_volatility_60,momentum_63,-0.2669888966
idiosyncratic_volatility_60,momentum_126,-0.3077236746
idiosyncratic_volatility_60,trend_efficiency_20,-0.02861343941
idiosyncratic_volatility_60,trend_efficiency_60,-0.08534075098
idiosyncratic_volatility_60,positive_day_ratio_20,-0.0561563945
idiosyncratic_volatility_60,positive_day_ratio_60,-0.1515234402
idiosyncratic_volatility_60,reversal_1,-0.02020862047
idiosyncratic_volatility_60,reversal_3,-0.004994912589
idiosyncratic_volatility_60,reversal_5,0.01014267781
idiosyncratic_volatility_60,distance_high_20,0.2977404611
idiosyncratic_volatility_60,distance_high_60,0.2597725075
idiosyncratic_volatility_60,distance_low_20,-0.3339881392
idiosyncratic_volatility_60,price_to_ma20,-0.04261378526
idiosyncratic_volatility_60,price_to_ma60,-0.154121077
idiosyncratic_volatility_60,volume_ratio_5,0.02584254462
idiosyncratic_volatility_60,volume_ratio_20,0.04842021411
idiosyncratic_volatility_60,amount_ratio_20,0.04713159779
idiosyncratic_volatility_60,volume_price_confirmation_20,-0.06097331586
idiosyncratic_volatility_60,up_down_volume_ratio_20,-0.06695913837
idiosyncratic_volatility_60,volatility_10,0.7187812153
idiosyncratic_volatility_60,volatility_20,0.8141225573
idiosyncratic_volatility_60,volatility_60,0.9256995296
idiosyncratic_volatility_60,downside_volatility_20,0.7367317668
idiosyncratic_volatility_60,downside_volatility_60,0.824996935
idiosyncratic_volatility_60,idiosyncratic_volatility_60,1
idiosyncratic_volatility_60,intraday_range_20,0.8522438262
idiosyncratic_volatility_60,drawdown_20,0.2977404611
idiosyncratic_volatility_60,drawdown_63,0.2531795073
idiosyncratic_volatility_60,recovery_from_low_20,-0.3339881392
idiosyncratic_volatility_60,recovery_from_low_63,-0.4929814164
idiosyncratic_volatility_60,amihud_20,0.2204843277
idiosyncratic_volatility_60,amount_stability_20,0.1937882191
idiosyncratic_volatility_60,residual_momentum_20,-0.0606688679
idiosyncratic_volatility_60,residual_momentum_60,-0.2166215024
intraday_range_20,momentum_5,-0.02501449494
intraday_range_20,momentum_10,-0.07525874984
intraday_range_20,momentum_20,-0.1660864222
intraday_range_20,momentum_63,-0.2641010841
intraday_range_20,momentum_126,-0.2771229617
intraday_range_20,trend_efficiency_20,-0.02415507107
intraday_range_20,trend_efficiency_60,-0.1520934033
intraday_range_20,positive_day_ratio_20,-0.1145208246
intraday_range_20,positive_day_ratio_60,-0.1636467885
intraday_range_20,reversal_1,-0.02001662115
intraday_range_20,reversal_3,0.002978635581
intraday_range_20,reversal_5,0.02501449494
intraday_range_20,distance_high_20,0.2873950639
intraday_range_20,distance_high_60,0.1984738458
intraday_range_20,distance_low_20,-0.4101133924
intraday_range_20,price_to_ma20,-0.0955378834
intraday_range_20,price_to_ma60,-0.2225127714
intraday_range_20,volume_ratio_5,0.03814893029
intraday_range_20,volume_ratio_20,0.04250216181
intraday_range_20,amount_ratio_20,0.0358297927
intraday_range_20,volume_price_confirmation_20,-0.03870994569
intraday_range_20,up_down_volume_ratio_20,-0.1436866438
intraday_range_20,volatility_10,0.7995956334
intraday_range_20,volatility_20,0.904466601
intraday_range_20,volatility_60,0.8697918851
intraday_range_20,downside_volatility_20,0.7815316292
intraday_range_20,downside_volatility_60,0.7678959607
intraday_range_20,idiosyncratic_volatility_60,0.8522438262
intraday_range_20,intraday_range_20,1
intraday_range_20,drawdown_20,0.2873950639
intraday_range_20,drawdown_63,0.1951228903
intraday_range_20,recovery_from_low_20,-0.4101133924
intraday_range_20,recovery_from_low_63,-0.538904634
intraday_range_20,amihud_20,0.2513649762
intraday_range_20,amount_stability_20,0.2428373319
intraday_range_20,residual_momentum_20,-0.1314434083
intraday_range_20,residual_momentum_60,-0.2096374687
drawdown_20,momentum_5,0.6060946518
drawdown_20,momentum_10,0.6821782754
drawdown_20,momentum_20,0.6167207174
drawdown_20,momentum_63,0.2222303425
drawdown_20,momentum_126,0.1289472877
drawdown_20,trend_efficiency_20,-0.03333782853
drawdown_20,trend_efficiency_60,0.01287140609
drawdown_20,positive_day_ratio_20,0.430239636
drawdown_20,positive_day_ratio_60,0.1745865141
drawdown_20,reversal_1,-0.3541418753
drawdown_20,reversal_3,-0.5272088337
drawdown_20,reversal_5,-0.6060946518
drawdown_20,distance_high_20,1
drawdown_20,distance_high_60,0.7022660309
drawdown_20,distance_low_20,0.4725541727
drawdown_20,price_to_ma20,0.7719340756
drawdown_20,price_to_ma60,0.4838177028
drawdown_20,volume_ratio_5,0.1343933721
drawdown_20,volume_ratio_20,0.2776617977
drawdown_20,amount_ratio_20,0.3604027061
drawdown_20,volume_price_confirmation_20,0.0292871469
drawdown_20,up_down_volume_ratio_20,0.5148218096
drawdown_20,volatility_10,0.204176477
drawdown_20,volatility_20,0.3030666853
drawdown_20,volatility_60,0.331593512
drawdown_20,downside_volatility_20,0.5276798476
drawdown_20,downside_volatility_60,0.3890153087
drawdown_20,idiosyncratic_volatility_60,0.2977404611
drawdown_20,intraday_range_20,0.2873950639
drawdown_20,drawdown_20,1
drawdown_20,drawdown_63,0.6907458132
drawdown_20,recovery_from_low_20,0.4725541727
drawdown_20,recovery_from_low_63,0.250024791
drawdown_20,amihud_20,0.1099767654
drawdown_20,amount_stability_20,0.04215919263
drawdown_20,residual_momentum_20,0.6243320758
drawdown_20,residual_momentum_60,0.2646697729
drawdown_63,momentum_5,0.4188054081
drawdown_63,momentum_10,0.5163007493
drawdown_63,momentum_20,0.6172106141
drawdown_63,momentum_63,0.566445493
drawdown_63,momentum_126,0.3266531971
drawdown_63,trend_efficiency_20,0.07332070068
drawdown_63,trend_efficiency_60,0.000540014037
drawdown_63,positive_day_ratio_20,0.3900552967
drawdown_63,positive_day_ratio_60,0.3605534564
drawdown_63,reversal_1,-0.2214869687
drawdown_63,reversal_3,-0.3504818484
drawdown_63,reversal_5,-0.4188054081
drawdown_63,distance_high_20,0.6907458132
drawdown_63,distance_high_60,0.993045788
drawdown_63,distance_low_20,0.4069349404
drawdown_63,price_to_ma20,0.612358014
drawdown_63,price_to_ma60,0.7385143022
drawdown_63,volume_ratio_5,0.05940462867
drawdown_63,volume_ratio_20,0.1497414703
drawdown_63,amount_ratio_20,0.2211512657
drawdown_63,volume_price_confirmation_20,-0.006071158677
drawdown_63,up_down_volume_ratio_20,0.4604947808
drawdown_63,volatility_10,0.140478002
drawdown_63,volatility_20,0.2082125264
drawdown_63,volatility_60,0.3366562419
drawdown_63,downside_volatility_20,0.427470824
drawdown_63,downside_volatility_60,0.4856313949
drawdown_63,idiosyncratic_volatility_60,0.2531795073
drawdown_63,intraday_range_20,0.1951228903
drawdown_63,drawdown_20,0.6907458132
drawdown_63,drawdown_63,1
drawdown_63,recovery_from_low_20,0.4069349404
drawdown_63,recovery_from_low_63,0.3923288159
drawdown_63,amihud_20,0.1623298466
drawdown_63,amount_stability_20,-0.05621111154
drawdown_63,residual_momentum_20,0.6276571512
drawdown_63,residual_momentum_60,0.6087013942
recovery_from_low_20,momentum_5,0.6000231623
recovery_from_low_20,momentum_10,0.734329425
recovery_from_low_20,momentum_20,0.7413791302
recovery_from_low_20,momentum_63,0.4358464519
recovery_from_low_20,momentum_126,0.3392795551
recovery_from_low_20,trend_efficiency_20,0.1194523855
recovery_from_low_20,trend_efficiency_60,0.164311438
recovery_from_low_20,positive_day_ratio_20,0.4892588179
recovery_from_low_20,positive_day_ratio_60,0.2869531208
recovery_from_low_20,reversal_1,-0.3066973636
recovery_from_low_20,reversal_3,-0.4983721734
recovery_from_low_20,reversal_5,-0.6000231623
recovery_from_low_20,distance_high_20,0.4725541727
recovery_from_low_20,distance_high_60,0.4113984283
recovery_from_low_20,distance_low_20,1
recovery_from_low_20,price_to_ma20,0.8312243458
recovery_from_low_20,price_to_ma60,0.6608021746
recovery_from_low_20,volume_ratio_5,0.02619380662
recovery_from_low_20,volume_ratio_20,0.1824449499
recovery_from_low_20,amount_ratio_20,0.2695861979
recovery_from_low_20,volume_price_confirmation_20,-0.03399612791
recovery_from_low_20,up_down_volume_ratio_20,0.5838778637
recovery_from_low_20,volatility_10,-0.4550549361
recovery_from_low_20,volatility_20,-0.4398211496
recovery_from_low_20,volatility_60,-0.3350715614
recovery_from_low_20,downside_volatility_20,-0.1356867303
recovery_from_low_20,downside_volatility_60,-0.209699313
recovery_from_low_20,idiosyncratic_volatility_60,-0.3339881392
recovery_from_low_20,intraday_range_20,-0.4101133924
recovery_from_low_20,drawdown_20,0.4725541727
recovery_from_low_20,drawdown_63,0.4069349404
recovery_from_low_20,recovery_from_low_20,1
recovery_from_low_20,recovery_from_low_63,0.7230901064
recovery_from_low_20,amihud_20,-0.02866473178
recovery_from_low_20,amount_stability_20,-0.2342867876
recovery_from_low_20,residual_momentum_20,0.7050527915
recovery_from_low_20,residual_momentum_60,0.4167897816
recovery_from_low_63,momentum_5,0.3658835059
recovery_from_low_63,momentum_10,0.4909363972
recovery_from_low_63,momentum_20,0.6242499163
recovery_from_low_63,momentum_63,0.7331029928
recovery_from_low_63,momentum_126,0.5490261769
recovery_from_low_63,trend_efficiency_20,0.04205200979
recovery_from_low_63,trend_efficiency_60,0.2298581252
recovery_from_low_63,positive_day_ratio_20,0.4018880069
recovery_from_low_63,positive_day_ratio_60,0.4400940929
recovery_from_low_63,reversal_1,-0.1695078643
recovery_from_low_63,reversal_3,-0.2920682663
recovery_from_low_63,reversal_5,-0.3658835059
recovery_from_low_63,distance_high_20,0.250024791
recovery_from_low_63,distance_high_60,0.3888800767
recovery_from_low_63,distance_low_20,0.7230901064
recovery_from_low_63,price_to_ma20,0.5767761256
recovery_from_low_63,price_to_ma60,0.7931924583
recovery_from_low_63,volume_ratio_5,-0.0002194949053
recovery_from_low_63,volume_ratio_20,0.04618547538
recovery_from_low_63,amount_ratio_20,0.1119670387
recovery_from_low_63,volume_price_confirmation_20,0.0006587714077
recovery_from_low_63,up_down_volume_ratio_20,0.4658589909
recovery_from_low_63,volatility_10,-0.4939882234
recovery_from_low_63,volatility_20,-0.516718058
recovery_from_low_63,volatility_60,-0.4779087972
recovery_from_low_63,downside_volatility_20,-0.2585392462
recovery_from_low_63,downside_volatility_60,-0.2828331715
recovery_from_low_63,idiosyncratic_volatility_60,-0.4929814164
recovery_from_low_63,intraday_range_20,-0.538904634
recovery_from_low_63,drawdown_20,0.250024791
recovery_from_low_63,drawdown_63,0.3923288159
recovery_from_low_63,recovery_from_low_20,0.7230901064
recovery_from_low_63,recovery_from_low_63,1
recovery_from_low_63,amihud_20,0.03775551766
recovery_from_low_63,amount_stability_20,-0.1940185533
recovery_from_low_63,residual_momentum_20,0.5879381468
recovery_from_low_63,residual_momentum_60,0.6897219836
amihud_20,momentum_5,0.02309215286
amihud_20,momentum_10,0.03251881769
amihud_20,momentum_20,0.07221424618
amihud_20,momentum_63,0.1423067535
amihud_20,momentum_126,0.1743790417
amihud_20,trend_efficiency_20,0.02165574927
amihud_20,trend_efficiency_60,0.03811240188
amihud_20,positive_day_ratio_20,0.03393954565
amihud_20,positive_day_ratio_60,0.06279679792
amihud_20,reversal_1,-0.01495120253
amihud_20,reversal_3,-0.019948542
amihud_20,reversal_5,-0.02309215286
amihud_20,distance_high_20,0.1099767654
amihud_20,distance_high_60,0.1598573541
amihud_20,distance_low_20,-0.02866473178
amihud_20,price_to_ma20,0.04769626616
amihud_20,price_to_ma60,0.1255093596
amihud_20,volume_ratio_5,-0.005087149468
amihud_20,volume_ratio_20,-0.01106404546
amihud_20,amount_ratio_20,0.0006140099934
amihud_20,volume_price_confirmation_20,-0.0387644595
amihud_20,up_down_volume_ratio_20,0.03092907313
amihud_20,volatility_10,0.1860091034
amihud_20,volatility_20,0.2008792585
amihud_20,volatility_60,0.2094981698
amihud_20,downside_volatility_20,0.2078319921
amihud_20,downside_volatility_60,0.2341292487
amihud_20,idiosyncratic_volatility_60,0.2204843277
amihud_20,intraday_range_20,0.2513649762
amihud_20,drawdown_20,0.1099767654
amihud_20,drawdown_63,0.1623298466
amihud_20,recovery_from_low_20,-0.02866473178
amihud_20,recovery_from_low_63,0.03775551766
amihud_20,amihud_20,1
amihud_20,amount_stability_20,0.08894712609
amihud_20,residual_momentum_20,0.07702452484
amihud_20,residual_momentum_60,0.1382633899
amount_stability_20,momentum_5,-0.08783295962
amount_stability_20,momentum_10,-0.137050759
amount_stability_20,momentum_20,-0.2050158968
amount_stability_20,momentum_63,-0.1017459949
amount_stability_20,momentum_126,-0.04395149994
amount_stability_20,trend_efficiency_20,-0.03968336876
amount_stability_20,trend_efficiency_60,0.008230199481
amount_stability_20,positive_day_ratio_20,-0.03553784693
amount_stability_20,positive_day_ratio_60,0.001227980727
amount_stability_20,reversal_1,0.01661578631
amount_stability_20,reversal_3,0.05779016428
amount_stability_20,reversal_5,0.08783295962
amount_stability_20,distance_high_20,0.04215919263
amount_stability_20,distance_high_60,-0.05773719344
amount_stability_20,distance_low_20,-0.2342867876
amount_stability_20,price_to_ma20,-0.159005004
amount_stability_20,price_to_ma60,-0.1763320089
amount_stability_20,volume_ratio_5,0.04301281257
amount_stability_20,volume_ratio_20,0.03363373914
amount_stability_20,amount_ratio_20,0.0226732079
amount_stability_20,volume_price_confirmation_20,-0.1226464771
amount_stability_20,up_down_volume_ratio_20,-0.1599603024
amount_stability_20,volatility_10,0.297347932
amount_stability_20,volatility_20,0.3649184244
amount_stability_20,volatility_60,0.210191909
amount_stability_20,downside_volatility_20,0.2028244134
amount_stability_20,downside_volatility_60,0.142249582
amount_stability_20,idiosyncratic_volatility_60,0.1937882191
amount_stability_20,intraday_range_20,0.2428373319
amount_stability_20,drawdown_20,0.04215919263
amount_stability_20,drawdown_63,-0.05621111154
amount_stability_20,recovery_from_low_20,-0.2342867876
amount_stability_20,recovery_from_low_63,-0.1940185533
amount_stability_20,amihud_20,0.08894712609
amount_stability_20,amount_stability_20,1
amount_stability_20,residual_momentum_20,-0.1943443645
amount_stability_20,residual_momentum_60,-0.08673220786
residual_momentum_20,momentum_5,0.4291726795
residual_momentum_20,momentum_10,0.6320658014
residual_momentum_20,momentum_20,0.9513962464
residual_momentum_20,momentum_63,0.4910544546
residual_momentum_20,momentum_126,0.3531396113
residual_momentum_20,trend_efficiency_20,0.06606521882
residual_momentum_20,trend_efficiency_60,0.1518945516
residual_momentum_20,positive_day_ratio_20,0.5930486122
residual_momentum_20,positive_day_ratio_60,0.316142244
residual_momentum_20,reversal_1,-0.1723558573
residual_momentum_20,reversal_3,-0.3218599075
residual_momentum_20,reversal_5,-0.4291726795
residual_momentum_20,distance_high_20,0.6243320758
residual_momentum_20,distance_high_60,0.6327139753
residual_momentum_20,distance_low_20,0.7050527915
residual_momentum_20,price_to_ma20,0.7901192154
residual_momentum_20,price_to_ma60,0.7660068368
residual_momentum_20,volume_ratio_5,0.01234340016
residual_momentum_20,volume_ratio_20,0.1336136999
residual_momentum_20,amount_ratio_20,0.2232638777
residual_momentum_20,volume_price_confirmation_20,-0.1112680845
residual_momentum_20,up_down_volume_ratio_20,0.7146184153
residual_momentum_20,volatility_10,-0.1733723974
residual_momentum_20,volatility_20,-0.141700432
residual_momentum_20,volatility_60,-0.02245221655
residual_momentum_20,downside_volatility_20,0.2050079615
residual_momentum_20,downside_volatility_60,0.1107721048
residual_momentum_20,idiosyncratic_volatility_60,-0.0606688679
residual_momentum_20,intraday_range_20,-0.1314434083
residual_momentum_20,drawdown_20,0.6243320758
residual_momentum_20,drawdown_63,0.6276571512
residual_momentum_20,recovery_from_low_20,0.7050527915
residual_momentum_20,recovery_from_low_63,0.5879381468
residual_momentum_20,amihud_20,0.07702452484
residual_momentum_20,amount_stability_20,-0.1943443645
residual_momentum_20,residual_momentum_20,1
residual_momentum_20,residual_momentum_60,0.5364876962
residual_momentum_60,momentum_5,0.2318852635
residual_momentum_60,momentum_10,0.3388391937
residual_momentum_60,momentum_20,0.497242266
residual_momentum_60,momentum_63,0.9136210699
residual_momentum_60,momentum_126,0.6215250134
residual_momentum_60,trend_efficiency_20,0.06902702532
residual_momentum_60,trend_efficiency_60,0.1804589223
residual_momentum_60,positive_day_ratio_20,0.3247958803
residual_momentum_60,positive_day_ratio_60,0.5537506534
residual_momentum_60,reversal_1,-0.1012904773
residual_momentum_60,reversal_3,-0.1791777266
residual_momentum_60,reversal_5,-0.2318852635
residual_momentum_60,distance_high_20,0.2646697729
residual_momentum_60,distance_high_60,0.5902211434
residual_momentum_60,distance_low_20,0.4167897816
residual_momentum_60,price_to_ma20,0.4163403828
residual_momentum_60,price_to_ma60,0.7870606857
residual_momentum_60,volume_ratio_5,0.005510030497
residual_momentum_60,volume_ratio_20,0.02956065493
residual_momentum_60,amount_ratio_20,0.08099345708
residual_momentum_60,volume_price_confirmation_20,-0.00429102308
residual_momentum_60,up_down_volume_ratio_20,0.3537848741
residual_momentum_60,volatility_10,-0.1915900106
residual_momentum_60,volatility_20,-0.1833758274
residual_momentum_60,volatility_60,-0.1283441608
residual_momentum_60,downside_volatility_20,-0.007522121138
residual_momentum_60,downside_volatility_60,0.08996046422
residual_momentum_60,idiosyncratic_volatility_60,-0.2166215024
residual_momentum_60,intraday_range_20,-0.2096374687
residual_momentum_60,drawdown_20,0.2646697729
residual_momentum_60,drawdown_63,0.6087013942
residual_momentum_60,recovery_from_low_20,0.4167897816
residual_momentum_60,recovery_from_low_63,0.6897219836
residual_momentum_60,amihud_20,0.1382633899
residual_momentum_60,amount_stability_20,-0.08673220786
residual_momentum_60,residual_momentum_20,0.5364876962
residual_momentum_60,residual_momentum_60,1
