ranking_id,feature_family,window,variant_id,cost_bps,total_return,benchmark_return,relative_excess,max_drawdown,turnover,positive_excess_windows,precision_at_k,portfolio_benchmark_hit_rate,maximum_name_absolute_contribution_share,maximum_sector_absolute_contribution_share,top_contributor_name,top_contributor_sector
r0_cn_x1_0_raw_return_rank,current_cn_ohlcv,2026H1,global_top3,20,0.4818870687,-0.007339159856,0.4928432842,-0.304468426,10.33333333,1,0.5555555556,0.6666666667,0.211656066,0.6445148117,688521,Technology
r0_cn_x1_0_raw_return_rank,current_cn_ohlcv,2026H2_PARTIAL,global_top3,20,-0.270173539,-0.05456349508,-0.2280534365,-0.1858778821,2,0,0.3333333333,0,0.2742122111,0.9389109715,301308,Technology
r0_cn_x1_0_raw_return_rank,current_cn_ohlcv,2026H1,global_top5,20,0.3926906855,-0.007339159856,0.4029874346,-0.27439563,9.8,1,0.5833333333,0.75,0.1355793048,0.4440644358,688521,Technology
r0_cn_x1_0_raw_return_rank,current_cn_ohlcv,2026H2_PARTIAL,global_top5,20,-0.2732276458,-0.05456349508,-0.2312838034,-0.1989180545,2,0,0.3,0,0.1666043434,0.9060351384,002222,Technology
r0_cn_x1_0_raw_return_rank,current_cn_ohlcv,2026H1,global_top8,20,0.260227605,-0.007339159856,0.2695449987,-0.2589074263,9.25,1,0.5625,0.75,0.1556651921,0.5783908461,603629,Technology
r0_cn_x1_0_raw_return_rank,current_cn_ohlcv,2026H2_PARTIAL,global_top8,20,-0.2862016051,-0.05456349508,-0.2450065221,-0.2037128017,1.75,0,0.3125,0,0.1893088346,0.9006490316,688525,Technology
r0_cn_x1_0_raw_return_rank,current_cn_ohlcv,2026H1,global_top10,20,0.3510482415,-0.007339159856,0.3610371104,-0.187341989,9.2,1,0.575,0.75,0.1242997779,0.6151869571,603629,Technology
r0_cn_x1_0_raw_return_rank,current_cn_ohlcv,2026H2_PARTIAL,global_top10,20,-0.2758903216,-0.05456349508,-0.2341001488,-0.1966854234,1.8,0,0.3,0,0.1611288026,0.8525171597,688525,Technology
r0_cn_x1_0_raw_return_rank,current_cn_ohlcv,2026H1,global_top15,20,0.2675149233,-0.007339159856,0.2768861952,-0.1538832426,7.933333333,1,0.5388888889,0.8333333333,0.1364831389,0.7796638233,603629,Technology
r0_cn_x1_0_raw_return_rank,current_cn_ohlcv,2026H2_PARTIAL,global_top15,20,-0.2345807804,-0.05456349508,-0.1904065312,-0.1647868678,1.8,0,0.3333333333,0,0.1113054981,0.6504231558,688525,Technology
r0_cn_x1_0_raw_return_rank,current_cn_ohlcv,2026H1,global_top5_sector_cap1,20,0.05491986702,-0.007339159856,0.06271933409,-0.2920320539,9.8,1,0.4666666667,0.5833333333,0.20390803,0.524776132,603629,Technology
r0_cn_x1_0_raw_return_rank,current_cn_ohlcv,2026H2_PARTIAL,global_top5_sector_cap1,20,-0.06767377301,-0.05456349508,-0.01386690472,-0.07319512444,2,0,0.5,0.5,0.2155507009,0.2941625619,600184,Technology
r0_cn_x1_0_raw_return_rank,current_cn_ohlcv,2026H1,global_top5_sector_cap2,20,0.2139721359,-0.007339159856,0.2229475434,-0.3442946378,10.4,1,0.5166666667,0.75,0.136713207,0.6378118494,603629,Technology
r0_cn_x1_0_raw_return_rank,current_cn_ohlcv,2026H2_PARTIAL,global_top5_sector_cap2,20,-0.1316443733,-0.05456349508,-0.08152940761,-0.1073566464,2,0,0.5,0,0.2373259904,0.7643304723,301308,Technology
r0_cn_x1_0_raw_return_rank,current_cn_ohlcv,2026H1,sector_3x1,20,0.4877309944,-0.007339159856,0.4987304165,-0.3433080776,10.66666667,1,0.6388888889,0.6666666667,0.2711916777,0.8204620796,603629,Technology
r0_cn_x1_0_raw_return_rank,current_cn_ohlcv,2026H2_PARTIAL,sector_3x1,20,-0.07702345488,-0.05456349508,-0.02375618001,-0.08165811759,2,0,0.5,0.5,0.3177918363,0.5495091414,600184,Technology
r0_cn_x1_0_raw_return_rank,current_cn_ohlcv,2026H1,sector_4x1,20,0.1915053391,-0.007339159856,0.2003146401,-0.3398457796,10.25,1,0.5416666667,0.5833333333,0.2325518642,0.6574217636,603629,Technology
r0_cn_x1_0_raw_return_rank,current_cn_ohlcv,2026H2_PARTIAL,sector_4x1,20,-0.04703939694,-0.05456349508,0.007958332584,-0.06473570757,2,1,0.625,0.5,0.2750506116,0.4569151218,600184,Technology
r0_cn_x1_0_raw_return_rank,current_cn_ohlcv,2026H1,sector_5x1,20,0.07721547897,-0.007339159856,0.0851797869,-0.3073338239,10.2,1,0.5166666667,0.5833333333,0.2163474243,0.566302709,603629,Technology
r0_cn_x1_0_raw_return_rank,current_cn_ohlcv,2026H2_PARTIAL,sector_5x1,20,-0.0407893123,-0.05456349508,0.01456912517,-0.07319512444,2,1,0.6,0.5,0.2004538588,0.2617078979,600184,Technology
r0_cn_x1_0_raw_return_rank,current_cn_ohlcv,2026H1,sector_3x2,20,0.3316269801,-0.007339159856,0.3414722595,-0.311482038,9.833333333,1,0.5972222222,0.75,0.1411932558,0.7043037213,603629,Technology
r0_cn_x1_0_raw_return_rank,current_cn_ohlcv,2026H2_PARTIAL,sector_3x2,20,-0.1778347592,-0.05456349508,-0.1303855557,-0.1025702126,1.833333333,0,0.4166666667,0,0.3268269044,0.5734110296,600184,Technology
r2_industry_relative_rank,current_cn_ohlcv,2026H1,global_top3,20,0.4186471659,-0.007339159856,0.4291358221,-0.2767269853,10,1,0.5555555556,0.75,0.1923878305,0.6979009101,688521,Technology
r2_industry_relative_rank,current_cn_ohlcv,2026H2_PARTIAL,global_top3,20,-0.1324592816,-0.05456349508,-0.08239134632,-0.05726106737,2,0,0.5,0,0.3572352599,0.6009942643,603629,Technology
r2_industry_relative_rank,current_cn_ohlcv,2026H1,global_top5,20,0.3129190834,-0.007339159856,0.3226260474,-0.2551046902,9.6,1,0.5333333333,0.75,0.1437002147,0.8214656612,688521,Technology
r2_industry_relative_rank,current_cn_ohlcv,2026H2_PARTIAL,global_top5,20,-0.1679444365,-0.05456349508,-0.1199244379,-0.08364862705,1.8,0,0.5,0,0.3252086792,0.835354262,301666,Technology
r2_industry_relative_rank,current_cn_ohlcv,2026H1,global_top8,20,0.2863706302,-0.007339159856,0.2958813103,-0.2564117543,9,1,0.5104166667,0.8333333333,0.1958240495,0.8322487635,603629,Technology
r2_industry_relative_rank,current_cn_ohlcv,2026H2_PARTIAL,global_top8,20,-0.1946834777,-0.05456349508,-0.1482066557,-0.1291587392,1.75,0,0.4375,0,0.2545602439,0.8894067221,688525,Technology
r2_industry_relative_rank,current_cn_ohlcv,2026H1,global_top10,20,0.3160236197,-0.007339159856,0.3257535368,-0.188329343,8.6,1,0.5083333333,0.8333333333,0.1740258981,0.7333135466,603629,Technology
r2_industry_relative_rank,current_cn_ohlcv,2026H2_PARTIAL,global_top10,20,-0.2234547573,-0.05456349508,-0.1786383975,-0.1338426274,1.8,0,0.4,0,0.190190027,0.9129677103,688525,Technology
r2_industry_relative_rank,current_cn_ohlcv,2026H1,global_top15,20,0.3555865513,-0.007339159856,0.3656089738,-0.1433210537,7.066666667,1,0.5111111111,0.9166666667,0.1187830065,0.5728734673,603629,Technology
r2_industry_relative_rank,current_cn_ohlcv,2026H2_PARTIAL,global_top15,20,-0.2396202846,-0.05456349508,-0.1957368777,-0.1557864613,1.666666667,0,0.3,0,0.1163674724,0.85063743,688525,Technology
r2_industry_relative_rank,current_cn_ohlcv,2026H1,global_top5_sector_cap1,20,-0.05165120644,-0.007339159856,-0.04463966422,-0.3625086802,9.2,0,0.4333333333,0.6666666667,0.1209538113,0.4268088708,603629,Technology
r2_industry_relative_rank,current_cn_ohlcv,2026H2_PARTIAL,global_top5_sector_cap1,20,-0.05294833702,-0.05456349508,0.001708372855,-0.0585568943,2,1,0.6,0.5,0.2404439744,0.2679192444,600184,Technology
r2_industry_relative_rank,current_cn_ohlcv,2026H1,global_top5_sector_cap2,20,0.1150310756,-0.007339159856,0.1232749702,-0.3381610802,9.8,1,0.5333333333,0.75,0.1373442373,0.6688222106,688521,Technology
r2_industry_relative_rank,current_cn_ohlcv,2026H2_PARTIAL,global_top5_sector_cap2,20,-0.09550906156,-0.05456349508,-0.04330863708,-0.08364862705,1.8,0,0.6,0.5,0.3816958452,0.6762334429,301666,Technology
r2_industry_relative_rank,current_cn_ohlcv,2026H1,sector_3x1,20,0.1114067742,-0.007339159856,0.1196238728,-0.4049316232,10,1,0.4444444444,0.6666666667,0.1704947917,0.6876513449,603629,Technology
r2_industry_relative_rank,current_cn_ohlcv,2026H2_PARTIAL,sector_3x1,20,-0.05250327829,-0.05456349508,0.002179117035,-0.05726106737,2,1,0.6666666667,0.5,0.3750364907,0.4645128328,600184,Technology
r2_industry_relative_rank,current_cn_ohlcv,2026H1,sector_4x1,20,0.05206523727,-0.007339159856,0.05984359886,-0.3852807761,9.25,1,0.4375,0.6666666667,0.1443029234,0.560489123,603629,Technology
r2_industry_relative_rank,current_cn_ohlcv,2026H2_PARTIAL,sector_4x1,20,-0.05210169383,-0.05456349508,0.002603877929,-0.0697039985,2,1,0.625,0.5,0.2655260105,0.2873848163,600184,Technology
r2_industry_relative_rank,current_cn_ohlcv,2026H1,sector_5x1,20,-0.04156313091,-0.007339159856,-0.03447700329,-0.3622210478,9,0,0.4333333333,0.5833333333,0.1219008706,0.4455767644,603629,Technology
r2_industry_relative_rank,current_cn_ohlcv,2026H2_PARTIAL,sector_5x1,20,-0.05294833702,-0.05456349508,0.001708372855,-0.0585568943,2,1,0.6,0.5,0.2404439744,0.2679192444,600184,Technology
r2_industry_relative_rank,current_cn_ohlcv,2026H1,sector_3x2,20,0.04108320171,-0.007339159856,0.04878036849,-0.3329811788,9,1,0.5,0.6666666667,0.1369108974,0.6162584992,688521,Technology
r2_industry_relative_rank,current_cn_ohlcv,2026H2_PARTIAL,sector_3x2,20,-0.09804616191,-0.05456349508,-0.04599215981,-0.07313784265,1.833333333,0,0.5833333333,0,0.342028631,0.5965695452,301666,Technology
r2_industry_relative_rank,momentum_reversal,2026H1,global_top3,20,0.1854192512,-0.007339159856,0.1941835552,-0.1812995177,10,1,0.5,0.6666666667,0.1000961032,0.4655573827,688521,Industrials
r2_industry_relative_rank,momentum_reversal,2026H2_PARTIAL,global_top3,20,-0.3185993851,-0.05456349508,-0.2792740587,-0.08680837763,2,0,0.1666666667,0,0.2789612371,0.7451561028,688525,Technology
r2_industry_relative_rank,momentum_reversal,2026H1,global_top5,20,0.3666222473,-0.007339159856,0.3767262614,-0.1336559851,10.4,1,0.5666666667,0.6666666667,0.07916353396,0.4781916209,600184,Industrials
r2_industry_relative_rank,momentum_reversal,2026H2_PARTIAL,global_top5,20,-0.3032290373,-0.05456349508,-0.2630166499,-0.09059218122,2,0,0.2,0,0.175746488,0.7309819323,688525,Technology
r2_industry_relative_rank,momentum_reversal,2026H1,global_top8,20,0.4254945841,-0.007339159856,0.4360338662,-0.1288178347,9.625,1,0.5833333333,0.8333333333,0.07905589682,0.4608787111,600522,Industrials
r2_industry_relative_rank,momentum_reversal,2026H2_PARTIAL,global_top8,20,-0.2490243852,-0.05456349508,-0.2056837123,-0.1399494675,2,0,0.3125,0,0.11667944,0.6170978118,688525,Technology
r2_industry_relative_rank,momentum_reversal,2026H1,global_top10,20,0.6526721879,-0.007339159856,0.6648910898,-0.1184467624,9.4,1,0.6083333333,0.9166666667,0.09661666409,0.514982972,600522,Technology
r2_industry_relative_rank,momentum_reversal,2026H2_PARTIAL,global_top10,20,-0.245860379,-0.05456349508,-0.2023371034,-0.1436476978,2,0,0.35,0,0.1111223345,0.6948350796,300548,Technology
r2_industry_relative_rank,momentum_reversal,2026H1,global_top15,20,0.4861229619,-0.007339159856,0.4971104952,-0.1214383002,8.6,1,0.5666666667,0.9166666667,0.1101603465,0.4895480212,603629,Technology
r2_industry_relative_rank,momentum_reversal,2026H2_PARTIAL,global_top15,20,-0.2462467189,-0.05456349508,-0.20274574,-0.139565263,1.933333333,0,0.3333333333,0,0.1126035512,0.6565381009,600184,Technology
r2_industry_relative_rank,momentum_reversal,2026H1,global_top5_sector_cap1,20,0.2400813303,-0.007339159856,0.2492497741,-0.1864293248,9.8,1,0.5333333333,0.75,0.08229471332,0.3856887885,300548,Technology
r2_industry_relative_rank,momentum_reversal,2026H2_PARTIAL,global_top5_sector_cap1,20,-0.03860715769,-0.05456349508,0.01687721736,-0.03255001264,2,1,0.8,0.5,0.3473406928,0.5154767642,688525,Technology
r2_industry_relative_rank,momentum_reversal,2026H1,global_top5_sector_cap2,20,0.289142819,-0.007339159856,0.2986739951,-0.16407571,9.6,1,0.5333333333,0.75,0.09372587654,0.4960312978,300548,Technology
r2_industry_relative_rank,momentum_reversal,2026H2_PARTIAL,global_top5_sector_cap2,20,-0.1618747986,-0.05456349508,-0.1135045061,-0.09059218122,2,0,0.5,0,0.2470523965,0.6663923286,688525,Technology
r2_industry_relative_rank,momentum_reversal,2026H1,sector_3x1,20,0.6961082592,-0.007339159856,0.7086483022,-0.216291882,10.66666667,1,0.6388888889,0.75,0.1171482489,0.4999222433,300548,Technology
r2_industry_relative_rank,momentum_reversal,2026H2_PARTIAL,sector_3x1,20,-0.1249576208,-0.05456349508,-0.074456746,-0.06546186894,2,0,0.6666666667,0,0.4953123773,0.7697547785,688525,Technology
r2_industry_relative_rank,momentum_reversal,2026H1,sector_4x1,20,0.4284455992,-0.007339159856,0.4390066994,-0.1622189115,10.5,1,0.6041666667,0.75,0.09411064704,0.4194082921,300548,Technology
r2_industry_relative_rank,momentum_reversal,2026H2_PARTIAL,sector_4x1,20,-0.08637843134,-0.05456349508,-0.03365105545,-0.05557961349,2,0,0.75,0,0.4306109656,0.707289308,688525,Technology
r2_industry_relative_rank,momentum_reversal,2026H1,sector_5x1,20,0.2266711491,-0.007339159856,0.2357404458,-0.1604729549,10.4,1,0.5333333333,0.6666666667,0.08036964578,0.3541164579,300548,Technology
r2_industry_relative_rank,momentum_reversal,2026H2_PARTIAL,sector_5x1,20,-0.06113119425,-0.05456349508,-0.00694673744,-0.05521595931,2,0,0.7,0.5,0.3498158229,0.5206429928,688525,Technology
r2_industry_relative_rank,momentum_reversal,2026H1,sector_3x2,20,0.2014411675,-0.007339159856,0.2103239283,-0.1875249287,9.833333333,1,0.5138888889,0.75,0.08033912215,0.5370689958,300548,Technology
r2_industry_relative_rank,momentum_reversal,2026H2_PARTIAL,sector_3x2,20,-0.2112798986,-0.05456349508,-0.1657608975,-0.09704484333,1.833333333,0,0.4166666667,0,0.3146041289,0.5171397711,600184,Technology
r4_two_stage_hierarchical_rank,momentum_reversal,2026H1,global_top3,20,-0.03192672087,-0.007339159856,-0.02476934721,-0.2311827869,9.666666667,0,0.4166666667,0.4166666667,0.13377528,0.2262225856,300133,Communication Services
r4_two_stage_hierarchical_rank,momentum_reversal,2026H2_PARTIAL,global_top3,20,0.1074345382,-0.05456349508,0.1713473432,0,1,1,0.8333333333,1,0.5342310219,0.5342310219,000596,Consumer Staples
r4_two_stage_hierarchical_rank,momentum_reversal,2026H1,global_top5,20,0.01540925075,-0.007339159856,0.02291659919,-0.1509936619,10,1,0.4666666667,0.5833333333,0.1124447057,0.2907203051,300133,Communication Services
r4_two_stage_hierarchical_rank,momentum_reversal,2026H2_PARTIAL,global_top5,20,0.05860554487,-0.05456349508,0.1197003071,-0.002467416092,1.4,1,0.8,1,0.3831971161,0.3831971161,000596,Consumer Staples
r4_two_stage_hierarchical_rank,momentum_reversal,2026H1,global_top8,20,0.02982213026,-0.007339159856,0.03743603919,-0.1105645677,9.375,1,0.4791666667,0.6666666667,0.08777091117,0.2976579118,300133,Industrials
r4_two_stage_hierarchical_rank,momentum_reversal,2026H2_PARTIAL,global_top8,20,0.03937752585,-0.05456349508,0.09936259119,-0.01479215153,1.625,1,0.8125,1,0.2234074808,0.2782642442,000596,Consumer Staples
r4_two_stage_hierarchical_rank,momentum_reversal,2026H1,global_top10,20,0.01553371668,-0.007339159856,0.02304198535,-0.1290783997,9.3,1,0.4583333333,0.6666666667,0.07022145303,0.2365689206,300133,Technology
r4_two_stage_hierarchical_rank,momentum_reversal,2026H2_PARTIAL,global_top10,20,0.01711922082,-0.05456349508,0.07581970395,-0.004321493745,1.7,1,0.8,1,0.2117714887,0.2814000193,688525,Technology
r4_two_stage_hierarchical_rank,momentum_reversal,2026H1,global_top15,20,0.1433893686,-0.007339159856,0.151842928,-0.07736277747,9.2,1,0.4888888889,0.5833333333,0.06778502114,0.4125872388,603629,Technology
r4_two_stage_hierarchical_rank,momentum_reversal,2026H2_PARTIAL,global_top15,20,-0.1184972583,-0.05456349508,-0.0676235399,-0.06891555494,1.733333333,0,0.5666666667,0,0.1495296975,0.4078235736,600184,Technology
r4_two_stage_hierarchical_rank,momentum_reversal,2026H1,global_top5_sector_cap1,20,0.01540925075,-0.007339159856,0.02291659919,-0.1509936619,10,1,0.4666666667,0.5833333333,0.1124447057,0.2907203051,300133,Communication Services
r4_two_stage_hierarchical_rank,momentum_reversal,2026H2_PARTIAL,global_top5_sector_cap1,20,0.05860554487,-0.05456349508,0.1197003071,-0.002467416092,1.4,1,0.8,1,0.3831971161,0.3831971161,000596,Consumer Staples
r4_two_stage_hierarchical_rank,momentum_reversal,2026H1,global_top5_sector_cap2,20,0.01540925075,-0.007339159856,0.02291659919,-0.1509936619,10,1,0.4666666667,0.5833333333,0.1124447057,0.2907203051,300133,Communication Services
r4_two_stage_hierarchical_rank,momentum_reversal,2026H2_PARTIAL,global_top5_sector_cap2,20,0.05860554487,-0.05456349508,0.1197003071,-0.002467416092,1.4,1,0.8,1,0.3831971161,0.3831971161,000596,Consumer Staples
r4_two_stage_hierarchical_rank,momentum_reversal,2026H1,sector_3x1,20,0.6397462798,-0.007339159856,0.6518696149,-0.216291882,10.66666667,1,0.6388888889,0.75,0.1133259224,0.5493656725,300548,Technology
r4_two_stage_hierarchical_rank,momentum_reversal,2026H2_PARTIAL,sector_3x1,20,-0.1249576208,-0.05456349508,-0.074456746,-0.06546186894,2,0,0.6666666667,0,0.4953123773,0.7697547785,688525,Technology
r4_two_stage_hierarchical_rank,momentum_reversal,2026H1,sector_4x1,20,0.3074963692,-0.007339159856,0.3171632408,-0.1581468105,10.5,1,0.5208333333,0.6666666667,0.09533416724,0.4267648933,300548,Technology
r4_two_stage_hierarchical_rank,momentum_reversal,2026H2_PARTIAL,sector_4x1,20,-0.04455219007,-0.05456349508,0.01058908236,-0.03370430402,1.75,1,0.75,0.5,0.3653860685,0.5040014923,688525,Technology
r4_two_stage_hierarchical_rank,momentum_reversal,2026H1,sector_5x1,20,0.1388978268,-0.007339159856,0.1473181783,-0.1437881076,10.2,1,0.4666666667,0.5,0.08389748459,0.3578298388,300548,Technology
r4_two_stage_hierarchical_rank,momentum_reversal,2026H2_PARTIAL,sector_5x1,20,-0.02912269538,-0.05456349508,0.02690905161,-0.03215001264,1.8,1,0.8,0.5,0.3290032691,0.4762639235,688525,Technology
r4_two_stage_hierarchical_rank,momentum_reversal,2026H1,sector_3x2,20,0.1841006129,-0.007339159856,0.1928551677,-0.1875249287,9.833333333,1,0.5138888889,0.6666666667,0.08013827734,0.5462743474,300548,Technology
r4_two_stage_hierarchical_rank,momentum_reversal,2026H2_PARTIAL,sector_3x2,20,-0.2112798986,-0.05456349508,-0.1657608975,-0.09704484333,1.833333333,0,0.4166666667,0,0.3146041289,0.5171397711,600184,Technology
