variant_id,cost_bps,total_return,benchmark_return,relative_excess,max_drawdown,turnover,positive_excess_windows,precision_at_k,portfolio_benchmark_hit_rate,maximum_name_absolute_contribution_share,maximum_sector_absolute_contribution_share,top_contributor_name,top_contributor_sector,ranking_id,feature_family,leave_one_name_relative_excess,leave_one_sector_relative_excess,relative_excess_40bps,support_gate_pass
global_top5_sector_cap2,20,1.880504019,0.3929238159,1.067955179,-0.1770821664,40.8,3,0.528,0.54,0.06683552514,0.4861906902,301308,Technology,r2_industry_relative_rank,momentum_reversal,0.6872747068,0.1932509808,0.9081675098,True
global_top8,20,1.393299702,0.3929238159,0.7181842071,-0.2950138172,37.875,4,0.5075,0.58,0.08377507897,0.528040708,688521,Technology,r2_industry_relative_rank,current_cn_ohlcv,0.4500327343,0.2187219798,0.5945177369,True
sector_5x1,20,1.331156348,0.3929238159,0.6735706009,-0.2041243341,43,3,0.5,0.58,0.08131505653,0.4596587435,301308,Technology,r2_industry_relative_rank,momentum_reversal,0.4362036289,0.07363702156,0.5370326231,True
sector_4x1,20,1.330850008,0.3929238159,0.6733506752,-0.1838196396,43.5,4,0.505,0.58,0.07921355852,0.3594525192,600438,Materials,r0_cn_x1_0_raw_return_rank,current_cn_ohlcv,0.5258658648,0.243465729,0.5359306717,True
global_top5,20,1.231933463,0.3929238159,0.6023370678,-0.2135697256,41.4,3,0.516,0.52,0.09028403162,0.4322170494,002602,Technology,r4_two_stage_hierarchical_rank,momentum_reversal,0.3663471847,0.2430091709,0.4765884608,True
global_top5_sector_cap1,20,1.231933463,0.3929238159,0.6023370678,-0.2135697256,41.4,3,0.516,0.52,0.09028403162,0.4322170494,002602,Technology,r4_two_stage_hierarchical_rank,momentum_reversal,0.3663471847,0.2430091709,0.4765884608,True
global_top5_sector_cap2,20,1.231933463,0.3929238159,0.6023370678,-0.2135697256,41.4,3,0.516,0.52,0.09028403162,0.4322170494,002602,Technology,r4_two_stage_hierarchical_rank,momentum_reversal,0.3663471847,0.2430091709,0.4765884608,True
global_top8,20,1.118498085,0.3929238159,0.5209001818,-0.1917461235,37.625,3,0.4875,0.54,0.0593841938,0.3954359548,688521,Technology,r0_cn_x1_0_raw_return_rank,current_cn_ohlcv,0.3825339274,0.2892402252,0.4119055562,True
global_top15,20,1.099769895,0.3929238159,0.5074549458,-0.2786198254,31.8,3,0.4906666667,0.6,0.06006269421,0.4639806098,688521,Technology,r2_industry_relative_rank,current_cn_ohlcv,0.4062649174,0.2093422569,0.4155225244,True
global_top5_sector_cap1,20,1.092335099,0.3929238159,0.5021173986,-0.2367513191,42,3,0.5,0.56,0.0999078395,0.2833266097,601698,Communication Services,r2_industry_relative_rank,current_cn_ohlcv,0.2731314381,0.2065666976,0.38245136,True
sector_5x1,20,0.9792423352,0.3929238159,0.4209264804,-0.1789845508,42.8,4,0.5,0.54,0.06916814109,0.3257972443,600438,Materials,r0_cn_x1_0_raw_return_rank,current_cn_ohlcv,0.317047277,0.09668995057,0.305636928,True
global_top10,20,0.9526931355,0.3929238159,0.4018664288,-0.211961492,36.8,4,0.492,0.56,0.0554388233,0.4386212208,300033,Technology,r0_cn_x1_0_raw_return_rank,current_cn_ohlcv,0.3688517622,0.1795237218,0.3035180971,True
global_top15,20,0.8471379916,0.3929238159,0.326086876,-0.216032655,33.4,4,0.476,0.52,0.05451214536,0.4693932001,002837,Technology,r0_cn_x1_0_raw_return_rank,current_cn_ohlcv,0.3064440215,0.1219569116,0.241191605,True
global_top8,20,0.8424736862,0.3929238159,0.3227383042,-0.1987278731,39.625,3,0.4975,0.52,0.07093538206,0.3445292151,002602,Technology,r4_two_stage_hierarchical_rank,momentum_reversal,0.2644881606,0.09947747788,0.2228462936,True
sector_3x2,20,0.8225418794,0.3929238159,0.3084289741,-0.2665480763,41.5,3,0.4833333333,0.56,0.07962487949,0.4898129635,688521,Technology,r2_industry_relative_rank,current_cn_ohlcv,0.1208370893,0.04423073493,0.2049281397,True
sector_3x1,20,0.8144338529,0.3929238159,0.3026081054,-0.2543544368,44,3,0.5133333333,0.48,0.1133539363,0.4186593303,688521,Technology,r2_industry_relative_rank,current_cn_ohlcv,0.08552220244,0.1995035026,0.1937260887,True
global_top5_sector_cap2,20,0.7380216475,0.3929238159,0.2477506864,-0.2203390393,41.4,3,0.472,0.52,0.07354313667,0.3926084111,688521,Industrials,r0_cn_x1_0_raw_return_rank,current_cn_ohlcv,0.1742502356,0.1339615966,0.1493242176,True
global_top5_sector_cap2,20,0.6880011595,0.3929238159,0.2118402602,-0.3283033564,42.8,3,0.48,0.56,0.09044634342,0.479532852,688521,Technology,r2_industry_relative_rank,current_cn_ohlcv,0.3250131633,0.2598018028,0.1130388913,True
sector_3x1,20,0.687780688,0.3929238159,0.2116819805,-0.2446582771,44,4,0.48,0.5,0.09435888326,0.3835305254,600438,Materials,r0_cn_x1_0_raw_return_rank,current_cn_ohlcv,0.1283306882,0.310126234,0.1102241461,True
sector_3x2,20,0.5904666408,0.3929238159,0.1418188293,-0.2516951892,41.16666667,4,0.4833333333,0.44,0.05553779876,0.4370337215,301308,Industrials,r0_cn_x1_0_raw_return_rank,current_cn_ohlcv,0.06038903471,0.3323698898,0.05208111246,True
sector_3x1,20,1.703534516,0.3929238159,0.9409062328,-0.2618251928,44.33333333,3,0.5133333333,0.58,0.1063012592,0.5566817185,301308,Technology,r2_industry_relative_rank,momentum_reversal,0.4907856705,0.06067879053,0.7780360966,False
sector_3x1,20,1.471271695,0.3929238159,0.7741614196,-0.2754347149,42.66666667,3,0.5066666667,0.52,0.1146731557,0.6870048904,301308,Technology,r4_two_stage_hierarchical_rank,momentum_reversal,0.3627110763,-0.07911264939,0.6303305652,False
global_top5_sector_cap1,20,1.18896047,0.3929238159,0.5714861397,-0.212474572,41.8,2,0.5,0.58,0.08148312328,0.498213249,301308,Technology,r2_industry_relative_rank,momentum_reversal,0.3338972634,0.0003630060255,0.4466634888,False
global_top10,20,1.187861579,0.3929238159,0.57069723,-0.2936383113,35.8,4,0.498,0.54,0.06163626706,0.5501863894,601698,Technology,r2_industry_relative_rank,current_cn_ohlcv,0.4632763871,0.4015975044,0.4632394381,False
sector_4x1,20,1.116701662,0.3929238159,0.5196105042,-0.2441934331,44,2,0.495,0.56,0.0879877936,0.5125616824,301308,Technology,r2_industry_relative_rank,momentum_reversal,0.2404003928,0.2260459202,0.3925192628,False
sector_3x2,20,1.088153246,0.3929238159,0.4991151862,-0.2111813372,40.66666667,2,0.4866666667,0.5,0.06892779203,0.626330923,300548,Technology,r4_two_stage_hierarchical_rank,momentum_reversal,0.4093334181,-0.02270998941,0.3830273216,False
sector_3x2,20,1.043829998,0.3929238159,0.4672948908,-0.225922605,42.16666667,2,0.4766666667,0.58,0.06135289807,0.5379101177,300548,Technology,r2_industry_relative_rank,momentum_reversal,0.3781647969,0.2018319395,0.3496879904,False
global_top5,20,1.0324803,0.3929238159,0.4591467795,-0.318199869,42.6,3,0.484,0.56,0.1217828966,0.6874883161,688521,Technology,r2_industry_relative_rank,current_cn_ohlcv,0.1650410545,-0.01169980614,0.3410378044,False
sector_4x1,20,1.020289761,0.3929238159,0.4503950163,-0.2456609468,43.5,2,0.525,0.6,0.09357101048,0.3794760729,688521,Technology,r2_industry_relative_rank,current_cn_ohlcv,0.2628699139,0.06427971465,0.330802013,False
global_top8,20,0.996941576,0.3929238159,0.4336330194,-0.283838121,38.875,2,0.4825,0.54,0.05600041012,0.3626276357,301308,Technology,r2_industry_relative_rank,momentum_reversal,0.3354404889,0.2488841821,0.327353949,False
sector_4x1,20,0.9834373253,0.3929238159,0.423938124,-0.229839774,42.5,3,0.48,0.52,0.1015929294,0.6502914952,301308,Technology,r4_two_stage_hierarchical_rank,momentum_reversal,0.1625472043,-0.1572406882,0.30838503,False
global_top15,20,0.855115375,0.3929238159,0.3318139541,-0.2038764713,35.86666667,2,0.4906666667,0.56,0.04287426752,0.4221442682,002202,Technology,r2_industry_relative_rank,momentum_reversal,0.3048948935,0.1861239238,0.2403267698,False
global_top5,20,0.8301025923,0.3929238159,0.3138569183,-0.3108540128,41,2,0.488,0.48,0.08827312795,0.3705915895,301308,Technology,r2_industry_relative_rank,momentum_reversal,0.1342012586,0.2056019515,0.2109386896,False
global_top10,20,0.8092986569,0.3929238159,0.2989214746,-0.1832871018,37.7,3,0.488,0.56,0.06105092952,0.4106261291,002602,Technology,r4_two_stage_hierarchical_rank,momentum_reversal,0.2247257328,-0.01277293715,0.2052375538,False
global_top10,20,0.8054758823,0.3929238159,0.2961770498,-0.252252287,38.7,2,0.482,0.56,0.05700840646,0.3477579677,301308,Technology,r2_industry_relative_rank,momentum_reversal,0.1705431017,0.2324758585,0.2003672814,False
global_top3,20,0.7541380011,0.3929238159,0.259320848,-0.2891853459,42.66666667,2,0.4866666667,0.5,0.09856546364,0.6542046713,301308,Technology,r4_two_stage_hierarchical_rank,momentum_reversal,0.06551932395,-0.1253764678,0.1571301376,False
sector_5x1,20,0.7313496544,0.3929238159,0.2429607668,-0.2298560192,43.2,2,0.504,0.58,0.08759630946,0.4099890761,688521,Technology,r2_industry_relative_rank,current_cn_ohlcv,0.1104691536,-0.000220556555,0.140931731,False
sector_5x1,20,0.6961885465,0.3929238159,0.2177181028,-0.2476841675,40.8,2,0.46,0.52,0.09483421942,0.6550011718,301308,Technology,r4_two_stage_hierarchical_rank,momentum_reversal,0.03254121545,-0.150326332,0.1225434954,False
global_top15,20,0.6378133658,0.3929238159,0.1758097227,-0.2035980463,37.53333333,2,0.4693333333,0.54,0.04667845668,0.3917921124,002463,Technology,r4_two_stage_hierarchical_rank,momentum_reversal,0.1279905197,-0.01912266064,0.09131524432,False
global_top5_sector_cap1,20,0.611804406,0.3929238159,0.1571375172,-0.1834903099,42,3,0.46,0.48,0.06935282036,0.4250666083,600438,Materials,r0_cn_x1_0_raw_return_rank,current_cn_ohlcv,0.03783275546,-0.05696170126,0.0645789489,False
global_top5,20,0.6104940345,0.3929238159,0.1561967826,-0.2483866568,40.8,3,0.468,0.5,0.08440960588,0.3976789615,688521,Materials,r0_cn_x1_0_raw_return_rank,current_cn_ohlcv,0.1363924277,-0.04755798223,0.06614709245,False
global_top3,20,0.6088617113,0.3929238159,0.1550249144,-0.3045549095,42.66666667,2,0.4266666667,0.48,0.1006005512,0.5986220231,301308,Technology,r2_industry_relative_rank,momentum_reversal,-0.09911686761,0.3915923637,0.06068672104,False
global_top3,20,0.1765859275,0.3929238159,-0.1553120752,-0.3767458849,44.33333333,1,0.4666666667,0.5,0.08169159509,0.5871436857,688521,Industrials,r2_industry_relative_rank,current_cn_ohlcv,-0.2448760855,0.8795081576,-0.2270946977,False
global_top3,20,0.1070238193,0.3929238159,-0.2052517111,-0.3158527386,43.33333333,1,0.4266666667,0.4,0.08746633091,0.331686178,600438,Materials,r0_cn_x1_0_raw_return_rank,current_cn_ohlcv,-0.319635747,-0.4013552506,-0.2713032016,False
