date,close,high,low,open,volume,vwap
2022-12-15,59.67827224731445,62.66218585968018,59.67827224731445,62.66218585968018,1318200,60.672910118103026
2022-12-16,56.435760498046875,59.67827863438145,54.705088748182995,59.67827863438145,2307500,56.939709293537106
2022-12-19,56.19704055786133,58.67369056341781,52.71580795693186,52.71580795693186,117200,55.862179692736994
2022-12-20,56.90323257446289,57.6889974153942,56.45564476670186,57.6889974153942,22200,57.015958252186316
2022-12-21,56.65457534790039,65.92460051362703,55.20240488672371,58.68363762732791,290700,59.26052691608371
2022-12-22,57.2911376953125,60.69180696762821,56.694356512873874,58.11668891840289,3253200,58.225767058604866
2022-12-23,57.19168472290039,60.3208157646776,56.69436572530995,57.77852129182682,125800,58.068955404295984
2022-12-27,57.14194869995117,58.673691992280396,57.06735009783752,57.66910557820061,26500,57.62766359668969
2022-12-28,57.19168472290039,57.68900372049083,56.69436572530995,57.619379364367596,514800,57.19168472290039
2022-12-29,57.689002990722656,58.46481940299193,57.440343495072995,58.186321982021994,374800,57.864721962929195
2022-12-30,58.06696701049805,58.68364150288615,57.4204507982776,58.425037294543664,351100,58.05701977055393
2023-01-03,55.69972229003906,60.35462795638887,55.57041830090643,60.35462795638887,1794100,57.208256182444785
2023-01-04,60.165645599365234,60.384463347674874,53.2131253140945,53.83974822597542,33338500,57.92107808704487
2023-01-05,58.68364334106445,62.64230221622032,57.82825403443786,60.31484909126263,8850600,59.71806653057421
2023-01-06,58.6339111328125,59.61860063263741,57.55970026655673,59.35999642089595,5902600,58.60407067733555
2023-01-09,57.788455963134766,59.65837613161489,57.42044103123845,58.47475848889854,5288900,58.28909104199604
2023-01-10,59.67827224731445,59.73795188548902,57.743701892170066,58.832831574841116,6663000,59.05330867499118
2023-01-11,64.64151763916016,66.0240637696082,59.75287504440718,60.1159157679747,9219400,63.47281881772518
2023-01-12,65.29798126220703,66.16331139990592,63.31865012295241,65.7356167888244,5819800,64.92664759502179
2023-01-13,65.08909606933594,65.14877190536194,63.398211154165196,64.65145303585535,3772100,64.54535970962102
2023-01-17,62.990421295166016,65.37755382087553,62.9207931500625,63.59714723920545,3774600,63.76292275536802
2023-01-18,61.747127532958984,63.15951164133981,61.65760996311493,62.861121006607235,2610300,62.188083045804575
2023-01-19,63.59714126586914,64.1541398146835,60.971298010765494,61.00113972564772,2585600,62.90752636377272
2023-01-20,66.4119644165039,67.45633717098121,63.19928848258862,63.617034548985785,4001600,65.68919669002459
2023-01-23,69.14722442626953,69.5351401940456,66.4199304842333,66.98886197462778,3724100,68.36743170151614
2023-01-24,69.226806640625,70.25128261616653,68.34157938475983,68.65986325666094,2591000,69.27322288051711
2023-01-25,68.34156036376953,69.32624963270153,66.59099576129175,68.09290092091409,2802100,68.08626858592093
2023-01-26,68.84883880615234,69.07760128075779,67.43645476520109,68.14264678567672,2075900,68.45429828403708
2023-01-27,69.70421600341797,70.13191054352036,67.99343784300837,68.49075672273284,2810600,69.27652146331558
2023-01-30,71.11662292480469,73.55348319242793,67.55581676691341,68.04319489122713,4259900,70.74197429471535
2023-01-31,69.14722442626953,70.73367311288828,68.13269709315884,70.6292403814942,3084300,69.33786487743889
2023-02-01,69.63461303710938,70.36069457481611,67.16790729762428,68.63002646694748,2698700,69.05440496984993
2023-02-02,70.27117156982422,71.5045204834721,68.63001746067623,69.21685019938882,2776000,70.13523650465753
2023-02-03,70.17170715332031,70.2512724183812,68.72947763961993,69.25663451451265,3074900,69.71748573710715
2023-02-06,71.47467803955078,71.96204847171788,69.1671184816466,69.5351372258865,2227400,70.86794833097174
2023-02-07,71.24590301513672,71.81284625865564,70.71874619431017,71.19617567813441,1932300,71.25916515603417
2023-02-08,69.79373931884766,71.03703668845155,69.6445421167982,70.82816364097629,1111900,70.15843937469914
2023-02-09,68.04317474365234,70.59939355617836,67.84424263289142,69.87330463174818,1186000,68.82893697757403
2023-02-10,68.86872100830078,69.16711539175813,67.82435584316886,67.83429675772888,1968100,68.62006408107592
2023-02-13,69.05770111083984,69.49534416071907,67.54585502982327,68.15257709195036,2223200,68.69963343379406
2023-02-14,72.22064971923828,72.7776444470012,68.3455372302025,68.58027180668601,3036000,71.11461046548065
2023-02-15,71.93221282958984,73.14567228520787,71.33543160558499,72.31017250081308,1773000,72.13777224012756
2023-02-16,70.52976989746094,71.43488634761388,69.9628190676657,71.2160648179001,1829400,70.64249177091351
2023-02-17,72.77764892578125,73.08599181632621,70.50987586491895,70.58944871334892,2408600,72.12450553567548
2023-02-21,72.0814208984375,72.70804013982793,71.8625993126702,72.2306181240503,1835500,72.21735345031188
2023-02-22,71.55426025390625,72.60857410714665,70.46314224488034,71.88248502714146,2010200,71.54199220197775
2023-02-23,75.49301147460938,75.80134676812106,71.89540213639404,72.05156555451713,3763200,74.3965867930415
2023-02-24,74.6077880859375,75.36370739666506,73.82202326504981,74.43869388230205,2102900,74.59783958255079
2023-02-27,75.63226318359375,76.56722519287406,74.17014432686291,74.59783890680129,2139600,75.45654423444357
2023-02-28,75.59246826171875,75.93064145094372,74.89622487891221,75.63225468194823,3511800,75.47311153052489
2023-03-01,74.89623260498047,75.33386809568242,74.60778671992435,74.96585695044337,2534300,74.94596247352908
2023-03-02,74.63761138916016,75.06530588920499,74.10050613874456,74.3889519725872,1391900,74.60114113903657
2023-03-03,75.96049499511719,76.48765183909151,74.71719768820245,75.12499525885852,2082700,75.72178150747038
2023-03-06,76.26884460449219,76.74627419883105,75.29409599410644,75.50297665871379,1874100,76.10307159914322
2023-03-07,75.84112548828125,76.42298763878644,75.52284172419763,75.95053624360531,1709400,75.92898495042176
2023-03-08,76.21910095214844,76.98497639883806,75.6939322526696,75.84114127502589,1641300,76.29933653455203
2023-03-09,75.97044372558594,76.98497868195349,75.49302176016559,76.58712198511299,1683800,76.149481389235
2023-03-10,74.56800842285156,76.1196411985587,74.10052737158458,75.47312501251893,3388600,74.92939233099828
2023-03-13,75.8311996459961,77.0645562402903,73.64299906261157,74.54811570436658,2272100,75.51291831629932
2023-03-14,76.72636413574219,78.33768020546768,75.94059931344619,76.27878013283855,1992300,77.00154788488534
2023-03-15,76.3484115600586,76.39813890472354,75.18467938531516,75.52286023606956,2326200,75.9770766166991
2023-03-16,76.20915222167969,77.0346958420139,75.34381458958848,75.55268762040684,1624600,76.19588755109402
2023-03-17,75.43334197998047,77.1242311264022,75.0255443476016,76.44787698553064,5803300,75.86103915132809
2023-03-20,74.79676818847656,75.40349792383411,74.11047318715079,75.08521409450597,1714100,74.77024643315382
2023-03-21,76.10967254638672,76.26881821893781,75.09514544356526,75.24434261446106,1401600,75.82454540296327
2023-03-22,74.36907196044922,76.63685273202935,74.30939611515248,76.4478691039431,1549800,75.10510693587702
2023-03-23,75.30403900146484,76.29867696094288,74.46854675797627,75.00565216671266,1393700,75.35708757346133
2023-03-24,76.05001831054688,76.07985623550292,74.48843700046834,74.85645578139231,1154800,75.5394371821727
2023-03-27,75.97044372558594,77.04465453050972,75.85606248635808,76.40808685095902,1196600,76.29038691415126
2023-03-28,76.48765563964844,76.52744206606478,75.74167721843304,75.97043968472087,760800,76.25225830804875
2023-03-29,78.81510925292969,79.04387932100096,76.64679821234587,76.9451926335718,1786000,78.16859559542551
2023-03-30,81.6995620727539,81.84776519403276,79.07371844468838,79.35221586153087,2188900,80.87368190382502
2023-03-31,81.59014892578125,82.1471437433317,81.14256488860467,81.80897048652899,1916200,81.62661918590588
2023-04-03,81.371337890625,82.17699988563663,81.03316459007871,81.56032155180453,1913100,81.52716745544679
2023-04-04,81.15250396728516,81.71945486465346,81.03315227393189,81.56030915553568,1552700,81.30170370195684
2023-04-05,80.68502807617188,81.36138214245949,80.21754705540891,81.06298774114723,1410600,80.75465242468009
2023-04-06,79.73017120361328,80.62533916981468,79.66053927134696,80.53582540858827,1356700,80.00534988159164
2023-04-10,80.1578598022461,80.19764622642408,79.27263273261808,79.50140277452041,1579200,79.87604625376275
2023-04-11,80.1578598022461,80.25235161110827,79.53124069553279,80.1578598022461,1167000,79.98048403629572
2023-04-12,81.31165313720703,81.46085034873384,80.17478419641611,80.57064512599791,1232000,80.98242922745233
2023-04-13,82.4952621459961,82.72601277494145,80.94362200681087,81.21217846426865,1252800,82.05496564258281
2023-04-14,81.92832946777344,82.8334460429422,81.54042128006036,82.00789473535377,1163600,82.10073226359201
2023-04-17,82.27645111083984,82.79365949756247,81.56031058423527,81.72939721177102,861000,82.21014039754586
2023-04-18,83.21141052246094,83.70872947345298,82.34607281588019,82.34607281588019,1522000,83.08873760393136
2023-04-19,85.29019927978516,86.41413736642805,83.3009234948339,83.3407099211511,2422900,85.00175338034903
2023-04-20,84.5442123413086,85.85713392354015,84.22592855132774,84.91223105629564,1634900,84.87575827205883
2023-04-21,86.01628112792969,86.05108950525985,84.63372759094247,84.74313835709602,1850600,85.56703274137733
2023-04-24,87.31926727294922,87.3590537019009,85.71789955294918,86.13564567421386,2692800,86.7987401759331
2023-04-25,79.95893859863281,83.05226301376935,78.35757100410291,83.05226301376935,7291400,80.45625753883502
2023-04-26,79.69039916992188,79.83958879890503,77.14412073364761,79.30249095759427,3489500,78.89136956749151
2023-04-27,81.08289337158203,81.10279038283963,80.1877251656358,80.38664974729353,1557000,80.79113630668581
2023-04-28,80.9038314819336,81.29174718842503,80.57560678949294,80.7645828030839,1617600,80.92372848661718
2023-05-01,80.34685516357422,81.29076412172188,80.29214977089423,80.64524959428066,1355800,80.64325635206343
2023-05-02,78.03929138183594,80.21755088535481,77.47234806306209,79.90920796568116,1879100,78.57639677675094
2023-05-03,79.28260040283203,79.98879252862754,77.6016596202355,78.04925130908256,1748900,78.95768418389837
2023-05-04,77.84037017822266,79.82964613154356,77.27342683506562,79.19307843355972,1751400,78.31448104827727
2023-05-05,78.56645202636719,79.1035574469439,78.07908154025493,78.07908154025493,1077400,78.58303033785533
2023-05-08,78.99413299560547,79.06375733871907,78.18847879836463,78.45702766795016,842300,78.74878971089639
2023-05-09,75.96049499511719,78.36751676006783,75.71183553373425,78.12880580191587,2499700,76.67994909630642
2023-05-10,75.49301147460938,76.34840060030399,74.56799800559006,76.08979264431895,1792900,75.4698033601678
2023-05-11,74.587890625,75.30403109478947,74.30939323974512,75.30403109478947,1504800,74.7337716531782
2023-05-12,74.51826477050781,74.60778612166197,73.87174866011694,74.48842684961791,2577800,74.33259985076224
2023-05-15,74.5282211303711,75.15484030057037,74.2994510652909,74.69730775889523,1187900,74.66083749874412
2023-05-16,77.3629379272461,77.85030839412987,74.81666722362523,74.8663945676422,2668900,76.67663784833373
2023-05-17,79.86942291259766,80.17775821979856,75.79737376754528,77.5121284608307,3716300,78.61485163331383
2023-05-18,79.26271057128906,80.69498423814665,78.79522946219842,79.98879211599413,1483500,79.58430809054471
2023-05-19,78.9145736694336,80.65419604235515,78.6957596882205,79.6605521542323,1312900,79.42150980000308
2023-05-22,78.68572998046875,79.02303671938333,78.31757196914518,78.95438049210308,1357700,78.67544622299908
2023-05-23,76.80514526367188,79.37526701525621,76.67578856470065,78.56631698264054,1382400,77.61873361454292
2023-05-24,76.1484375,76.75539678515922,75.70068413484928,76.58624618866726,1431900,76.20150614000283
2023-05-25,79.46183776855469,79.66083757989912,75.23302725095769,76.14843852931202,3127800,78.11856753313717
2023-05-26,78.03895568847656,79.80012729448886,77.979257272076,79.37227093045631,2243100,78.60611341834714
2023-05-30,77.57130432128906,78.6558737216308,77.02405107879953,77.85985934355693,1775800,77.7504097072398
2023-05-31,79.11357116699219,79.33247547793788,77.35537540695,78.14840630037979,4501500,78.60047401729337
2023-06-01,79.43196868896484,79.7006191262223,78.4966531085976,79.33246880817892,2355500,79.20974697459492
2023-06-02,79.5712890625,80.466803386362,79.50163837016385,79.89964557980875,2404500,79.84657693967529
2023-06-05,80.08869171142578,80.32152619066733,78.38721832171413,79.51158923852233,1416700,79.59914540793575
2023-06-06,82.51651763916016,82.76527115819883,77.41209816137453,77.61109794006349,23800600,80.89796231957784
2023-06-07,80.07874298095703,81.84986697211242,79.79018796343595,81.0837018173327,3883900,80.57293263883514
2023-06-08,77.36235046386719,78.00911118215777,76.36733630999107,76.96434328404564,15048600,77.24626598533867
2023-06-09,76.71558380126953,78.10860502702894,76.67578232723584,77.71059787804697,4894700,77.16665705184477
2023-06-12,77.87975311279297,77.91955458921007,76.51658860444562,76.86484203390094,5545200,77.43863210214955
2023-06-13,77.40216064453125,78.05787164474026,76.31759114734615,77.90962004564928,4122300,77.25920781220589
2023-06-14,78.13846588134766,78.40712397328015,77.09370549982152,77.79021242083894,3322600,77.87976511814978
2023-06-15,78.70562744140625,78.77527813683135,77.83498995291424,78.26782632360123,3277900,78.43863184371729
2023-06-16,78.25785827636719,79.7006256441385,78.0986523810064,79.10361871924538,5390600,78.68571210050403
2023-06-20,78.50660705566406,78.76531282433231,77.36233942373028,77.96929857828592,3151100,78.21141976790888
2023-06-21,79.22303771972656,79.60114040375613,77.8996669385886,78.39717406611207,2805700,78.90794835402376
2023-06-22,79.81009674072266,80.34740537805263,79.18324045951606,79.54144621773604,2229200,79.78024752609711
2023-06-23,79.42203521728516,79.94939154245893,78.61607612344267,79.46183669728869,7973000,79.32916762772892
2023-06-26,77.41209411621094,79.89962917661161,77.35238811264023,79.62101887310891,2500700,78.22137046848759
2023-06-27,76.68574523925781,77.95936221972231,75.81212439830203,77.56135501548815,3250400,76.81907728576071
2023-06-28,76.80514526367188,77.20314485367558,75.95937715652506,77.11359722333141,2920500,76.65588909129083
2023-06-29,78.2877197265625,78.30761667091663,76.76534917304208,76.88474602187907,1908200,77.78689519017374
2023-06-30,80.8349609375,81.00411914071653,78.91856846553515,79.02403518533441,3429500,80.25254951458389
2023-07-03,80.2876968383789,81.05385441892895,79.50163472301388,81.00410826460302,1086900,80.28106199344057
2023-07-05,80.24788665771484,80.8846950583326,79.53644764666777,79.96928393136395,2655900,80.22300978757174
2023-07-06,78.72552490234375,79.86978513986169,78.60612046747976,79.60113465061241,2595900,79.0671435032284
2023-07-07,79.22303771972656,79.70860364376502,77.90961920671884,78.58622920380502,2892600,78.9470868567368
2023-07-10,80.25784301757812,80.37723985418693,79.6011300508084,79.73047915425305,2263000,80.07873764085781
2023-07-11,80.8548583984375,81.0389336016239,79.81009042113082,80.09864545859035,1793100,80.56796080706407
2023-07-12,81.28270721435547,82.2478721410738,80.88470004160956,80.88470004160956,2124800,81.47175979901294
2023-07-13,80.99414825439453,81.59115518872393,80.49664121056084,81.32250472524997,1476300,81.02731488455977
2023-07-14,81.41206359863281,81.75037238269111,80.82500884964153,81.09365935023705,1791900,81.32914827698848
2023-07-17,80.78520202636719,81.94936677087424,80.6757498615309,81.332455259193,2343200,81.13677288625745
2023-07-18,82.05883026123047,82.48170678250247,80.34740445633604,80.70362127500881,2842800,81.62931383335632
2023-07-19,81.34239196777344,82.52646102014621,81.2528443544112,82.36725514125227,2781700,81.70723244744362
2023-07-20,81.47180938720703,82.76082399861784,81.4220449694068,81.86996270032287,3113900,81.88489278507723
2023-07-21,82.24820709228516,82.75585277439193,81.64102497689981,81.70075291218141,7717700,82.2150282811923
2023-07-24,80.25743865966797,82.29796947677166,79.89910146647765,82.09889663350688,4335700,80.81816986763909
2023-07-25,79.83938598632812,81.96949743416285,78.21692019206677,80.46647231546511,4729500,80.00860120418592
2023-07-26,77.0722427368164,79.93694358546911,76.93289020033878,79.88916882759548,4148600,77.9806921742081
2023-07-27,76.50484466552734,78.50555895109267,75.89766275594852,77.63957632739651,3224700,76.96935545752284
2023-07-28,77.51020050048828,77.95811821530293,76.53472529812727,76.88310658677672,2910100,77.3343480046395
2023-07-31,77.63960266113281,77.66946283170881,75.91759274786678,77.36089761023266,3916200,77.0755527469028
2023-08-01,77.33102416992188,77.67443126090463,76.74374640417732,77.4803249971824,2126700,77.24973394500127
2023-08-02,76.23611450195312,77.42061857191571,75.79815267308963,76.96274489974657,3073000,76.48496191565282
2023-08-03,75.66874694824219,76.33565699095733,75.33032156030156,76.28588497783996,2053300,75.77824183316703
2023-08-04,75.54930114746094,76.44016240640224,75.27656511481538,75.62893332539493,1449600,75.75534288955951
2023-08-07,75.24072265625,75.93749276917126,74.82266514498238,75.74836825944176,1668300,75.33362685680122
2023-08-08,73.58841705322266,75.12130260937539,72.98123486558606,74.94213397049666,2574900,73.89698484272803
2023-08-09,73.57843780517578,74.5340010448888,73.08074814319141,73.45899714655013,3028400,73.73106233108534
2023-08-10,71.96593475341797,74.23539860491033,71.78676615492424,73.90692157531478,3681600,72.66269983775085
2023-08-11,71.25920867919922,71.80667039514098,70.53258595892262,71.80667039514098,2898300,71.19948834442094
2023-08-14,71.46826171875,71.53793799030007,70.52264649726305,71.16964478688169,2601100,71.17628206877104
2023-08-15,70.21408081054688,71.418489265256,69.86569945491101,71.418489265256,2476300,70.49942317690463
2023-08-16,70.34346771240234,71.94602932108482,70.09462283644721,70.88097355576258,3697400,70.79470662331146
2023-08-17,68.0739974975586,70.47286552983952,67.92468906667042,70.37332151315259,3791900,68.82385069802285
2023-08-18,68.04413604736328,68.4323334038684,67.58128067975049,67.8848716989806,2929200,68.01925004366073
2023-08-21,68.65132904052734,69.17887898897747,68.28303587173039,69.00966628742617,2807800,68.70441463374506
2023-08-22,68.61150360107422,69.07933314269631,68.35270282597942,68.83048828814348,2168400,68.68117985658331
2023-08-23,68.67122650146484,69.20873231867621,68.49205789572771,68.64136633286574,2079500,68.79067223862292
2023-08-24,68.11382293701172,69.46753973307474,67.9246983923116,69.31823128168746,2623200,68.50202035413268
2023-08-25,68.2730712890625,68.5716881549783,67.29760370280329,68.09391028248385,3096600,68.04745438228137
2023-08-28,68.98973846435547,69.33812730280634,68.44228439305272,68.74089363354288,2438700,68.92338338673818
2023-08-29,70.15435791015625,70.17426216083538,69.00966984544154,69.00966984544154,2044300,69.77942997214438
2023-08-30,70.06475830078125,70.66198444703285,69.90550153904731,70.17425064691066,1889200,70.21074809562047
2023-08-31,70.12446594238281,70.80132414403954,69.53819065570731,70.18419386209503,3573300,70.15466024737655
2023-09-01,68.9300308227539,70.69184920777539,68.78072237795544,70.34346789934098,2097300,69.46753413616158
2023-09-05,67.34738159179688,68.84045086344796,67.09853671318837,68.8105830989348,3773500,67.7621230561444
2023-09-06,66.67050170898438,67.88485794573828,65.75474707959702,67.19805146637349,3140100,66.77003557810656
2023-09-07,65.59550476074219,67.8550126842535,65.52582850567731,67.77538050871016,2836900,66.32544865022433
2023-09-08,64.6001205444336,65.68508037748765,64.4209519598573,65.61540412760475,3103100,64.90205096059286
2023-09-11,66.31218719482422,67.03881000089241,64.89874248700217,65.01819076480412,3630500,66.08324656090626
2023-09-12,65.09781646728516,66.31218059117236,64.91864786549618,66.0732840593588,2381800,65.4428816413179
2023-09-13,64.23184967041016,65.63533866735081,63.91332847590611,64.81912763180017,3612800,64.59350560455569
2023-09-14,65.6950454711914,65.7547658096759,64.27165251554987,64.56031347512952,3945100,65.24048793213906
2023-09-15,66.1230697631836,66.19274603419066,65.27699858834228,65.69505621438472,6711100,65.86427146190552
2023-09-18,65.97374725341797,66.6804657357935,65.56564563701176,65.56564563701176,3205300,66.07328620874108
2023-09-19,65.81450653076172,66.44159298912673,65.04805993194915,66.19274807156445,3160400,65.76805315061254
2023-09-20,64.70962524414062,66.49135551062665,64.60013288852494,66.11310642972043,1796400,65.26703788109741
2023-09-21,63.594791412353516,64.59017084606592,63.49525498781076,64.32142174038623,2172500,63.8934057487434
2023-09-22,64.03275299072266,64.50555664529496,63.441495917302966,63.535063334511484,2277800,63.99326851777352
2023-09-25,66.17281341552734,66.73022334463064,63.70426962609427,63.70426962609427,3214500,65.53576879541743
2023-09-26,65.90406799316406,67.0935460512898,65.814487493942,65.88416374693983,3619900,66.27070051279863
2023-09-27,67.96451568603516,68.0949147229129,65.84435994014737,66.06334466016406,5470000,67.30126344969848
2023-09-28,69.45758056640625,70.25388720717571,67.69576218594321,68.42238497106312,4817700,69.13574331984172
2023-09-29,67.72562408447266,69.87563991879364,67.61613172871886,69.75619923552995,3146200,68.40579857732838
2023-10-02,67.52653503417969,68.34275343477259,67.25778593687245,67.6857993838004,1942100,67.70902480194157
2023-10-03,66.67050170898438,67.21795570881773,66.0931799542738,67.03878715025722,2726100,66.66054579069197
2023-10-04,67.56636810302734,67.75549266719904,66.16288674143341,66.82978928626275,2084400,67.1615825038866
2023-10-05,67.28764343261719,68.36265496745327,66.31913973750812,68.0242220350159,1894300,67.32314604585953
2023-10-06,68.1436767578125,68.67122665529172,66.34204236963417,66.70037958191112,2319800,67.71898192757946
2023-10-09,67.4867172241211,67.7654222033389,66.8695793457523,67.50662146800474,1600300,67.37390625773743
2023-10-10,67.87493133544922,68.3128931565961,67.29760939604763,67.6858067980935,2209000,67.82847796269765
2023-10-11,67.46682739257812,67.99437736019513,66.73024862236626,67.99437736019513,2032900,67.3971511250465
2023-10-12,66.20269012451172,67.59622288973044,65.86425715857708,67.40709836188041,2252100,66.55439005760641
2023-10-13,66.80986785888672,67.32746180389144,65.75476053407604,65.82443678809864,1984200,66.63069673228473
2023-10-16,66.57097625732422,67.37723879249683,66.0235221050005,67.31751086024605,1951500,66.65724571827384
2023-10-17,66.49136352539062,67.09854571821431,65.76473304091267,66.06334997297628,1596000,66.45154742817253
2023-10-18,64.92859649658203,66.17282064871985,64.78923640493237,65.99365206704634,1917700,65.29688451674475
2023-10-19,65.17755889892578,66.3924818191212,64.57009743882807,64.95848103913244,1669200,65.38004605229169
2023-10-20,63.78339385986328,65.25722908082739,63.59418230674661,65.25722908082739,2575000,64.21160174914576
2023-10-23,63.723636627197266,64.27134643511052,63.09625800418918,63.683802219649856,2412500,63.69708035549899
2023-10-24,64.40080261230469,64.7891785891534,63.69375897246123,63.75350678501138,2511200,64.2945800579731
2023-10-25,64.2414779663086,64.7194757020629,63.713681518677745,63.93276318109538,3179600,64.22487839568308
2023-10-26,63.64396667480469,64.47050972314338,63.31534231545642,63.85309541128244,3484900,63.80993957113483
2023-10-27,62.837337493896484,64.0522603196035,62.458922022625565,63.93275709821655,2606400,63.116173278708516
2023-10-30,62.907047271728516,63.404965975980225,62.090460900661164,63.275509848023916,4484200,62.800824716123294
2023-10-31,66.29289245605469,67.41818593269412,65.49621953254828,66.41239567387147,7555100,66.40243264043237
2023-11-01,67.99577331542969,68.16506384217686,65.72526536393374,66.47214337943299,4523300,67.2953675071801
2023-11-02,68.96174621582031,69.4696254633041,67.99578263443165,69.3102878179613,3115900,68.80905143785202
2023-11-03,71.27207946777344,71.60070761962099,69.34015256039383,69.64886730802462,4022800,70.73764654926275
2023-11-06,70.79408264160156,71.66046398233489,70.46546204817038,71.37167020209044,2350100,70.9733362240356
2023-11-07,70.40571594238281,71.16255465283169,70.38580253315644,70.95342966658357,1912900,70.65135770945697
2023-11-08,69.69866180419922,70.86379740837752,69.23560103145977,70.86379740837752,2062100,69.93268674801216
2023-11-09,68.02565002441406,69.84803428078273,67.76673777200004,69.83807377949407,1981500,68.54680735906561
2023-11-10,69.2306137084961,69.2804086182724,68.10532016533475,68.26465779850973,2773300,68.87211416403441
2023-11-13,69.71857452392578,70.25632760096359,69.06131823055647,69.28040366167957,1993200,69.67874011848194
2023-11-14,71.90943145751953,72.06876911877536,70.38580116054041,70.70446888541423,2634400,71.45466724561176
2023-11-15,71.2222900390625,72.32767020020181,71.1774791779009,71.70029535102951,2780100,71.57581313905507
2023-11-16,71.62062072753906,72.35754584032478,71.20237086199218,71.70028953934877,2946600,71.72684580995201
2023-11-17,72.69612121582031,73.0735413556574,71.72518139034159,72.22807648004198,2920000,72.49828132060644
2023-11-20,73.0247573852539,73.18408741634435,72.46708328234656,72.78575094216377,1787600,72.89197602798161
2023-11-21,73.07453918457031,73.38325391753543,72.28782679674912,73.19404239710221,1469300,72.91520663295161
2023-11-22,73.29362487792969,73.87121234416831,72.88533552947531,73.44300199473426,1123300,73.35005758385778
2023-11-24,73.4031753540039,73.53263148352092,73.08550297373715,73.51271807807082,558900,73.34043660375399
2023-11-27,70.84387969970703,71.21731876514588,70.25633921694913,70.96338293579687,4253600,70.77251256060067
2023-11-28,67.8464126586914,70.49036785724398,67.82152279690968,70.40571497568962,5167900,68.71943443761502
2023-11-29,67.42814636230469,68.55643330636471,67.17918702367663,68.01569435223765,3762900,67.72125556411534
2023-11-30,68.17503356933594,68.39411903248681,66.1136502714918,67.42815545276,3324600,67.56093429110486
2023-12-01,69.12107849121094,69.37999074832267,67.87428354641351,68.0654856669157,1898700,68.79178426198237
2023-12-04,69.08124542236328,69.47459786521041,68.48373688479988,68.6032401118399,1478700,69.01319339079119
2023-12-05,67.6472396850586,68.76258038733422,67.43811472793884,68.62316374925439,1896200,67.94931160011055
2023-12-06,67.76673889160156,68.39411372569715,67.58250380408131,68.1053199646459,1579700,67.91445214046001
2023-12-07,67.10948944091797,68.00574472278191,66.72111341838314,67.81653316393361,2089200,67.278782527361
2023-12-08,68.23477935791016,68.34432208622746,66.7709046749765,66.90036080951657,1893700,67.78333537303804
2023-12-11,70.83391571044922,71.01316675694162,68.80240638274768,68.87212229859621,3051300,70.2164962833795
2023-12-12,71.75007629394531,72.09363376027231,70.94344296188423,71.00319836277018,2407200,71.59571767203396
2023-12-13,73.8712158203125,73.9608375360311,72.2181221524545,72.30775146580922,2628600,73.3500585029327
2023-12-14,75.60398864746094,75.98241179734305,74.03056341854823,74.03056341854823,4271300,75.2056546211174
2023-12-15,74.69778442382812,76.27120214020361,74.17496813686068,76.06207714494431,5699300,75.04798490029748
2023-12-18,74.74755859375,75.2006664692262,74.23968695076931,74.68781077637274,1945800,74.72930400458183
2023-12-19,75.37492370605469,75.52429321509435,74.68779357393124,74.82721018079175,2441800,75.19567016502675
2023-12-20,75.12596893310547,76.27117575898869,74.56829487433457,75.04630012504738,2162200,75.32181318880957
2023-12-21,76.86868286132812,77.28693269977713,75.7633028614018,75.7633028614018,2992100,76.63963947416902
2023-12-22,77.25707244873047,77.38652858418298,76.66952439292027,76.97823917382539,2197800,77.10437514194457
2023-12-26,77.81474304199219,77.99897055156234,77.25707646320426,77.37657210286606,1413900,77.69026335225293
2023-12-27,77.34669494628906,77.96411691662864,77.05790116649976,77.75499195836129,1365000,77.45623767647248
2023-12-28,77.21723175048828,77.64045808056369,76.92843799709996,77.5060255038766,1569500,77.26204260938398
2023-12-29,76.99816131591797,77.31682903734023,76.54007694122582,76.83883125402572,1786900,76.95168909816134
2024-01-02,76.05210876464844,77.08778062399716,75.38987594891714,76.26123371735778,2003100,76.17658844585425
2024-01-03,75.79319763183594,76.36082473962001,75.12100423683269,75.92265378005418,2692400,75.75834220276288
2024-01-04,76.25127410888672,76.62968960903666,75.53426992111893,75.68364705984337,2395900,76.1384112130141
2024-01-05,76.30107116699219,77.12761050892516,75.2753521709755,75.68364918846326,2377700,76.23467794896429
2024-01-08,77.0379867553711,77.12760848018688,75.99235438003222,76.67948466083416,1880600,76.71931653853007
2024-01-09,76.34090423583984,77.33674170765009,74.09030942221032,76.68944583144604,3507200,75.92265178856675
2024-01-10,75.85293579101562,76.29110669475979,74.56830458492298,76.02222633195798,3020600,75.57078235689947
2024-01-11,75.93260955810547,76.0072943317307,74.46872721395349,75.88281464393053,2305500,75.46954370126322
2024-01-12,75.8827896118164,76.1816614643396,75.1156963379264,75.99237545103311,1888300,75.72671580469414
2024-01-16,74.68731689453125,75.61381051029356,74.25893796249863,75.61381051029356,2831600,74.85335512244114
2024-01-17,72.47569274902344,73.96007250670401,71.74844190362309,73.96007250670401,3766900,72.72806905311684
2024-01-18,73.24278259277344,73.48188312269089,72.14693176618023,72.47568929434635,2421500,72.95719916054819
2024-01-19,73.83056640625,73.84053082909558,72.92399394299309,73.16807289863019,3704600,73.53169705944623
2024-01-22,74.35856628417969,75.16550971455531,73.89033722189293,73.99992307053995,2414900,74.47147107354265
2024-01-23,73.3922119140625,74.44822015785849,72.41092542937142,74.34859114571861,2850400,73.41711916709747
2024-01-24,71.28022003173828,73.42210726404826,71.0411194918098,73.3623359293799,3594400,71.9144822625321
2024-01-25,72.59524536132812,72.82437388669433,71.1507080466438,72.0572805269589,2126500,72.19010909822208
2024-01-26,72.87417602539062,73.0136475216568,72.19673978611497,72.72474010778357,2334500,72.69485444438747
2024-01-29,74.09954833984375,74.13939843238487,72.22663959417937,72.6350973422548,2160100,73.48852878880267
2024-01-30,73.72097778320312,74.23901374226851,72.84429862146656,73.45199918151343,1673900,73.6014300489794
2024-01-31,73.08338928222656,74.18920452261501,72.67493158053934,73.65123973534816,3129600,73.31584179512697
2024-02-01,74.06965637207031,74.84671410897481,72.71478374339624,73.08339136758593,2593600,73.87705140814712
2024-02-02,73.63131713867188,74.0796173195098,72.24655130762102,73.75085979989426,2446600,73.31916192193422
2024-02-05,73.13319396972656,73.29258669975255,72.33620751771831,72.94390797723372,3365700,72.9206627290658
2024-02-06,81.65097045898438,82.79663592587328,76.27132953666596,76.4606155774626,12511200,80.23964530717454
2024-02-07,81.5214614868164,82.19690648366124,79.86771687505389,81.73066876891386,4278100,81.19536161517718
2024-02-08,81.75057983398438,81.8302800078947,80.1327027866139,81.22257948292555,2483800,81.23785420949766
2024-02-09,81.03329467773438,82.4379817614879,80.3060514816881,81.97971715561408,2755000,81.25910930697013
2024-02-12,82.85639953613281,82.9958710477224,81.08311237395611,81.31224848621176,2304300,82.31179431927045
2024-02-13,81.99964141845703,82.40511208386988,80.85398366190073,82.03949150747346,2529800,81.75291238807587
2024-02-14,82.85639953613281,83.12538573750368,82.02952728840361,82.28854906733885,2214800,82.67043752068004
2024-02-15,85.30712127685547,85.41670711953648,83.60855591655408,83.62349874958993,2346100,84.77746143764868
2024-02-16,85.6956558227539,86.96087150833266,83.17519647511816,83.1951253209063,13131800,85.2772412687349
2024-02-20,86.06426239013672,86.48267693893712,85.25731896021772,85.60599775088473,6372600,85.9347527630972
2024-02-21,84.65958404541016,84.88871256808031,81.750588204832,82.68704634259966,5838000,83.76629493944081
2024-02-22,87.30955505371094,87.76781972361195,84.68448812443123,85.12780995949194,4154900,86.58728763391804
2024-02-23,88.73414611816406,89.39166112425808,86.90606620970803,87.07044496123153,3815600,88.34395781737673
2024-02-26,90.27830505371094,90.36796204554007,88.45520354691877,88.60463946726063,3805100,89.70049021538993
2024-02-27,92.17112731933594,92.23090624305581,89.15155821107065,89.67059736198054,3993400,91.18453059115414
2024-02-28,92.66925811767578,93.60472053071419,91.65310744463092,91.9021648018174,3431900,92.64236203100695
2024-02-29,90.9358139038086,92.98804393377951,88.534905121264,92.95815826936273,6144000,90.8195876529507
2024-03-01,92.37039947509766,92.709113853199,90.23348296394076,90.70669805191739,2696200,91.77099876407914
2024-03-04,92.38035583496094,93.14744913058391,92.07650556318367,92.58956309740357,2615200,92.53477017624284
2024-03-05,91.46382904052734,93.14745934756668,91.17492157004777,92.37040154451098,2804900,91.92873665271394
2024-03-06,92.74896240234375,93.72527063001435,91.10518225201332,91.2147681020772,2521200,92.52647176145713
2024-03-07,92.31062316894531,93.19726675875151,91.6431436704867,92.84858037572178,3014400,92.38367786606118
2024-03-08,93.51605224609375,94.14367400322293,92.14125087243919,92.45008714077017,2853900,93.26699237391863
2024-03-11,92.64933013916016,93.70533082467475,91.78260786292302,93.45627348559098,2123200,92.71242294225264
2024-03-12,91.47377014160156,92.15120634088936,91.35421989444747,91.84237770319051,3042200,91.65973212564613
2024-03-13,88.1463851928711,89.02804278479547,86.22366204788997,87.22984832122343,14434500,87.79936334185219
2024-03-14,87.9969482421875,88.70427023237424,87.42909776552335,87.76781212675611,4859000,88.04343874669503
2024-03-15,89.07286834716797,89.39166142982937,87.59844558946732,87.91723867212872,7314600,88.68765845548823
2024-03-18,90.26834869384766,90.61702747203395,89.15655933236582,89.56102671506193,2843900,90.01397849941581
2024-03-19,90.43769836425781,90.65687003538869,90.01928386516796,90.25837677884407,2996500,90.37128408827148
2024-03-20,90.54728698730469,90.76645866518272,89.81007938040968,90.13883689722672,2016900,90.37460834429903
2024-03-21,90.85611724853516,91.83242539415986,90.77642467388121,90.90593175824255,2754900,91.15498910552542
2024-03-22,89.39167022705078,91.55348626911687,89.03302702368354,91.11514288708418,6178000,89.9927278399504
2024-03-25,87.9471206665039,89.7602576736064,87.91723500384927,89.47135026690103,2436000,88.54153778131986
2024-03-26,88.73414611816406,89.00611933986683,87.3693091998525,88.14637446177086,2845200,88.36985821929447
2024-03-27,89.969482421875,90.34805449084493,89.3767246617797,89.62080362200359,2629100,89.89808719149988
2024-03-28,90.56722259521484,90.80631553410832,89.31197136492594,89.85989299991633,2108000,90.22850316474971
2024-04-01,89.19241333007812,91.11513629772573,88.85369899618644,90.96570037369187,1958200,89.72041620799676
2024-04-02,87.77777862548828,88.90351518286924,87.52872125964605,88.51498630020556,3010700,88.07000502266787
2024-04-03,88.69429779052734,89.71045598360482,87.77776861292445,87.91724011383677,4403900,88.72750746235221
2024-04-04,87.62833404541016,90.49747188078018,87.53867705084869,89.81007878726166,2728200,88.55482765901301
2024-04-05,88.13641357421875,89.16252860915112,87.51874862863357,87.62833446737655,1592500,88.27256360400115
2024-04-08,87.3792724609375,88.50999486363543,87.28961547072983,88.39543062038346,1692400,87.72629426510092
2024-04-09,86.61219024658203,87.90728396270309,86.12403234683502,87.79769811587232,4172700,86.88116885204005
2024-04-10,85.06803894042969,86.37309719224918,84.91860299083608,85.05807451695595,2926100,85.45324637450499
2024-04-11,87.87738037109375,88.58470221960191,85.28718586654782,86.15390804179772,3071000,87.24975615241449
2024-04-12,85.95466613769531,87.19995281122618,85.73051605658509,86.74168822744203,2227900,86.29504500183553
2024-04-15,85.80524444580078,87.57853934750005,85.1975438402928,87.26970303282404,1983600,86.19377587786454
2024-04-16,85.55619049072266,86.1140842037131,85.02819004857582,85.50638357390645,1868200,85.56615491433719
2024-04-17,84.8687744140625,85.92477501391721,84.83888875189697,85.74545344029791,1711600,85.21081272662556
2024-04-18,84.67942810058594,85.83047711415126,84.33062652121829,85.04815794021566,1815300,84.94684391198517
2024-04-19,84.2010726928711,85.31724543598355,83.81240695978738,84.70933080663625,2022700,84.44357502954735
2024-04-22,84.02169036865234,84.7890615279065,83.89213765495586,84.51998056436881,2113700,84.23429651717157
2024-04-23,85.94508361816406,86.35368519395963,84.50004521313515,84.69935823337902,1951300,85.59960467508627
2024-04-24,86.42344665527344,86.9815292019865,85.50659458472927,85.81553205118765,2020300,86.3038568139964
2024-04-25,85.65606689453125,86.3785936369007,84.45020574034966,85.70589894686834,1362900,85.4949554239272
2024-04-26,85.94508361816406,86.60283027091664,84.86878266422109,85.06809568446496,1790600,85.80556551776726
2024-04-29,88.63585662841797,88.8750337777352,86.00488517601501,86.00488517601501,4353000,87.83859186072273
2024-04-30,75.97928619384766,82.01856847894291,75.81983728644812,80.76287506871253,14433600,77.93923065307956
2024-05-01,77.99238586425781,78.85940596427766,76.2384021946451,76.2583304576077,5303300,77.69673134106019
2024-05-02,77.56385040283203,79.09858505299269,76.92603958761003,78.91920028600497,2995700,77.86282501447825
2024-05-03,79.1982421875,79.78622094854508,78.23155802467903,78.23155802467903,2722700,79.0720070535747
2024-05-06,79.52711486816406,79.72642789658366,78.38104594648973,79.32779423643981,2389700,79.21152957041248
2024-05-07,81.15153503417969,81.40068011194602,79.39755155777954,79.72642488522413,3225500,80.64992223463508
2024-05-08,80.8326416015625,81.29604786520336,79.97558179894179,80.73298507636822,2748400,80.7014237552359
2024-05-09,82.44709014892578,82.47698634088381,80.882459408921,81.22129305551752,1952700,81.93551196624354
2024-05-10,83.11479949951172,83.19352411304658,82.42715665152139,82.88558268241349,1856300,82.91182675469322
2024-05-13,80.75289916992188,83.71274382897502,80.30444108358832,83.60311938950608,1885300,81.59002802749507
2024-05-14,80.2446517944336,81.4106566602986,80.02541048957092,80.72301373982759,2500700,80.56023964810105
2024-05-15,81.62989044189453,81.9587561399001,79.86593917363804,80.91235145842096,1956200,81.15152858514422
2024-05-16,81.03193664550781,81.68469548427942,80.62334270201498,81.22128932361395,1627100,81.11332494393407
2024-05-17,81.58007049560547,81.59999875774656,80.1449923156902,80.72301076074551,1321000,81.10835385634742
2024-05-20,81.47045135498047,82.38730353931967,81.19141004699074,81.68970026934537,1248500,81.6830549804303
2024-05-21,81.65979766845703,81.71959005739271,80.82266620683353,81.47044496575431,1150200,81.40068464422775
2024-05-22,80.34430694580078,81.60996058800424,80.09516186949028,81.29105519445896,1633600,80.68314313443177
2024-05-23,79.05872344970703,80.70308259902184,78.95906693226779,80.70308259902184,2034900,79.57362432699888
2024-05-24,79.57693481445312,79.98553638385627,78.64015450999734,79.56696688260557,1433900,79.40087523610225
2024-05-28,78.48070526123047,79.44738945050076,78.23156016516307,79.09858783666739,1854800,78.71988495896477
2024-05-29,78.18173217773438,78.65012619927224,77.64358543310081,77.80303434917234,2397000,78.15848127003581
2024-05-30,78.30132293701172,78.66009249483463,76.6768995970339,77.73327240434296,2750100,77.87943834296009
2024-05-31,77.7332534790039,78.46076035060702,76.64698474022906,78.46076035060702,7002100,77.61366618994667
2024-06-03,76.88618469238281,78.53054398664523,75.98926074975735,77.79306896531675,3059500,77.13532980959513
2024-06-04,77.2549057006836,77.55388284822118,75.98925199649119,76.78651932105494,1967200,76.93268018179866
2024-06-05,76.69683074951172,77.51402641682915,76.35799704508264,77.19512097600541,2637500,76.85628473714117
2024-06-06,76.7366943359375,76.88618292348677,75.50093671192064,76.38789270052614,2474900,76.37460465711497
2024-06-07,76.07894897460938,76.76659192784916,75.65042667424898,76.45765441705704,2357000,76.16532252556918
2024-06-10,75.52085876464844,75.75007559381422,74.96277619388624,75.71021146685909,2115500,75.41123685078297
2024-06-11,74.48441314697266,75.29164839981921,74.255203924579,75.29164839981921,2655600,74.67708849045697
2024-06-12,75.71022033691406,75.96933339082715,74.75350398781845,74.94284910890761,3081600,75.47768590518655
2024-06-13,76.72672271728516,77.06556400634229,74.88305050154547,74.91294669695829,2530200,76.22511240839097
2024-06-14,76.22843170166016,76.34802408533537,74.85315350426754,75.93942247692378,2576800,75.80986976375435
2024-06-17,77.28480529785156,77.59374275776032,75.70023866730699,75.99921579859594,2190500,76.8595955743063
2024-06-18,78.00233459472656,78.45080027940074,76.90609781547428,77.04561844538071,2032500,77.78641089653387
2024-06-20,79.16835021972656,79.82608933674305,77.58378341378227,77.73327199597401,3408100,78.85940765675063
2024-06-21,78.89927673339844,79.82609690691451,78.22160168606082,79.55702351609636,5115500,78.98232510879126
2024-06-24,78.58035278320312,79.36765210904352,78.39100770211527,79.05871465834436,2270100,78.7796708647873
2024-06-25,78.54048919677734,79.00888314349281,78.10199904514712,78.70991362237731,1798500,78.55045712847243
2024-06-26,77.7332534790039,79.01884281432228,77.69836952337003,78.59031303588283,2426200,78.15015527223208
2024-06-27,78.55046081542969,78.82950208955661,77.62364081019129,77.74323318623331,2192600,78.33453457172585
2024-06-28,77.6535415649414,79.37563690590625,76.9659062713936,78.9391311705202,9422500,77.99836158074709
2024-07-01,75.99922180175781,78.08207114346729,75.9593576742168,78.08207114346729,3081400,76.6802168731473
2024-07-02,76.06898498535156,76.44768280627792,75.42120619422855,75.99922466035709,2171300,75.97929132861934
2024-07-03,76.97586822509766,77.08549267772952,76.04904814585875,76.10884814030663,1346700,76.70346968289532
2024-07-05,76.7964859008789,76.98583861661827,76.28823535332378,76.93600655353781,1689500,76.69018662360698
2024-07-08,76.08890533447266,77.37449484992253,76.04904120957836,76.73668405822242,1662000,76.50414713132452
2024-07-09,76.60713195800781,76.73668466245613,75.48099132996342,76.08890593360567,2152500,76.27493598347579
2024-07-10,78.86936950683594,78.9490977608584,76.66692781177267,76.66692781177267,2475300,78.16179835982233
2024-07-11,79.66664123535156,80.443972746691,78.91920592009362,78.91920592009362,2540600,79.6766066340454
2024-07-12,80.00547790527344,81.04690265848565,79.66664419933674,80.01544583877319,2579000,80.23967492103195
2024-07-15,79.91578674316406,80.35427696007757,79.57694544482086,79.97557913562835,2483200,79.94900304935418
2024-07-16,82.3573989868164,82.67630439263613,79.91578018631894,80.17488560127553,3524300,81.64982785525716
2024-07-17,82.18798065185547,83.33404954672064,81.67972255697876,82.30756542478801,2567800,82.40058425185163
2024-07-18,80.70308685302734,83.21944636505611,80.61339066029053,81.66976348677873,3233900,81.51197462612465
2024-07-19,80.19463348388672,81.13675061303543,79.6662513784339,80.98222463194514,2428200,80.33254515845202
2024-07-22,80.98223114013672,81.13176751700146,79.85567306026938,80.83268715714904,2439400,80.65655723913585
2024-07-23,80.57347869873047,80.96228849374423,80.25445508215192,80.63329324992552,1529000,80.59674075820887
2024-07-24,79.4469223022461,81.24142715961564,79.38710014938141,80.75292394693487,2517000,80.02514987041438
2024-07-25,79.67620849609375,80.81273040720589,79.48679324832284,80.16471926601444,2512400,79.99191071720749
2024-07-26,80.25445556640625,81.43883540885095,79.7559806871118,80.49372137875314,2532900,80.483090554123
2024-07-29,81.79972839355469,82.20747742560462,80.27438891742564,80.43390452517357,2790400,81.42719824552832
2024-07-30,82.39790344238281,83.82354197708456,80.75293473216948,82.28823835462703,5269100,82.32479338387895
2024-07-31,84.3718490600586,87.98080965611109,79.75597475908087,79.85566820630524,8043400,84.03621115841685
2024-08-01,83.14559936523438,84.7407172271085,81.96919851595435,83.8434610528912,3561600,83.28517170276574
2024-08-02,83.18547821044922,83.27520002475379,80.54854222248767,82.54743106609916,2986200,82.33640681923022
2024-08-05,81.27133178710938,82.11874507102249,79.49676263438616,81.71996369143788,3589100,80.96227983083934
2024-08-06,81.3012466430664,82.67703441582321,80.92240090981119,81.85953601065661,2686700,81.6335606562336
2024-08-07,79.09798431396484,82.40786456824323,78.53969492462751,81.97917589968135,2401200,80.0151812689452
2024-08-08,82.06890106201172,82.14865886548532,79.43695439636502,79.67622020066307,1632600,81.21817144128735
2024-08-09,83.14559936523438,83.21538553400006,81.06696033186876,82.06889195617362,1584300,82.47598174370107
2024-08-12,82.11875915527344,82.94622172263668,81.46076862518805,82.94622172263668,1564400,82.17524983436606
2024-08-13,83.91325378417969,84.23227738150408,82.26828527048849,82.93624734505232,1766200,83.47127214539076
2024-08-14,83.21539306640625,83.97307697167545,82.49758806205887,83.93319807075363,1904600,83.22868603338019
2024-08-15,85.03980255126953,85.67784967649193,83.71385777917979,83.71385777917979,2319400,84.81050333564708
2024-08-16,84.54132843017578,84.89025926609418,83.90328129989022,84.67092913891068,1341700,84.4449563320534
2024-08-19,85.32891845703125,85.34886170982533,83.89331610687319,84.44163386075303,1439000,84.85703209124325
2024-08-20,83.6839599609375,85.4385859504273,83.58425890638615,84.90023980768734,1464200,84.23560160591698
2024-08-21,84.2223129272461,84.38182092202557,83.28517778725329,84.38182092202557,984300,83.96310387884165
2024-08-22,84.1126480102539,84.52139342761424,83.69392336016544,84.52139342761424,944800,84.10932159934453
2024-08-23,84.5213851928711,85.30897628328655,83.69391520604098,84.74071532009081,1511800,84.50809222739954
2024-08-26,84.2322769165039,85.15944042956622,83.91325332094065,84.38182089076346,1475100,84.43499022233692
2024-08-27,84.15251922607422,84.44162791613435,83.77367351088044,84.27214830992756,1208100,84.12260688436301
2024-08-28,83.6739730834961,84.16247621604636,83.07580489582541,84.16247621604636,1131300,83.63741806512262
2024-08-29,83.82353210449219,84.74072399758488,83.424750705632,83.99301172701796,1264700,83.99633560256969
2024-08-30,84.56126403808594,84.62107857961081,83.33501269397351,84.19238995106505,1838600,84.17245177055675
2024-09-03,84.54132843017578,85.30598706334303,84.07276090503319,84.30205505172738,1963900,84.640025466184
2024-09-04,87.2829360961914,87.45241569412758,83.95312064586832,83.95312064586832,2008000,86.22949081206245
2024-09-05,87.02374267578125,88.23005093400866,86.41560273317,87.13340775435854,2321000,87.22313211431997
2024-09-06,84.8304443359375,87.482334126788,84.75069414245785,86.96392364161943,2696500,85.68782420172778
2024-09-09,84.86036682128906,86.19627585680831,84.46158539365896,85.09963263541788,1659600,85.17274269058545
2024-09-10,85.28904724121094,85.4684984859091,84.58120628270204,84.95008039850447,1558900,85.11291733660737
2024-09-11,86.92404174804688,87.14337188633733,82.88639265419239,84.9999286341198,2630300,85.65126876285888
2024-09-12,87.19322204589844,87.20319367286397,85.77755526170338,86.75456173288818,1393200,86.72465699348861
2024-09-13,86.6448974609375,86.88416324647355,85.44855332101291,86.3458095244258,10515100,86.32587134280799
2024-09-16,86.37571716308594,86.98385705874863,85.59311564215353,86.88416361486276,4680200,86.31756328799604
2024-09-17,86.5252685546875,87.92099970719141,86.08660823661182,86.3757245729687,3144200,86.84429216616358
2024-09-18,88.25994110107422,89.4164062124094,86.729627520301,87.1533265089288,3508400,88.13532494459487
2024-09-19,90.34357452392578,90.51305412864386,88.49921169875488,89.39646785038255,3128100,89.78528011710817
2024-09-20,90.0046157836914,90.85202148943381,89.32170768768316,90.07440195696144,9492300,90.05944832026945
2024-09-23,90.60279083251953,91.33455310749828,90.05447303193388,90.2239526645082,2908800,90.66393899065058
2024-09-24,91.9287338256836,92.05833455256986,89.526088928036,90.72242556334528,3537800,91.17105243542983
2024-09-25,92.72628784179688,93.24469830620177,91.86891054572092,92.50695770473715,4044700,92.61329889790652
2024-09-26,92.2078628540039,92.4371645999433,89.10734910788457,90.74234578097446,5273200,91.25079218727727
2024-09-27,91.70939636230469,94.26159264371412,91.6097029183242,92.39729405617784,12623800,92.52689730811433
2024-09-30,93.56373596191406,94.03230357864952,92.10819018604595,92.22782689865603,3977300,93.23474324220318
2024-10-01,91.39036560058594,93.53380870538197,90.87195516892723,93.53380870538197,2615400,91.93204315829837
2024-10-02,90.76229858398438,92.19790853822691,90.69251241154882,91.35049523649509,1763400,91.21757317792003
2024-10-03,89.60582733154297,90.56289803504062,89.24692486696611,90.23391044761337,2592900,89.80521674451656
2024-10-04,91.1411361694336,91.190986694925,89.64571167815866,90.36351665095019,1988600,90.65927818083908
2024-10-07,89.7852783203125,91.02150129766731,89.4413294921824,90.72241337595719,2623400,90.08270303672073
2024-10-08,90.41336822509766,90.73936663024615,89.58589817152547,89.96473630883837,2075400,90.24621100895642
2024-10-09,90.49311828613281,90.74235570387222,89.72048837603852,90.52303316540433,2122900,90.31865412201451
2024-10-10,89.9747085571289,90.58284846999376,89.52109462757649,90.02455908354305,2269300,90.02621721823306
2024-10-11,90.75232696533203,91.33055959763145,90.11427978697485,90.40339610312456,1372100,90.73238878331279
2024-10-14,91.34053039550781,91.5199816381757,90.29373021225811,90.77226939474656,1342800,91.05141408198055
2024-10-15,90.43329620361328,91.67450117872431,90.3336027660499,91.60969702155334,2474300,90.8138000494625
2024-10-16,89.9448013305664,90.84205756363114,89.69057429429331,90.76229976377597,1823100,90.15914439616363
2024-10-17,90.54296875,90.64266219580288,89.98467936860597,90.46321095090875,1711100,90.3901034381363
2024-10-18,91.09146881103516,91.33082127185808,89.74015989924568,89.81495278785555,1609500,90.72081666071297
2024-10-21,89.5556640625,91.20116845088585,89.2764195299841,90.6426946031251,1675400,90.01108401445664
2024-10-22,89.0669937133789,89.31631348761512,87.45639010223101,89.01713432371308,2210200,88.61323243440835
2024-10-23,89.04704284667969,90.11413107261762,87.87025332202184,88.40878489520102,2116600,89.01047574710638
2024-10-24,88.65811157226562,89.73517480277664,88.35892480535627,89.31631180737644,1291700,88.91740372679952
2024-10-25,88.17941284179688,89.40606943593755,88.05974422387563,89.01713121042268,2035500,88.54840883387003
2024-10-28,85.69620513916016,86.72838519295686,84.66900874243917,86.42422232996527,4223700,85.69786635818541
2024-10-29,85.0379867553711,86.46409619361513,84.77869966378914,85.42693261001567,3762300,85.4269275375918
2024-10-30,86.96273040771484,89.91468310119767,85.56654581994839,89.48585280391644,4700400,87.48131977628697
2024-10-31,87.11231994628906,87.90515493266167,85.76599480537357,85.88567102560596,3259500,86.9278232281081
2024-11-01,86.71341705322266,88.19936843073953,86.48404711483812,86.97271175667275,3383300,87.13227753293343
2024-11-04,86.75331115722656,87.68078107138359,86.31451350495169,87.36165204762182,1431700,86.91620191118727
2024-11-05,87.93009185791016,87.95004169971088,86.57379174360273,86.57379174360273,1656200,87.48464176707459
2024-11-06,86.54386901855469,89.75510856458013,84.84350652467556,89.6753244197837,4163100,87.04749470260346
2024-11-07,88.08966827392578,88.63816723581674,86.69945634392391,86.87298650558307,2497300,87.80909728455548
2024-11-08,85.70616912841797,88.86754208031704,85.60643513053232,88.55838799105172,10190500,86.72671544642243
2024-11-11,85.15766906738281,86.9128825648216,84.24017404251295,86.76328916522326,4367000,85.43690855823911
2024-11-12,84.6889419555664,85.67625377320753,84.48948917287467,85.18758152093169,3918900,84.95156163388287
2024-11-13,83.95094299316406,85.17260819505086,83.02845691351209,84.88838764849604,3014800,84.05066936724234
2024-11-14,82.69438171386719,84.45956999382638,82.47497909297863,83.42239880966687,3061100,83.20964360022407
2024-11-15,81.53753662109375,82.5946499710677,81.29818417274717,82.58467505022777,3768400,81.81012358830287
2024-11-18,82.49493408203125,83.25785203767131,81.66220688890245,81.67716546774744,2918000,82.47166433620167
2024-11-19,82.29547119140625,83.00354607560065,81.48767752368848,81.77688938699588,2513600,82.26223159689846
2024-11-20,84.66900634765625,85.05794463039186,82.18578324819742,82.27553472484261,6103400,83.9709114087485
2024-11-21,81.77688598632812,85.02801797425137,81.61731767859992,84.36981011782603,4930600,82.8074072130598
2024-11-22,82.21569061279297,82.35530907669946,80.34080105410197,81.73699330180243,5934900,81.63726691453147
2024-11-25,82.43508911132812,83.27279985291311,81.67715491039272,83.13318139598228,5272900,82.46168129154465
2024-11-26,82.2854995727539,83.20299450643108,82.16582334324295,82.55476157835905,2040900,82.55143914080931
2024-11-27,82.774169921875,83.67670634038836,82.49293951299714,82.62457652679498,1808000,82.98127192508683
2024-11-29,82.99356842041016,83.2827802741924,82.6644644893508,83.02348557620905,1277700,82.9802710613178
2024-12-02,82.85395050048828,83.02348612355688,82.16582547803408,82.66446503433173,2247000,82.68108736735975
2024-12-03,82.3453369140625,82.83400155410611,81.8107921996014,82.25558544510253,2026700,82.33004355592334
2024-12-04,82.78413391113281,82.98358667247508,82.27551947848434,82.39519570047078,1932700,82.68108002069742
2024-12-05,81.34307861328125,83.1032757543002,81.13863455565584,82.53482692701131,2269200,81.86166297441243
2024-12-06,81.01895141601562,81.7469685019849,80.25104986191042,81.14860256768225,3177200,81.00565659330364
2024-12-09,81.67716979980469,81.89657244601655,80.83945129687181,81.13863810691284,2372600,81.47106451423102
2024-12-10,82.13590240478516,82.77416038217375,81.42284393415922,82.19573671246681,3124600,82.11096890703938
2024-12-11,82.52484893798828,83.10327266598279,81.55748695359928,81.82675658257149,3890100,82.39520285252344
2024-12-12,81.40789031982422,82.39520210856924,80.62003891656917,82.10599025608556,2370000,81.47437711498755
2024-12-13,80.87933349609375,81.2682717364405,80.40064378888346,81.17852026957696,2836000,80.84941634047256
2024-12-16,80.071533203125,81.5574768083185,79.8720728345062,80.54025555858536,2908800,80.5003609486499
2024-12-17,79.03436279296875,80.61006547977166,78.99447071890138,80.12139327892275,3557100,79.54629966388059
2024-12-18,76.8802490234375,80.1513311544237,76.7705553125993,79.15405196548113,3264100,77.93404516348683
2024-12-19,77.21932220458984,77.96728154108969,76.74062488143018,77.09964597164097,3384400,77.30907620903658
2024-12-20,78.6952896118164,78.81495822239599,76.6817785003765,77.3589317941431,11179900,78.0640087781963
2024-12-23,79.06427764892578,79.13408687435638,77.31903940452571,78.56563815052576,2495700,78.5058013092693
2024-12-24,79.1440658569336,79.57289615191338,78.52076645194175,79.32357638991665,1035700,79.0792428202629
2024-12-26,79.49311828613281,79.961840693122,78.76011751922604,78.88477741007908,1622000,79.40502549949362
2024-12-27,79.29366302490234,79.65268410802426,78.67534724649555,79.10417756196698,1533000,79.20723145980737
2024-12-30,78.38613891601562,78.94462040852852,77.38885977558633,78.90472832987503,1850600,78.23987303337682
2024-12-31,77.96726989746094,79.05430031869177,77.7578422275532,78.78503834556317,1877800,78.25980414790196
2025-01-02,78.166748046875,78.70527977675799,77.508547671665,78.70527977675799,2658500,78.12685849843267
2025-01-03,80.30091857910156,80.40065258693342,78.1767166025587,78.33628492818045,2712600,79.62609592286456
2025-01-06,81.49763488769531,82.17578486036929,80.20116924302512,80.30089561369951,3746500,81.29152966369658
2025-01-07,83.14315032958984,83.21295955302824,81.22836892781523,81.6571991885467,3382000,82.52815960347777
2025-01-08,86.02529907226562,87.06247027071257,84.0606579873272,84.41967907942944,4432600,85.71614244343512
2025-01-10,84.52937316894531,85.8358062705255,84.17035210751888,85.1476813013523,3792000,84.84517718232989
2025-01-13,85.12773895263672,85.31223313916715,83.6687222823669,84.90833634777069,2903800,84.70289812472359
2025-01-14,83.93549346923828,85.79119386362525,83.62621260742571,85.69142658030725,2821300,84.45096664676309
2025-01-15,83.46659851074219,86.05060729649507,82.66844490560817,85.02298966782094,4148700,84.06188357094847
2025-01-16,84.80349731445312,85.15268666339655,83.18624254407032,83.56636607315775,2115900,84.38080884064
2025-01-17,84.54409790039062,86.14039753511607,84.38447174279662,86.14039753511607,2855000,85.02298905943444
2025-01-21,87.1380844116211,87.41744350366815,84.44432929538715,84.94317339926432,2861800,86.33328573689214
2025-01-22,87.12809753417969,88.06591910689671,86.55242806959558,87.01835124187946,2381200,87.24881490355733
2025-01-23,87.95619201660156,88.46500749876282,86.65919436128361,87.1281090153102,1696900,87.69346462554932
2025-01-24,88.46500396728516,88.57475026966597,86.81881704332935,87.30768970366432,2008400,87.95285709342681
2025-01-27,88.78427124023438,89.48265755085599,87.96616721652562,88.67452492873322,2376800,88.74436533587199
2025-01-28,87.57707977294922,89.11352070374315,87.49726288028926,88.54483866411717,2406800,88.06262111899387
2025-01-29,87.64690399169922,88.40514913028396,87.33762309553926,87.58704513741192,1336100,87.79655873917415
2025-01-30,89.34298706054688,89.5425216685873,88.20562304885026,88.34529879683002,1618700,89.03037725932813
2025-01-31,88.09587860107422,89.59241102841915,88.01606171146068,88.92395409260267,1775500,88.56811711365135
2025-02-03,87.30770111083984,88.2854313357424,86.16035809807038,87.20793380793756,2142300,87.2511635148842
2025-02-04,86.72903442382812,87.82648990747347,86.5594292588139,87.48727957744504,2488900,87.03831786337184
2025-02-05,86.96846771240234,87.58703705942946,86.10048395826222,86.80884157843931,2346900,86.885329576698
2025-02-06,88.34529876708984,90.53023088789921,87.16303299898836,87.30770205976273,3252700,88.67952088465914
2025-02-07,87.43739318847656,89.15341810936494,87.29572316919207,88.59471515345037,1671400,87.96217815567786
2025-02-10,87.2977066040039,88.07590208499293,86.66417254478604,87.79655064174108,2036400,87.34592707792763
2025-02-11,86.82879638671875,87.77660467345967,86.53448021637428,86.60930378112072,2392400,87.04662709218424
2025-02-12,85.70140838623047,86.46962486575613,85.30233162819181,85.74131682320993,3656300,85.82445496005947
2025-02-13,93.2638931274414,94.58084120238186,89.43276661104221,89.79193495982203,7832700,92.42583364695516
2025-02-14,91.996826171875,92.99451435195618,90.96920856427246,92.98453533886348,3946400,91.98684969603455
2025-02-18,92.45576477050781,93.044404773646,91.91202652184072,92.03673754832897,3262700,92.47073202199817
2025-02-19,92.30609893798828,92.9346473075765,91.3882277200174,92.06665592716024,3284000,92.2096579885274
2025-02-20,91.8770980834961,92.92467368574019,91.32837416802826,92.11654871997027,2341200,92.04338197908818
2025-02-21,90.87940979003906,91.52790860889266,90.22093957016551,91.32837402390224,2854700,90.87608598969909
2025-02-24,90.3606185913086,91.48800349988073,90.16208113919303,90.43045645977313,2769000,90.67023441012746
2025-02-25,90.60005950927734,91.17872046976397,89.80191354713813,90.8794109766139,2310900,90.52689784205982
2025-02-26,90.50028991699219,91.43811920073769,89.94657269695723,90.16107960434339,1845500,90.62832727156236
2025-02-27,89.19332885742188,91.9848570406388,89.07360353016239,89.90168658392042,3926200,90.08392980940768
2025-02-28,87.14805603027344,90.05133212213214,85.69143228396088,89.75202264050016,4214400,87.63027347878881
2025-03-03,86.2501449584961,88.77430258948135,86.09051879884798,87.28774163735898,3556300,87.03832211560848
2025-03-04,84.1150894165039,86.4197543265602,82.51878982435373,86.4197543265602,3998900,84.35121118913928
2025-03-05,84.56404876708984,85.29036256556923,83.59629005467455,83.80580365038976,3111100,84.48356712911121
2025-03-06,85.2125473022461,85.67148293114134,83.42668462638363,83.80580337762152,3946100,84.77023828659036
2025-03-07,86.37984466552734,86.73901302015896,84.50418601094957,85.30233960163247,4076700,85.87434789887863
2025-03-10,85.16265869140625,87.13807691011702,84.67379364298377,85.57670017539131,3552100,85.65817641483568
2025-03-11,85.39212036132812,89.02371202840936,84.743629189257,87.13807452684046,4276600,86.38648719299817
2025-03-12,83.59629821777344,85.8909765937915,83.56137547586584,85.52183681795228,2819700,84.34955009581027
2025-03-13,81.26168823242188,83.92552109789547,80.97236539767462,83.44662748705298,3605700,82.05319157599733
2025-03-14,81.7804946899414,82.13966301450886,80.21512181909105,81.96007885222512,5207300,81.37842650784711
2025-03-17,82.27934265136719,82.70335554653266,81.43130924927974,81.65079424761196,2526800,82.13800248239319
2025-03-18,81.9500961303711,82.18953913199199,81.0422039595241,81.97005415403038,2899900,81.72727974062906
2025-03-19,82.20951080322266,82.43398913024255,81.59094136694473,81.69070866653612,3124200,82.07814710013665
2025-03-20,81.62086486816406,82.48885629626359,81.36147143041555,81.86031550390244,2731100,81.82373086494773
2025-03-21,81.30160522460938,81.6408231537745,79.96470675704857,80.96239490720076,4304400,80.96904504514414
2025-03-24,81.51111602783203,82.59860003232305,81.29163103619986,81.96008024706009,4453600,81.80044903211831
2025-03-25,82.26936340332031,82.69836960951498,81.29163328522971,81.77051933154776,3730100,82.08645543268834
2025-03-26,80.81273651123047,82.66843699561403,80.29892774605635,82.20950138068939,2859100,81.26003375096695
2025-03-27,81.47122192382812,82.6085858609078,80.98234922621413,81.20184184771317,3074600,81.68738567031669
2025-03-28,79.82502746582031,81.59891679591063,79.60054916439616,81.23176373669953,3189800,80.34149780870904
2025-03-31,80.52340698242188,80.82271646212314,79.0168957949697,79.51573985330097,4151200,80.12100641317157
2025-04-01,79.38604736328125,80.65310798970269,79.14660433383088,80.1842009437914,2996300,79.72858656227162
2025-04-02,79.17652893066406,79.69532339811553,78.51805112515191,78.59786800068483,2806100,79.12996781797717
2025-04-03,71.83355712890625,76.41294274223037,70.28713722934481,76.35807719337754,9331400,72.84454570016048
2025-04-04,60.3701057434082,63.649509112112604,57.90581870452634,63.213519134872335,16890600,60.64181118668238
2025-04-07,60.849002838134766,63.59763099158291,58.71893647526108,60.39006338991659,9299600,61.05519010165958
2025-04-08,58.61417770385742,64.28104659314317,57.915795250891144,63.043911635956206,7418900,60.270339849297244
2025-04-09,64.82978057861328,65.37850450457547,57.516724472139515,57.56660811941987,8488500,62.575003185109416
2025-04-10,62.136016845703125,64.05157626939668,59.55898816818735,63.542756986815036,7636300,61.91552709442905
2025-04-11,62.664794921875,63.44997425825053,60.71830510168513,62.19588026713155,7221500,62.27769142727022
2025-04-14,64.24114227294922,64.63523337259389,63.093803132121984,63.7722276033755,4896000,63.990059592555035
2025-04-15,62.95412063598633,64.6501950551666,62.51513922084626,64.35088556597111,5405800,63.37315163733306
2025-04-16,61.337867736816406,63.547747167656794,60.55967218841661,62.95412149344611,6206900,61.81509569762994
2025-04-17,62.225807189941406,62.69472182581386,61.55735797409427,61.846688443286986,4474000,62.15929566328318
2025-04-21,60.340179443359375,61.662117016168395,59.811405936587086,61.58728964301349,5755100,60.604567465371616
2025-04-22,61.507476806640625,62.19588026938996,60.609555937073395,61.44761414671004,4508800,61.43763767103466
2025-04-23,64.73998260498047,66.92492206090722,64.12640653197944,64.350884840467,6292800,65.26377039928904
2025-04-24,66.92491912841797,67.23420000159304,64.6202544567964,64.88963450458301,6555800,66.25979119560247
2025-04-25,68.2974624633789,70.69316574476491,67.80834215347622,68.87642554939559,5508600,68.93299012054001
2025-04-28,67.94808197021484,68.67677784443015,67.1594959968719,68.20761842598424,3896300,67.92811860383897
2025-04-29,67.96804809570312,68.417246721362,66.98980752696495,67.7584251166878,5692100,67.79170078134337
2025-04-30,70.20403289794922,72.46996372205024,69.71490505966334,72.37014435642864,12759300,70.7963005598876
2025-05-01,67.5488052368164,70.79298468058651,67.50887596054386,70.19406076795973,8115300,68.61688862598226
2025-05-02,70.40367889404297,71.0824613123336,69.24576042503554,69.77480997157835,7209400,70.24396687713737
2025-05-05,69.24575805664062,70.4635665864027,69.06608013983475,69.8047526352678,5927300,69.59180159429269
2025-05-06,66.9698486328125,68.85647094447263,66.94988780061068,68.35736636638079,5677400,67.59206912596527
2025-05-07,68.69674682617188,69.18586713047307,66.8300931525908,67.35415442935029,5304500,68.23756903641191
2025-05-08,70.37374114990234,71.27213085794091,68.98623111804928,69.36554783222955,6022300,70.21070104196417
2025-05-09,69.74486541748047,71.68138569450288,69.66500686988174,70.62328659387568,5724400,70.3637526606217
2025-05-12,73.9772720336914,77.610752304003,73.37834813712817,76.81218203143166,8031200,74.98879082494086
2025-05-13,73.69776916503906,75.55443843537441,73.53805207627776,74.21683447205338,4751000,74.2634198922304
2025-05-14,72.70954132080078,73.81256563820855,72.58976111253489,73.37834715178386,3849400,73.03728935718141
2025-05-15,72.7794189453125,72.92914419676177,71.42684245329094,72.15054242630566,3448000,72.37846853178841
2025-05-16,72.9990234375,73.09885043283178,71.91596755657854,72.77942384866937,3309100,72.67128047563678
2025-05-19,72.96907806396484,73.1587402153837,71.751261837291,72.11061769485805,2418500,72.62636003887985
2025-05-20,71.7213134765625,72.86925532329467,71.66142337497425,72.46997020933608,3268200,72.08399739161047
2025-05-21,69.45538330078125,71.36195851009624,69.28568960038157,71.29208418547695,3225900,70.03434380375302
2025-05-22,69.31563568115234,69.98942218947596,68.1008124596583,69.28569062954645,2835100,69.13529011009554
2025-05-23,69.03614044189453,69.23577920238758,68.3174287189507,68.3773188239525,2486600,68.8631161210776
2025-05-27,70.88282775878906,71.2621444614018,69.64504303624707,70.25395117447461,3183800,70.59667175214598
2025-05-28,71.02256774902344,71.3220258621964,70.37373041355393,70.88281910639675,2448600,70.90610800825793
2025-05-29,71.40188598632812,71.87104541799013,70.65322926322406,71.67140667145439,2807600,71.30872022251411
2025-05-30,70.41366577148438,71.21222842470098,69.46536262514337,71.21222842470098,7095500,70.36375227377624
2025-06-02,70.02436828613281,70.3238264398432,69.73488673986783,70.30386560922152,2396200,70.02769382194795
2025-06-03,71.03256225585938,71.17231091872067,69.18586935312044,69.87463605988752,2445300,70.46358084256683
2025-06-04,71.00260162353516,71.42185518083325,70.80296287490185,71.22220881646984,1672500,71.07580655975676
2025-06-05,71.42185974121094,71.85108993233654,70.72310884491804,71.18228408867765,1898800,71.33201950615518
2025-06-06,71.49172973632812,72.32023740000088,70.7530496093826,71.89100723488988,2152700,71.52167224857054
2025-06-09,71.54164123535156,72.85927688500345,71.34699077400744,71.72131917011004,2075600,71.91596963145416
2025-06-10,73.78761291503906,73.98725929925791,71.63148527559142,71.76124971353552,4533500,73.13545249662947
2025-06-11,73.26854705810547,74.02718808160776,72.7095448017576,73.87245927897266,3051600,73.3350933138236
2025-06-12,72.97905731201172,73.66282800917847,72.20045554559967,73.07887668436943,3574800,72.94744695559662
2025-06-13,72.12059783935547,72.65963159522579,71.78121044625009,72.06070773839099,2976900,72.18714662694379
2025-06-16,72.72950744628906,72.98904391547129,71.55162053628385,72.22041873020514,3046900,72.4233906326814
2025-06-17,71.01258850097656,72.57977634511133,70.7680245513855,72.24038893659836,2918100,71.45346313249114
2025-06-18,71.76124572753906,72.04074303418986,70.86285608778263,71.12239256498569,3496300,71.55494828317052
2025-06-20,71.15233612060547,72.47995591500577,71.08745009873672,72.46997169262667,6306600,71.573247378116
2025-06-23,71.03256225585938,71.2571577771914,69.36554729333226,71.15234247217994,3142300,70.551755775461
2025-06-24,71.85108947753906,72.16053184043932,71.28211063390249,71.45180434157486,8746500,71.76457731729363
2025-06-25,72.61970520019531,72.71952457766807,70.97265881683863,71.8810326680205,5681100,72.10396286490067
2025-06-26,74.7259292602539,75.15515945160405,72.78940128778156,72.86925983866776,5091900,74.22349666654651
2025-06-27,74.24678802490234,75.4346592574755,73.94732987277631,75.06531915921616,6817100,74.54292571838472
2025-06-30,73.93733978271484,74.44642850138291,73.44023060769817,73.8674654578569,2952400,73.94133296393197
2025-07-01,75.81396484375,76.68739765354312,73.47815961368212,73.6877825741449,3298700,75.32650737032507
2025-07-02,75.9836654663086,76.02359473685651,75.22502455735764,75.6442704745162,2526100,75.74409492017425
2025-07-03,75.93375396728516,76.39292916704396,75.55443731071828,76.0435575602416,1800500,75.96037348168247
2025-07-07,74.47637176513672,76.35300188465942,74.24678035141089,75.47458073385242,3528300,75.02538466706902
2025-07-08,75.0653076171875,76.5426601673366,74.36656442060124,74.52628150309503,3522500,75.32484406837511
2025-07-09,75.37477111816406,75.97369505378433,74.74589451239142,75.71415855591417,2574300,75.36478689477993
2025-07-10,76.36299896240234,77.18153014991911,74.99544970337317,75.37477404941133,2738500,76.17999293856487
2025-07-11,74.99543762207031,75.72612884672776,74.80578309533475,75.53447138297531,1897900,75.17578318804426
2025-07-14,74.31665802001953,74.74089989711334,73.74767918686771,74.6760138741923,2236700,74.2684123680002
2025-07-15,74.25676727294922,74.79580104953872,73.52807896410567,74.65605239809666,4637500,74.1935490955312
2025-07-16,75.31486511230469,76.07350607573014,74.0671038770728,74.30667951756307,6398500,75.15182502170255
2025-07-17,76.10344696044922,76.44284195803125,74.67600788086226,75.15515151988107,3968000,75.74076559978091
2025-07-18,75.82395935058594,76.7173607248831,75.31487059713234,76.7023805824976,3383600,75.95206355753379
2025-07-21,74.02718353271484,75.76406507056744,73.96229751029797,75.58438714487716,3902800,74.58451537119342
2025-07-22,76.35299682617188,76.6424783218085,73.97726237968689,74.02717587110786,4674300,75.6575791758891
2025-07-23,77.11164855957031,77.66066657942584,76.56263053971479,77.461020201419,2337000,77.11164855957031
2025-07-24,76.63249969482422,77.7155631350363,76.17832039894668,76.86209111010031,2392500,76.84212774293574
2025-07-25,77.50634002685547,77.72604740069957,75.86853111900483,76.65747686180673,3132700,77.03363951551995
2025-07-28,77.63616180419922,78.66478483076207,76.87818052548488,77.26666088351396,3950900,77.72637572014872
2025-07-29,77.6161880493164,78.59487476420978,77.33656327363258,78.10553140676309,4524000,77.84920869571958
2025-07-30,71.5443115234375,73.82626315977113,70.22607492123295,73.25202660225675,12910000,71.8655498681472
2025-07-31,71.2247314453125,72.91247640529765,71.01501287465452,72.24336559125175,6427700,71.71740690842155
2025-08-01,69.75670623779297,70.8053068967807,68.99771916670855,70.29598592362626,5128400,69.8532441004274
2025-08-04,70.545654296875,70.88020596458693,69.81663353416087,70.31596574612585,3251600,70.41416459854094
2025-08-05,70.6455078125,71.44444227036949,70.41581929882499,70.89517387818375,3726200,70.83525646056482
2025-08-06,69.8665542602539,70.93512476790396,69.48706456511229,70.84524863716148,5171000,70.09624786442339
2025-08-07,71.0050277709961,71.43445371003682,69.91648737854618,70.75536170455855,4233700,70.78532295319303
2025-08-08,71.9038314819336,71.98871703535083,70.91515593243417,71.10489697334157,3025100,71.60256814990619
2025-08-11,72.90249633789062,73.24203855402716,71.82393702921419,71.94377949213519,4130000,72.656157307044
2025-08-12,74.31062316894531,74.51035300531585,72.95144083201451,73.13219884826745,2338000,73.92413900209189
2025-08-13,75.22938537597656,75.33923906118275,74.21574169637738,74.31061602625583,3067900,74.92812204451224
2025-08-14,73.56161499023438,75.01966393401034,73.15215897561039,74.81992650521674,3122600,73.91114596661838
2025-08-15,73.30196380615234,74.42046298648546,72.96241396983392,73.91114966081416,2926900,73.56161358749057
2025-08-18,73.07227325439453,73.6814591557258,72.612888538821,73.26202193096799,2292500,73.12220698298044
2025-08-19,73.87120056152344,73.94609733742818,72.60289261537329,72.82259998363263,2949900,73.47339683810831
2025-08-20,73.7713394165039,74.29064153407245,73.52167332514885,73.95109930704771,2156900,73.86121809190841
2025-08-21,73.05229949951172,73.96508018795963,72.872539609841,73.40183050187022,2575900,73.29663976577079
2025-08-22,75.1195297241211,75.45408134968888,73.59656514563794,73.75135689277487,3666500,74.7233920731493
2025-08-25,74.49036407470703,75.00967376069426,73.89915958257856,74.86986137274471,2022000,74.46639913932661
2025-08-26,73.99103546142578,74.80894177944964,73.66148202798048,74.48038646173693,1845900,74.1538197562853
2025-08-27,74.16081237792969,74.38051974100718,73.62153274652236,73.6714613895466,2113000,74.0542882884864
2025-08-28,73.62152862548828,74.40048550973917,73.12219650797326,74.3255887397933,2511900,73.71473688106691
2025-08-29,73.63152313232422,74.0509603150749,73.10222464642945,73.58158686900455,1983000,73.59490269794286
2025-09-02,71.50436401367188,73.21207909195323,71.04497933932754,72.87253687930034,4045600,71.92047414831755
2025-09-03,72.28331756591797,72.56294996337537,71.53431935879414,71.818942334719,3882900,72.12686229602916
2025-09-04,74.02100372314453,74.04097365752149,71.46441782825143,72.38319481288083,2217100,73.17546506963915
2025-09-05,75.62885284423828,75.64882277833058,74.11087880028181,74.15082628767057,3010700,75.12951814095022
2025-09-08,78.05560302734375,78.32523902788712,74.88983149975687,76.03829693449379,6251200,77.09022451832925
2025-09-09,78.60487365722656,78.7846335531887,77.30661451457087,77.83590542512474,3997900,78.23204057499538
2025-09-10,75.88849639892578,79.58355880134054,75.54895420141294,78.60486445584368,4250400,77.0070031338931
2025-09-11,77.85586547851562,78.29528019491686,75.53896467975193,75.83856700806254,4358000,77.23003678439481
2025-09-12,76.33789825439453,77.531301736916,76.2779732179073,77.36652122018246,3254100,76.71572440307261
2025-09-15,77.65613555908203,78.13549014063479,76.39781644889959,76.47771141889295,3196700,77.39648071620547
2025-09-16,77.37651824951172,78.39515254800399,77.20673951709264,78.21539265777542,3384400,77.65947010486946
2025-09-17,76.52764129638672,78.57490612510134,76.0083392214524,77.39648196588487,2925300,77.03696221431348
2025-09-18,73.90116119384766,76.94709047992443,73.6514951087333,76.88716543843809,3841300,74.8332489275018
2025-09-19,74.80995178222656,75.43910759382842,74.2906420419037,74.3605482431928,6294100,74.84656713931956
2025-09-22,74.67013549804688,74.96973787239928,73.67646927421437,74.51035315247584,3155900,74.43878088155351
2025-09-23,74.50035858154297,75.3392405929732,74.37053495966161,74.53031729280757,3143100,74.73671137805927
2025-09-24,73.88118743896484,74.93976914696324,73.57159632837364,74.61020810304545,2320500,74.13085097143392
2025-09-25,71.40450286865234,72.80263451859274,69.69179712139865,72.80263451859274,5017100,71.29964483621457
2025-09-26,72.36322021484375,72.89251111829998,71.62421070544475,72.13353167370839,2679100,72.29331401286282
2025-09-29,72.99237060546875,73.54662960110831,72.34324490071229,72.9024944749778,2914600,72.96074836909645
2025-09-30,74.99969482421875,75.1694659434015,72.61288752068106,72.70277127855732,4089700,74.2606827627671
2025-10-01,75.40914916992188,76.39782476884734,74.11088243335769,74.85988071540521,3579400,75.30595212404229
2025-10-02,76.71739196777344,76.74735067799233,74.510344757601,74.99968813598572,2517100,75.99169580112226
2025-10-03,76.4577407836914,77.84588363129133,76.32791716011022,77.05694549364611,2696300,76.877180525031
2025-10-06,76.30793762207031,76.59754354444269,75.77863917899516,76.5576036800629,1677100,76.22804011516939
2025-10-07,74.39049530029297,75.38915951607589,74.10088176341152,75.02963978885776,2808300,74.62684552659346
2025-10-08,75.02964782714844,75.07958409096882,73.71141122585402,74.33058584888781,2477900,74.60688104799043
2025-10-09,74.12086486816406,75.18544289151713,73.6914389184335,74.7799793379808,1825200,74.33258222603824
2025-10-10,70.91515350341797,74.4404372348628,69.9364591448756,73.9121444949211,7015400,71.76401662771879
2025-10-13,71.7440414428711,72.73272461033906,71.60422904692284,71.92380132611945,2693700,72.026998366711
2025-10-14,72.24337005615234,73.00235703915838,70.88519365069423,71.07493468204292,2783600,72.04364024866832
2025-10-15,73.12220001220703,73.84123951495974,72.16348321493803,72.79263897024474,3432900,73.0423075807016
2025-10-16,73.281982421875,74.13584373720141,72.65781724433354,73.7913033401259,1766900,73.35854780113665
2025-10-17,73.95108795166016,74.10088148810843,72.55295653091781,72.90248748130257,2049500,73.53497532356214
2025-10-20,75.37918090820312,75.81160118727684,73.96107188325269,74.25068542992554,2050900,75.05061799291089
2025-10-21,75.99835968017578,76.44776323385116,75.0795902563842,75.14949645995084,1644400,75.84190439013705
2025-10-22,76.03829956054688,77.03696386538117,75.5988848282745,75.91845710105333,2547300,76.22471608473418
2025-10-23,77.15680694580078,77.29661934006641,75.77864531774803,76.21806005355663,2235200,76.74402386787175
2025-10-24,78.07099914550781,78.26083380837622,77.07188217909726,77.51149608356832,2600300,77.80123837766043
2025-10-27,78.28080749511719,79.08010406320639,78.21086961710866,78.55057332647652,4093600,78.52392705847741
2025-10-28,79.32987976074219,79.67956913523697,77.61139755161734,78.05101140678602,5877000,78.87361548253217
2025-10-29,77.31166076660156,78.31577810088262,73.66489028403086,76.672226578703,8765300,76.43077638383835
2025-10-30,74.93376922607422,77.31166475869172,73.8846934078463,77.31166475869172,3474800,75.37670913087074
2025-10-31,74.8838119506836,75.12360550570722,73.45507441496159,74.57408813709976,3275700,74.4874972904508
2025-11-03,74.40424346923828,75.80300877985091,73.57297740173496,74.76392619547175,4442900,74.59340988360805
2025-11-04,74.23438262939453,75.42332645945514,73.83473437764746,74.34428608919139,2489700,74.49748115549905
2025-11-05,75.54322814941406,76.7421653602048,73.24525626896548,74.14446298838696,3732000,75.17688325952811
2025-11-06,74.10449981689453,76.29256830178952,73.95463075499018,75.39336155302054,2554200,74.78389962455807
2025-11-07,72.9854965209961,74.07453034171543,72.63080664844317,73.53500627196787,4401300,73.23027783705156
2025-11-10,73.41511535644531,73.93465280597759,72.14623258689792,73.40512205280318,4400700,73.16533358310694
2025-11-11,73.34517669677734,74.32430700889772,72.75569375067221,73.43509356062921,3672900,73.47505915211576
2025-11-12,74.91378784179688,75.43332527115231,73.22527785674205,73.63491181827398,3034600,74.52413032323041
2025-11-13,73.90467834472656,75.52324284492911,73.85471945064205,74.27434671938664,2708200,74.42754688009924
2025-11-14,73.08540344238281,73.95963073805089,72.43597592678368,73.64490647236012,4407300,73.1603367024058
2025-11-17,70.56761932373047,72.935528967234,70.22792325864862,72.50590842320568,4806100,71.2436905165377
2025-11-18,70.957275390625,71.44684813583515,69.97315230542031,70.41775899912493,3371500,70.79242527729349
2025-11-19,72.24613952636719,72.27611181329677,70.82739537888358,71.17708476415675,4218900,71.78321557284919
2025-11-20,74.68399047851562,75.28345911167126,72.9755014438263,73.0654183086039,8322400,74.31431701133774
2025-11-21,76.38248443603516,77.02691910927365,73.2852235510989,74.82386450148879,8388600,75.56487569880257
2025-11-24,78.1708984375,78.95020834320776,76.43743013223568,76.43743013223568,7118800,77.85284563764782
2025-11-25,79.88938903808594,81.86764391915061,78.0809898288298,78.1709066939132,5949700,79.94600759535545
2025-11-26,80.55879211425781,81.19822631418586,79.63461356439875,79.999289094985,3091600,80.46387733094747
2025-11-28,79.91935729980469,80.61874369117484,79.55967461227876,80.57877810115453,1353300,80.03259186775277
2025-12-01,79.1700210571289,80.21909685166176,78.93023513536544,79.27992452599071,2540800,79.43978434805204
2025-12-02,80.14915466308594,80.65870638925433,79.27992026228769,79.64959623972854,2367800,80.02926043820932
2025-12-03,83.51618194580078,84.03572702695968,80.02926593490832,80.13916940889743,5253900,82.52705830255626
2025-12-04,82.44712829589844,83.62608661518725,81.47799124642985,82.85676990892388,3321100,82.51706871917185
2025-12-05,85.38452911376953,85.48443927895084,82.46710960359586,82.83678559968942,4439300,84.44535933210541
2025-12-08,83.01661682128906,85.81414709798999,82.40116351438384,85.3245819674972,4234100,83.74397581122096
2025-12-09,82.95667266845703,83.56613457023309,82.61697659082805,83.06657613419742,2749300,83.04659460983939
2025-12-10,84.39540100097656,84.79504926295952,82.43713290218228,82.60198809609987,2562000,83.8758610553728
2025-12-11,85.97401428222656,86.11389004164866,84.0607044597621,84.39540771428334,3478800,85.38286959454577
2025-12-12,83.88585662841797,85.92405608277475,83.4862083314085,85.92405608277475,2386900,84.43204034753374
2025-12-15,84.37541961669922,84.98488153883996,83.53616507499153,84.73510231247595,3566100,84.29882207684356
2025-12-16,82.1773681640625,84.42538127493351,81.66781639125436,84.37542237896236,3207400,82.75685527675013
2025-12-17,82.3072509765625,83.48620927358397,82.0374927560647,82.12740962201151,3100800,82.61031766873705
2025-12-18,82.44712829589844,83.40628728672448,82.16737676634813,82.73687312940626,2095100,82.67359744965701
2025-12-19,82.8167953491211,83.56613298899563,82.22732006462833,82.92170597267246,6437600,82.87008280091503
2025-12-22,83.86587524414062,84.10566116642251,82.97666181063234,83.32635120201363,2237700,83.64939940706516
2025-12-23,83.24642181396484,83.93581493086782,83.09155991034918,83.73598697244664,2117000,83.42459888506062
2025-12-24,83.31635284423828,83.76095953402026,83.02660804534064,83.35631843263691,807000,83.36797347453306
2025-12-26,83.53616333007812,83.91083216179801,83.19645962553717,83.47621875625315,1462500,83.5478183724711
2025-12-29,83.07657623291016,83.99576200096736,82.84677597956714,83.49620352406791,1383400,83.30637140448155
2025-12-30,83.25641632080078,83.51618123651673,82.82679573230772,82.92670590163364,1510500,83.19979776320841
2025-12-31,81.94757080078125,83.09655684467344,81.86764723613244,82.99664667186926,1578100,82.30392496052905
2026-01-02,82.74686431884766,83.49620202070489,82.12740907448905,82.50707838859738,3433500,82.7901584713472
2026-01-05,84.96490478515625,85.40451867434768,82.15738864637353,82.71689168886645,2857900,84.1756040352925
2026-01-06,86.6534194946289,87.15797082808119,84.40540627755887,84.72512340796919,2512500,86.07226553342298
2026-01-07,85.68426513671875,87.16295383962043,85.30459584659407,86.25376144924897,2450100,86.05060494097775
2026-01-08,88.08214569091797,89.69071681636316,84.51529119696075,84.95490505288623,4219600,87.42938456808064
2026-01-09,87.23755645751953,88.47195651454808,85.36346822830832,87.55740054361087,2991300,87.02432706679197
2026-01-12,86.85774230957031,87.07763654432395,85.29849574753743,86.52790095743985,1965900,86.41129153381057
2026-01-13,84.72877502441406,87.55740069337267,84.4289254826381,87.07763837625733,2709000,85.57170040014161
2026-01-14,85.2585220336914,85.3684691512277,83.51936269758146,84.11907702075558,3776200,84.71545129416685
2026-01-15,82.46987915039062,84.23901507901748,82.38991622264768,84.16904942366352,5188400,83.03293681735192
2026-01-16,81.71025085449219,82.6597858875426,81.11054411647693,82.64979624031652,6127100,81.82686028617057
2026-01-20,78.79167175292969,79.96110102525975,78.271920325882,79.6012754605913,5702600,79.00823103469048
2026-01-21,81.06056213378906,81.28045637492157,79.13150032615098,79.4113629509798,4418900,80.49083961162053
2026-01-22,81.85018157958984,83.16953944394004,81.17550673815691,81.43038762858862,5526300,82.06507592056226
2026-01-23,79.73120880126953,81.77021777451147,79.5413063734752,81.2204897852224,2340500,80.34757764975207
2026-01-26,80.23096466064453,80.99059723924124,79.48132935465276,79.73120778998336,2915000,80.23429708484618
2026-01-27,80.28094482421875,80.91063574719216,79.77119067189659,80.52082599120602,1969000,80.32092374776916
2026-01-28,79.2214584350586,80.1909879495268,79.0915167729024,79.96109644195505,1985700,79.50132105249592
2026-01-29,78.74169158935547,79.71122114184863,77.63223072265552,79.55129528236391,3697100,78.69504781795321
2026-01-30,78.93160247802734,79.0725327584239,77.96207291525373,78.6217556540961,2724200,78.65540271723499
2026-02-02,80.071044921875,80.19098931382494,78.26192752431606,78.41184848214783,3353200,79.50798725333867
2026-02-03,78.74169158935547,80.80068746327063,78.19196360516733,79.58128710028082,4574200,79.24478088593115
2026-02-04,82.5898208618164,85.49840962073593,79.02655942306362,79.67124245559421,7006500,82.37159663520532
2026-02-05,82.26997375488281,83.93916750139114,81.75022996376865,82.27997102750558,3997700,82.65312374001421
2026-02-06,80.61078643798828,83.45939913481817,80.42087638297134,82.43989845278399,3468900,81.49702065192594
2026-02-09,79.04154968261719,80.46085738647514,78.55178245151082,79.96309843771238,3171000,79.35139650686772
2026-02-10,79.18148040771484,80.54881143386605,79.09152020495807,79.37139046022435,3867500,79.60727068217966
2026-02-11,79.16148376464844,79.45634610827982,78.26192751502649,78.89161841489876,3500200,78.95991912931824
2026-02-12,78.61175537109375,79.79118186223975,76.62272520935656,79.57128762437931,3849900,78.34188748089669
2026-02-13,80.30093383789062,82.05008296188718,78.43983965800213,78.61176072646832,5691900,80.26361881925997
2026-02-17,81.57032012939453,82.6098153748298,80.02107072138281,80.12102819984935,3898800,81.40040207520238
2026-02-18,82.90966033935547,83.13955185113183,80.85066450853611,81.580312882215,2263300,82.29995889967448
2026-02-19,82.96963500976562,83.0396006642759,81.65027722065449,82.49986234704619,2206800,82.55317096489867
2026-02-20,84.18904876708984,87.07764297170996,82.24998960006465,82.75974376137555,5238900,84.50556044628816
2026-02-23,83.81922149658203,84.6688066367629,82.54983479684155,83.87918987979718,2926500,83.67928764339548
2026-02-24,84.0091323852539,85.12858288679288,83.47938370070752,83.81922233559229,2212500,84.20569965758477
2026-02-25,83.9891357421875,84.91868379652983,83.09956915128492,84.05910139678598,2176700,84.00246289666741
2026-02-26,83.87918853759766,84.7187840175975,82.83469854299653,84.14906150911648,2286000,83.8108903660639
2026-02-27,84.22901916503906,84.63882345706745,82.45988320788032,83.17953431780408,3094000,83.77590860999561
2026-03-02,80.12102508544922,82.88967479087133,79.52631318984133,82.88967479087133,3500800,80.84567102205396
2026-03-03,78.09200286865234,79.15149257927749,77.25241501847688,78.25192872145779,4244300,78.16530348880224
2026-03-04,78.98157501220703,79.18148234228137,77.74218006848574,78.46183120538356,2462100,78.63507914099138
2026-03-05,77.07250213623047,78.32688908642373,75.52325284856116,78.04203164683913,3940400,76.97421469040512
2026-03-06,74.23387908935547,76.24290376007637,74.15392378893411,75.68317852870511,2773200,74.87690221278865
2026-03-09,75.59322357177734,75.9430594913251,72.26484851795647,73.31433339954508,2906100,74.6003771936863
2026-03-10,72.69464111328125,75.46329094909224,71.6851300528102,75.10346537557156,4395500,73.28102070506122
2026-03-11,72.61467742919922,73.16440543117619,71.88502901663747,72.53471449686931,2491100,72.5547039590043
2026-03-12,70.29580688476562,72.11492168281478,69.15636177091534,71.65514625316335,4776100,70.52236344616524
2026-03-13,70.73558807373047,71.08542400330442,70.12589167305852,70.95548232922778,4497400,70.6489679166978
2026-03-16,72.13490295410156,72.53071410642588,71.30530474080108,71.83505341512566,3367300,71.99030726710951
2026-03-17,72.30481719970703,73.85406648073906,71.99497039377437,72.68463728510511,3332100,72.71795135807349
2026-03-18,70.2158432006836,72.05494489963249,70.14088271729138,71.46523542845377,4304700,70.80389027253581
2026-03-19,70.34577178955078,70.99545722272428,69.34126326160205,69.40623409262473,4278500,70.22749742462571
2026-03-20,69.61613464355469,70.52568819632867,68.96644917689625,69.83602889002537,5121600,69.70275733892653
2026-03-23,71.61515808105469,72.44475628165036,70.79555715264378,71.88502342456862,3377400,71.61849050511627
2026-03-24,70.92549133300781,71.81505791715826,70.63563144453299,70.84552840673524,6136900,71.12539356489968
2026-03-25,72.16488647460938,73.04945823901876,71.795071284075,72.0949208202636,3563200,72.33647199923438
2026-03-26,71.50521087646484,73.46925163288387,71.32529810578121,71.72510511015422,4860900,72.0999202050433
2026-03-27,69.19634246826172,71.21535695216558,69.11637953555454,71.04544143942657,3526000,69.84269298532728
2026-03-30,68.73655700683594,70.42573767901683,68.40672326593774,69.96096744711932,3776900,69.18967265059683
2026-03-31,71.1453857421875,71.3502878816327,68.68658294589825,69.86600942142084,3496500,70.39408552323948
2026-04-01,71.94499969482422,72.10491792194297,70.9854598293742,70.9854598293742,3351200,71.6784591487138
2026-04-02,70.3499984741211,72.29000091552734,69.80000305175781,70.38999938964844,2750700,70.81333414713542
2026-04-06,70.4000015258789,70.87000274658203,69.84500122070312,70.3499984741211,2327000,70.37166849772136
2026-04-07,69.7300033569336,70.80999755859375,68.94999694824219,70.4000015258789,3213300,69.82999928792317
2026-04-08,73.75,74.12999725341797,72.0,72.81999969482422,4579700,73.29333241780598
2026-04-09,72.91000366210938,73.20999908447266,71.2750015258789,72.73500061035156,3580400,72.46500142415364
2026-04-10,73.18000030517578,73.69000244140625,72.58999633789062,73.41999816894531,2691600,73.15333302815755
2026-04-13,73.83000183105469,73.95999908447266,72.05000305175781,72.62000274658203,2326400,73.28000132242839
2026-04-14,74.66999816894531,75.08999633789062,73.88999938964844,74.08000183105469,2179300,74.5499979654948
2026-04-15,73.51000213623047,75.08000183105469,73.44000244140625,74.62999725341797,3159100,74.01000213623047
2026-04-16,73.19999694824219,74.30000305175781,72.8499984741211,73.5,2685900,73.4499994913737
2026-04-17,74.66000366210938,75.94999694824219,74.36499786376953,75.04000091552734,3461400,74.99166615804036
2026-04-20,74.1500015258789,75.18000030517578,73.86499786376953,74.02999877929688,2245900,74.39833323160808
2026-04-21,72.26000213623047,74.63999938964844,72.08000183105469,74.42500305175781,2720700,72.9933344523112
2026-04-22,71.37999725341797,72.86000061035156,70.91300201416016,72.86000061035156,3558100,71.71766662597656
2026-04-23,69.88999938964844,71.43900299072266,69.2750015258789,70.98999786376953,3291600,70.20133463541667
2026-04-24,68.83000183105469,69.58999633789062,68.5199966430664,69.47000122070312,3587700,68.97999827067058
2026-04-27,70.4800033569336,70.81999969482422,69.0,69.19000244140625,5314100,70.10000101725261
2026-04-28,68.5,70.87999725341797,68.38999938964844,70.69999694824219,5086800,69.2566655476888
2026-04-29,59.48500061035156,62.900001525878906,58.75,62.150001525878906,23475900,60.378334045410156
2026-04-30,60.84000015258789,61.029998779296875,59.18000030517578,59.209999084472656,10031000,60.34999974568685
2026-05-01,61.029998779296875,61.529998779296875,59.810001373291016,61.529998779296875,11978600,60.789999643961586
2026-05-04,61.0,62.52000045776367,60.709999084472656,60.7400016784668,7799000,61.40999984741211
2026-05-05,61.040000915527344,61.47999954223633,60.13999938964844,61.0,7372600,60.88666661580404
2026-05-06,61.73500061035156,62.689998626708984,61.130001068115234,61.81999969482422,5358900,61.85166676839193
2026-05-07,61.34000015258789,62.349998474121094,61.20000076293945,61.83000183105469,3828400,61.62999979654948
2026-05-08,63.470001220703125,63.4900016784668,62.0,62.51499938964844,8357200,62.98666763305664
2026-05-11,61.70000076293945,64.3499984741211,61.4900016784668,63.0,6074300,62.51333363850912
2026-05-12,62.290000915527344,62.790000915527344,61.72999954223633,62.34000015258789,4300000,62.27000045776367
2026-05-13,61.88999938964844,62.34000015258789,61.0099983215332,61.68000030517578,4169700,61.746665954589844
2026-05-14,62.66999816894531,63.2599983215332,62.1150016784668,62.13999938964844,4515600,62.6816660563151
2026-05-15,60.7599983215332,62.63999938964844,60.66999816894531,62.369998931884766,4777500,61.35666529337565
2026-05-18,61.5099983215332,62.560001373291016,60.86000061035156,60.9900016784668,4998100,61.643333435058594
2026-05-19,61.58000183105469,62.38999938964844,61.189998626708984,61.404998779296875,5312200,61.71999994913737
2026-05-20,64.26000213623047,64.38999938964844,61.0,61.93000030517578,8740700,63.21666717529297
2026-05-21,64.33000183105469,65.0,62.72999954223633,64.19999694824219,5107800,64.02000045776367
2026-05-22,64.2300033569336,65.0999984741211,63.90999984741211,64.29000091552734,3181500,64.41333389282227
2026-05-26,64.18000030517578,65.08999633789062,63.5,64.2300033569336,4011300,64.2566655476888
2026-05-27,63.880001068115234,65.62999725341797,63.33000183105469,65.0,3981000,64.28000005086263
2026-05-28,62.86000061035156,63.65999984741211,62.33000183105469,63.310001373291016,4520500,62.95000076293945
2026-05-29,62.34000015258789,63.03499984741211,62.189998626708984,62.75,5614600,62.52166620890299
2026-06-01,62.689998626708984,62.73500061035156,60.869998931884766,62.5620002746582,8589500,62.09833272298177
2026-06-02,61.9900016784668,62.597999572753906,61.52000045776367,62.18000030517578,3234400,62.03600056966146
2026-06-03,62.029998779296875,62.11000061035156,60.72999954223633,61.68000030517578,4294900,61.62333297729492
2026-06-04,63.810001373291016,64.70999908447266,62.5099983215332,62.630001068115234,4468800,63.676666259765625
2026-06-05,64.66999816894531,64.77999877929688,63.58000183105469,63.79999923706055,4930900,64.3433329264323
2026-06-08,64.66999816894531,65.25,64.27999877929688,64.75,4635600,64.73333231608073
2026-06-09,66.01000213623047,66.41000366210938,64.7699966430664,65.0999984741211,4875100,65.73000081380208
2026-06-10,63.7599983215332,66.25,63.73500061035156,65.69000244140625,3797300,64.58166631062825
2026-06-11,64.51000213623047,65.0,63.02000045776367,64.22000122070312,3060300,64.17666753133138
2026-06-12,65.18000030517578,65.41000366210938,63.70000076293945,64.61000061035156,3174800,64.76333491007487
2026-06-15,64.76000213623047,66.44000244140625,64.63999938964844,66.05999755859375,3406600,65.28000132242839
2026-06-16,63.22999954223633,65.08499908447266,62.90999984741211,64.86000061035156,4626100,63.74166615804037
2026-06-17,61.150001525878906,63.34000015258789,60.779998779296875,63.0,5053400,61.756666819254555
2026-06-18,61.59000015258789,62.03499984741211,59.970001220703125,60.41999816894531,8337100,61.198333740234375
2026-06-22,60.63999938964844,61.5,60.31999969482422,61.09000015258789,5822900,60.81999969482422
2026-06-23,63.720001220703125,64.0,61.0,61.4900016784668,7762700,62.90666707356771
2026-06-24,64.87999725341797,65.93000030517578,64.03500366210938,64.05999755859375,5431200,64.94833374023438
