date,factor,provider_adjusted_close
2019-11-26,0.771645307541,0.771645307541
2019-11-29,0.771645279983,0.771876811981
2019-12-06,0.771645333704,0.772031128407
2019-12-13,0.771645332295,0.772648453712
2019-12-17,0.771645282781,0.775426328182
2019-12-18,0.771645301999,0.774114608765
2019-12-19,0.771645294782,0.774886190891
2019-12-20,0.771645307541,0.771645307541
2019-12-23,0.771645396438,0.763928949833
2019-12-24,0.771645334540,0.769330382347
2019-12-25,0.771645315432,0.767015457153
2019-12-26,0.771645327490,0.772417008877
2019-12-27,0.771645327490,0.772417008877
2019-12-30,0.771645252928,0.781676650047
2019-12-31,0.771645297797,0.785534918308
2020-01-02,0.771645302073,0.795566320419
2020-01-03,0.771645282680,0.794794619083
2020-01-06,0.771645328242,0.793251395226
2020-01-07,0.771645288391,0.799424529076
2020-01-08,0.771645315888,0.791708111763
2020-01-09,0.771645288391,0.799424529076
2020-01-10,0.771645333700,0.797881305218
2020-01-13,0.771645312920,0.802511096001
2020-01-14,0.771645351238,0.804054498672
2020-01-15,0.771645300679,0.800967812538
2020-01-16,0.771645314394,0.797109603882
2020-01-17,0.771645314394,0.797109603882
2020-01-20,0.771645333700,0.797881305218
2020-01-21,0.771645278152,0.784763216972
2020-01-22,0.771645322721,0.788621485233
2020-01-23,0.771645315432,0.767015457153
2020-02-03,0.771645348159,0.700653970242
2020-02-04,0.771645257224,0.718401730061
2020-02-05,0.771645284134,0.725346565247
2020-02-06,0.771645282249,0.734606325626
2020-02-07,0.771645295632,0.736149609089
2020-02-10,0.771645251847,0.747724235058
2020-02-11,0.771645285647,0.750039219856
2020-02-12,0.771645277761,0.754669070244
2020-02-13,0.771645298748,0.751582503319
2020-02-14,0.771645256945,0.757755637169
2020-02-17,0.771645260747,0.773188531399
2020-02-18,0.771645260747,0.773188531399
2020-02-19,0.771645307541,0.771645307541
2020-02-20,0.771645325878,0.777818500996
2020-02-21,0.771645331458,0.782448410988
2020-02-24,0.771645259599,0.778590023518
2020-02-25,0.771645354523,0.770102083683
2020-02-26,0.771645301176,0.770873665810
2020-02-27,0.771645327490,0.772417008877
2020-02-28,0.771645284286,0.755440711975
2020-03-02,0.771645338433,0.779361784458
2020-03-03,0.771645338433,0.779361784458
2020-03-04,0.771645322721,0.788621485233
2020-03-05,0.771645333700,0.797881305218
2020-03-06,0.771645361694,0.790164887905
2020-03-09,0.771645315432,0.767015457153
2020-03-10,0.771645338433,0.779361784458
2020-03-11,0.771645260747,0.773188531399
2020-03-12,0.771645229771,0.760070562363
2020-03-13,0.771645272492,0.748495936394
2020-03-16,0.771645325594,0.728433191776
2020-03-17,0.771645213861,0.724574863911
2020-03-18,0.771645272290,0.714543521404
2020-03-19,0.771645309852,0.707598745823
2020-03-20,0.771645257224,0.718401730061
2020-03-23,0.771645298104,0.696795701981
2020-03-24,0.771645258451,0.713000237942
2020-03-25,0.771645318871,0.727661550045
2020-03-26,0.771645292382,0.720716714859
2020-03-27,0.771645290916,0.726118206978
2020-03-30,0.771645350298,0.716086864471
2020-03-31,0.771645265378,0.713771879673
2020-04-01,0.771645316776,0.708370387554
2020-04-02,0.771645257224,0.718401730061
2020-04-03,0.771645243428,0.716858446598
2020-04-07,0.771645325594,0.728433191776
2020-04-08,0.771645318871,0.727661550045
2020-04-09,0.771645297112,0.730748116970
2020-04-10,0.771645213861,0.724574863911
2020-04-13,0.771645306000,0.722259998322
2020-04-14,0.771645303830,0.731519758701
2020-04-15,0.771645318871,0.727661550045
2020-04-16,0.771645284134,0.725346565247
2020-04-17,0.771645234409,0.726889789104
2020-04-20,0.771645303830,0.731519758701
2020-04-21,0.771645318871,0.727661550045
2020-04-22,0.771645303830,0.731519758701
2020-04-23,0.771645332303,0.729204833508
2020-04-24,0.771645206983,0.723803222179
2020-04-27,0.771645332303,0.729204833508
2020-04-28,0.771645234409,0.726889789104
2020-04-29,0.771645247726,0.732291340828
2020-04-30,0.771645336437,0.739236235619
2020-05-06,0.771645280885,0.740007817745
2020-05-07,0.771645287536,0.740779459476
2020-05-08,0.771645238581,0.746180951595
2020-05-11,0.771645251847,0.747724235058
2020-05-12,0.771645272922,0.744637668133
2020-05-13,0.771645293630,0.745409369469
2020-05-14,0.771645336437,0.739236235619
2020-05-15,0.771645288947,0.735377967358
2020-05-18,0.771645302302,0.736921250820
2020-05-19,0.771645314945,0.742322802544
2020-05-20,0.771645302302,0.736921250820
2020-05-21,0.771645254482,0.733062982559
2020-05-22,0.771645235450,0.721488296986
2020-05-25,0.771645290916,0.726118206978
2020-05-26,0.771645338999,0.729976475239
2020-05-27,0.771645247726,0.732291340828
2020-05-28,0.771645254482,0.733062982559
2020-05-29,0.771645303830,0.731519758701
2020-06-01,0.771645293630,0.745409369469
2020-06-02,0.771645238581,0.746180951595
2020-06-03,0.771645238581,0.746180951595
2020-06-04,0.771645251847,0.747724235058
2020-06-05,0.771645293630,0.745409369469
2020-06-08,0.771645245221,0.746952593327
2020-06-09,0.771645285647,0.750039219856
2020-06-10,0.771645279076,0.749267578125
2020-06-11,0.771645321540,0.743094444275
2020-06-12,0.771645321540,0.743094444275
2020-06-15,0.771645302302,0.736921250820
2020-06-16,0.771645272492,0.748495936394
2020-06-17,0.771645279076,0.749267578125
2020-06-18,0.771645256945,0.757755637169
2020-06-19,0.771645256945,0.757755637169
2020-06-22,0.771645284286,0.755440711975
2020-06-23,0.771645284286,0.755440711975
2020-06-24,0.771645256945,0.757755637169
2020-06-29,0.771645277761,0.754669070244
2020-06-30,0.771645229771,0.760070562363
2020-07-01,0.771645260747,0.773188531399
2020-07-02,0.771645308818,0.792479693890
2020-07-03,0.771645288391,0.799424529076
2020-07-06,0.771645290816,0.848809838295
2020-07-07,0.771645323154,0.838006794453
2020-07-08,0.771645338381,0.849581480026
2020-07-09,0.771645359744,0.860384583473
2020-07-10,0.771645346601,0.843408405781
2020-07-13,0.771645263260,0.867329239845
2020-07-14,0.771645324181,0.861156225204
2020-07-15,0.771645272630,0.848038136959
2020-07-16,0.771645376737,0.822573959827
2020-07-17,0.771645381730,0.827203869820
2020-07-20,0.771645304971,0.865786015987
2020-07-21,0.771645317674,0.861927807331
2020-07-22,0.771645329020,0.863471090794
2020-07-23,0.771645307619,0.854983031750
2020-07-24,0.771645319352,0.827975392342
2020-07-27,0.771645327645,0.821802318096
2020-07-28,0.771645356482,0.829518795013
2020-07-29,0.771645346601,0.843408405781
2020-07-30,0.771645285452,0.844179928303
2020-07-31,0.771645356474,0.850353181362
2020-08-03,0.771645281050,0.868100941181
2020-08-04,0.771645310097,0.870415925980
2020-08-05,0.771645310097,0.870415925980
2020-08-06,0.771645310097,0.870415925980
2020-08-07,0.771645240394,0.864242672920
2020-08-10,0.771645326351,0.876589119434
2020-08-11,0.771645292381,0.869644224644
2020-08-12,0.771645240394,0.864242672920
2020-08-13,0.771645281050,0.868100941181
2020-08-14,0.771645291164,0.875045716763
2020-08-17,0.771645265811,0.890478670597
2020-08-18,0.771645356593,0.894336998463
2020-08-19,0.771645392659,0.888163864613
2020-08-20,0.771645255272,0.881218850613
2020-08-21,0.771645209343,0.880447208881
2020-08-24,0.771645295084,0.885077118874
2020-08-25,0.771645323539,0.887392103672
2020-08-26,0.771645279902,0.873502433300
2020-08-27,0.771645326351,0.876589119434
2020-08-28,0.771645287918,0.893565237522
2020-08-31,0.771645282810,0.888935327530
2020-09-01,0.771645265811,0.890478670597
2020-09-02,0.771645300150,0.889707028866
2020-09-03,0.771645300150,0.889707028866
2020-09-04,0.771645392659,0.888163864613
2020-09-07,0.771645256258,0.875817358494
2020-09-08,0.771645440125,0.883534014225
2020-09-09,0.771645192939,0.868872523308
2020-09-10,0.771645317674,0.861927807331
2020-09-11,0.771645322755,0.866557717323
2020-09-14,0.771645310097,0.870415925980
2020-09-15,0.771645279902,0.873502433300
2020-09-16,0.771645391692,0.872730970383
2020-09-17,0.771645326351,0.876589119434
2020-09-18,0.771645373675,0.892793655396
2020-09-21,0.771645260569,0.885848760605
2020-09-22,0.771645244944,0.874274075031
2020-09-23,0.771645326351,0.876589119434
2020-09-24,0.771645359744,0.860384583473
2020-09-25,0.771645235737,0.854211270809
2020-09-28,0.771645235737,0.854211270809
2020-09-29,0.771645282213,0.862699449062
2020-09-30,0.771645307619,0.854983031750
2020-10-09,0.771645391692,0.872730970383
2020-10-12,0.771645196148,0.895108401775
2020-10-13,0.771645275791,0.897423446178
2020-10-14,0.771645264783,0.895880162716
2020-10-15,0.771645287918,0.893565237522
2020-10-16,0.771645264783,0.895880162716
2020-10-19,0.771645300150,0.889707028866
2020-10-20,0.771645300150,0.889707028866
2020-10-21,0.771645392659,0.888163864613
2020-10-22,0.771645220641,0.881990492344
2020-10-23,0.771645220641,0.881990492344
2020-10-26,0.807683742591,0.875529170036
2020-10-27,0.807683633534,0.873913705349
2020-10-28,0.807683633534,0.873913705349
2020-10-29,0.807683668240,0.879567503929
2020-10-30,0.807683617670,0.864221513271
2020-11-02,0.807683633534,0.873913705349
2020-11-03,0.807683795136,0.884413778782
2020-11-04,0.807683737416,0.889259755611
2020-11-05,0.807683645369,0.904605686665
2020-11-06,0.807683734898,0.905413508415
2020-11-09,0.807683728967,0.920759439468
2020-11-10,0.807683746657,0.918336391449
2020-11-11,0.807683675738,0.922374725342
2020-11-12,0.807683640976,0.927220821381
2020-11-13,0.807683607898,0.921567022800
2020-11-16,0.807683638427,0.939336061478
2020-11-17,0.807683791067,0.946605443954
2020-11-18,0.807683602097,0.949028193951
2020-11-19,0.807683705485,0.945797622204
2020-11-20,0.807683722068,0.950643777847
2020-11-23,0.807683717589,0.964374363422
2020-11-24,0.807683635192,0.960335850716
2020-11-25,0.807683688413,0.948220670223
2020-11-26,0.807683655469,0.944182217121
2020-11-27,0.807683722068,0.950643777847
2020-11-30,0.807683671614,0.943374514580
2020-12-01,0.807683771632,0.952259182930
2020-12-02,0.807683736124,0.953066766262
2020-12-03,0.807683791067,0.946605443954
2020-12-04,0.807683688413,0.948220670223
2020-12-07,0.807683638427,0.939336061478
2020-12-08,0.807683707899,0.935297727585
2020-12-09,0.807683746940,0.923990249634
2020-12-10,0.807683709369,0.926413178444
2020-12-11,0.807683731049,0.917528748512
2020-12-14,0.807683610089,0.909451782703
2020-12-15,0.807683697587,0.906221091747
2020-12-16,0.807683646277,0.902990341187
2020-12-17,0.807683819407,0.912682712078
2020-12-18,0.807683802589,0.913490414619
2020-12-21,0.807683643591,0.915105581284
2020-12-22,0.807683699003,0.897336542606
2020-12-23,0.807683682987,0.896528899670
2020-12-24,0.807683774318,0.890067517757
2020-12-25,0.807683737766,0.894913613796
2020-12-28,0.807683721289,0.888452112675
2020-12-29,0.807683649988,0.881990551949
2020-12-30,0.807683649051,0.883605897427
2020-12-31,0.807683594998,0.890875041485
2021-01-04,0.807683737766,0.894913613796
2021-01-05,0.807683737766,0.894913613796
2021-01-06,0.807683682006,0.898144245148
2021-01-07,0.807683665185,0.891682744026
2021-01-08,0.807683737766,0.894913613796
2021-01-11,0.807683702501,0.885221302509
2021-01-12,0.807683665185,0.891682744026
2021-01-13,0.807683594998,0.890875041485
2021-01-14,0.807683776637,0.886836826801
2021-01-15,0.807683648111,0.892490446568
2021-01-18,0.807683681029,0.899759590626
2021-01-19,0.807683715478,0.903798043728
2021-01-20,0.807683646277,0.902990341187
2021-01-21,0.807683732775,0.908644199371
2021-01-22,0.807683681029,0.899759590626
2021-01-25,0.807683738508,0.887644410133
2021-01-26,0.807683668240,0.879567503929
2021-01-27,0.807683668240,0.879567503929
2021-01-28,0.807683670388,0.869067609310
2021-01-29,0.807683691032,0.863413870335
2021-02-01,0.807683724691,0.870683014393
2021-02-02,0.807683742591,0.875529170036
2021-02-03,0.807683652865,0.869875311852
2021-02-04,0.807683692069,0.861798524857
2021-02-05,0.807683652912,0.862606108189
2021-02-08,0.807683651910,0.871490657330
2021-02-09,0.807683795136,0.884413778782
2021-02-10,0.807683737416,0.889259755611
2021-02-18,0.807683732775,0.908644199371
2021-02-19,0.807683640976,0.927220821381
2021-02-22,0.807683743011,0.936105489731
2021-02-23,0.807683690968,0.930451571941
2021-02-24,0.807683782383,0.919144153595
2021-02-25,0.807683775759,0.934490084648
2021-02-26,0.807683802589,0.913490414619
2021-03-01,0.807683673653,0.932874619961
2021-03-02,0.807683693865,0.925605535507
2021-03-03,0.807683655469,0.944182217121
2021-03-04,0.807683705936,0.938528418541
2021-03-05,0.807683775759,0.934490084648
2021-03-08,0.807683814481,0.924797952175
2021-03-09,0.807683711879,0.915913283825
2021-03-10,0.807683819407,0.912682712078
2021-03-11,0.807683674582,0.931259274483
2021-03-12,0.807683775862,0.940143942833
2021-03-15,0.807683825886,0.941759347916
2021-03-16,0.807683704517,0.947412967682
2021-03-17,0.807683671614,0.943374514580
2021-03-18,0.807683791067,0.946605443954
2021-03-19,0.807683639290,0.937720716000
2021-03-22,0.807683722068,0.950643777847
2021-03-23,0.807683705936,0.938528418541
2021-03-24,0.807683709369,0.926413178444
2021-03-25,0.807683607898,0.921567022800
2021-03-26,0.807683674582,0.931259274483
2021-03-29,0.807683671614,0.943374514580
2021-03-30,0.807683671614,0.943374514580
2021-03-31,0.807683775862,0.940143942833
2021-04-01,0.807683688413,0.948220670223
2021-04-02,0.807683825886,0.941759347916
2021-04-06,0.807683655469,0.944182217121
2021-04-07,0.807683737140,0.951451420784
2021-04-08,0.807683722068,0.950643777847
2021-04-09,0.807683722068,0.950643777847
2021-04-12,0.807683602097,0.949028193951
2021-04-13,0.807683739893,0.940951526165
2021-04-14,0.807683670701,0.944989860058
2021-04-15,0.807683688413,0.948220670223
2021-04-16,0.807683786673,0.958720684052
2021-04-19,0.807683602000,0.965181946754
2021-04-20,0.807683666782,0.965989649296
2021-04-21,0.807683718562,0.962759017944
2021-04-22,0.807683666782,0.965989649296
2021-04-23,0.807683602000,0.965181946754
2021-04-26,0.807683786673,0.958720684052
2021-04-27,0.807683786673,0.958720684052
2021-04-28,0.807683602000,0.965181946754
2021-04-29,0.807683598912,0.971643328667
2021-04-30,0.807683783464,0.969220578671
2021-05-06,0.807683730209,0.981335759163
2021-05-07,0.807683664756,0.983758747578
2021-05-10,0.807683694520,0.991027891636
2021-05-11,0.807683680258,0.982951045036
2021-05-12,0.807683694520,0.991027891636
2021-05-13,0.807683696706,0.980527997017
2021-05-14,0.807683745078,0.987797260284
2021-05-17,0.807683679368,0.984566390514
2021-05-18,0.807683758550,0.990220248699
2021-05-19,0.807683776208,0.991835713387
2021-05-20,0.807683811673,0.978105068207
2021-05-21,0.807683695786,0.982143342495
2021-05-24,0.807683745078,0.987797260284
2021-05-25,0.807683693277,0.999912440777
2021-05-26,0.807683611675,1.007989168167
2021-05-27,0.807683626908,1.014450669289
2021-05-28,0.807683768272,1.016066193581
2021-05-31,0.807683672480,1.024950623512
2021-06-01,0.807683826031,1.033027648926
2021-06-02,0.807683624743,1.026565909386
2021-06-03,0.807683764444,1.028181433678
2021-06-04,0.807683734372,1.024142980576
2021-06-07,0.807683750285,1.021719932556
2021-06-08,0.807683735945,1.015258431435
2021-06-09,0.807683671812,1.019296765327
2021-06-10,0.807683686499,1.025758266449
2021-06-11,0.807683671812,1.019296765327
2021-06-15,0.807683689405,1.013643026352
2021-06-16,0.807683659523,1.000720024109
2021-06-17,0.807683660367,0.999104678631
2021-06-18,0.807683659523,1.000720024109
2021-06-21,0.807683723298,1.005566239357
2021-06-22,0.807683657693,1.018489122391
2021-06-23,0.807683701003,1.032219767570
2021-06-24,0.807683701003,1.032219767570
2021-06-25,0.807683638056,1.036258101463
2021-06-28,0.807683702771,1.028989076614
2021-06-29,0.807683702771,1.028989076614
2021-06-30,0.807683669130,1.031412005424
2021-07-01,0.807683764444,1.028181433678
2021-07-02,0.807683736260,1.020912289619
2021-07-05,0.807683750285,1.021719932556
2021-07-06,0.807683736260,1.020912289619
2021-07-07,0.807683734372,1.024142980576
2021-07-08,0.807683755946,1.006374001503
2021-07-09,0.807683719966,1.017681479454
2021-07-12,0.807683672480,1.024950623512
2021-07-13,0.807683826031,1.033027648926
2021-07-14,0.807683764444,1.028181433678
2021-07-15,0.807683685367,1.034642815590
2021-07-16,0.807683699245,1.035450458527
2021-07-19,0.807683685367,1.034642815590
2021-07-20,0.807683716712,1.029796719551
2021-07-21,0.807683701003,1.032219767570
2021-07-22,0.807683652713,1.042719602585
2021-07-23,0.807683701003,1.032219767570
2021-07-26,0.807683658600,1.009604573250
2021-07-27,0.807683680258,0.982951045036
2021-07-28,0.807683731813,0.972451210022
2021-07-29,0.807683664756,0.983758747578
2021-07-30,0.807683742113,0.992643296719
2021-08-02,0.807683675628,0.998296976089
2021-08-03,0.807683727297,0.986181795597
2021-08-04,0.807683675628,0.998296976089
2021-08-05,0.807683725755,0.995066344738
2021-08-06,0.807683675628,0.998296976089
2021-08-09,0.807683737855,1.012027740479
2021-08-10,0.807683626908,1.014450669289
2021-08-11,0.807683716712,1.029796719551
2021-08-12,0.807683651122,1.045950293541
2021-08-13,0.807683729471,1.045142769814
2021-08-16,0.807683651122,1.045950293541
2021-08-17,0.807683624743,1.026565909386
2021-08-18,0.807683685367,1.034642815590
2021-08-19,0.807683702771,1.028989076614
2021-08-20,0.807683748598,1.030604481697
2021-08-23,0.807683607271,1.041104197502
2021-08-24,0.807683680890,1.049988746643
2021-08-25,0.807683693923,1.065334796906
2021-08-26,0.807683663721,1.070180892944
2021-08-27,0.807683736685,1.075834751129
2021-08-30,0.807683750217,1.082296252251
2021-08-31,0.807683700814,1.104911327362
2021-09-01,0.807683628154,1.102488160133
2021-09-02,0.807683725733,1.121065020561
2021-09-03,0.807683670110,1.112988114357
2021-09-06,0.807683753246,1.125103473663
2021-09-07,0.807683664421,1.146103143692
2021-09-08,0.807683704465,1.156603097916
2021-09-09,0.807683726930,1.181641340256
2021-09-10,0.807683633076,1.166295170784
2021-09-13,0.807683753033,1.185679793358
2021-09-14,0.807683633076,1.166295170784
2021-09-15,0.807683701759,1.168718338013
2021-09-16,0.807683620375,1.150949120522
2021-09-17,0.807683695290,1.129141807556
2021-09-22,0.807683678489,1.143680095673
2021-09-23,0.807683691550,1.150141596794
2021-09-24,0.807683712530,1.114603519440
2021-09-27,0.807683763436,1.083103895187
2021-09-28,0.807683701999,1.096026778221
2021-09-29,0.807683724763,1.066142559052
2021-09-30,0.807683617490,1.080680727959
2021-10-08,0.807683750217,1.082296252251
2021-10-11,0.807683689989,1.086334586143
2021-10-12,0.807683692241,1.068565487862
2021-10-13,0.807683740025,1.063719511032
2021-10-14,0.807683648744,1.058065533638
2021-10-15,0.807683786268,1.062104225159
2021-10-18,0.807683734891,1.079065442085
2021-10-19,0.807683748394,1.085526943207
2021-10-20,0.807683751837,1.073411703110
2021-10-21,0.839915221974,1.084330558777
2021-10-22,0.839915270287,1.065852522850
2021-10-25,0.839915185457,1.064172506332
2021-10-26,0.839915168398,1.058293104172
2021-10-27,0.839915258789,1.044014692307
2021-10-28,0.839915272122,1.020497083664
2021-10-29,0.839915216792,1.024696588516
2021-11-01,0.839915326460,1.031416058540
2021-11-02,0.839915186303,1.012097835541
2021-11-03,0.839915148846,1.022176742554
2021-11-04,0.839915294035,1.025536537170
2021-11-05,0.839915259678,1.013777732849
2021-11-08,0.839915239033,1.014617562294
2021-11-09,0.839915199252,1.018817186356
2021-11-10,0.839915199252,1.018817186356
2021-11-11,0.839915179494,1.034775495529
2021-11-12,0.839915166616,1.028056144714
2021-11-15,0.839915284404,1.027216434479
2021-11-16,0.839915251604,1.021336913109
2021-11-17,0.839915141651,1.029735922813
2021-11-18,0.839915234131,1.030575990677
2021-11-19,0.839915138306,1.045694351196
2021-11-22,0.839915209404,1.047374248505
2021-11-23,0.839915155738,1.051573753357
2021-11-24,0.839915078290,1.057453036308
2021-11-25,0.839915217141,1.054933547974
2021-11-26,0.839915133705,1.046534299850
2021-11-29,0.839915318037,1.038975238800
2021-11-30,0.839915283600,1.042334914207
2021-12-01,0.839915226411,1.053253650665
2021-12-02,0.839915168398,1.058293104172
2021-12-03,0.839915110935,1.063332557678
2021-12-06,0.839915221772,1.054093599319
2021-12-07,0.839915168398,1.058293104172
2021-12-08,0.839915233984,1.060812950134
2021-12-09,0.839915163828,1.059133052826
2021-12-10,0.839915217141,1.054933547974
2021-12-13,0.839915155738,1.051573753357
2021-12-14,0.839915096068,1.041494727135
2021-12-15,0.839915258789,1.044014692307
2021-12-16,0.839915168398,1.058293104172
2021-12-17,0.839915217141,1.054933547974
2021-12-20,0.839915283600,1.042334914207
2021-12-21,0.839915270287,1.065852522850
2021-12-22,0.839915233984,1.060812950134
2021-12-23,0.839915303919,1.062492847443
2021-12-24,0.839915163828,1.059133052826
2021-12-27,0.839915110935,1.063332557678
2021-12-28,0.839915163828,1.059133052826
2021-12-29,0.839915197335,1.055773377419
2021-12-30,0.839915238603,1.059973001480
2021-12-31,0.839915226448,1.068372130394
2022-01-04,0.839915162255,1.080970764160
2022-01-05,0.839915162255,1.080970764160
2022-01-06,0.839915217471,1.085170507431
2022-01-07,0.839915290412,1.086010456085
2022-01-10,0.839915226517,1.098609089851
2022-01-11,0.839915198639,1.101128816605
2022-01-12,0.839915245572,1.097769260406
2022-01-13,0.839915205758,1.093569636345
2022-01-14,0.839915238468,1.075091481209
2022-01-17,0.839915274269,1.080131053925
2022-01-18,0.839915266587,1.087690234184
2022-01-19,0.839915273644,1.095249533653
2022-01-20,0.839915214682,1.091889739037
2022-01-21,0.839915217471,1.085170507431
2022-01-24,0.839915274269,1.080131053925
2022-01-25,0.839915258789,1.044014692307
2022-01-26,0.839915204753,1.048214197159
2022-01-27,0.839915246540,1.037295341492
2022-01-28,0.839915318037,1.038975238800
2022-02-07,0.839915078290,1.057453036308
2022-02-08,0.839915186067,1.079290986061
2022-02-09,0.839915153322,1.082650661469
2022-02-10,0.839915273644,1.095249533653
2022-02-11,0.839915250045,1.096929311752
2022-02-14,0.839915233914,1.075931429863
2022-02-15,0.839915173766,1.072571635246
2022-02-16,0.839915162255,1.080970764160
2022-02-17,0.839915209953,1.077611207962
2022-02-18,0.839915226517,1.098609089851
2022-02-21,0.839915238208,1.105328440666
2022-02-22,0.839915186660,1.094409465790
2022-02-23,0.839915210217,1.092729687691
2022-02-24,0.839915233914,1.075931429863
2022-02-25,0.839915193242,1.071731805801
2022-02-28,0.839915173766,1.072571635246
2022-03-01,0.839915250339,1.081810832024
2022-03-02,0.839915257548,1.089370131493
2022-03-03,0.839915203062,1.100288867950
2022-03-04,0.839915186660,1.094409465790
2022-03-07,0.839915274269,1.080131053925
2022-03-08,0.839915138306,1.045694351196
2022-03-09,0.839915301316,1.033095836639
2022-03-10,0.839915238742,1.044854521751
2022-03-11,0.839915151148,1.052413702011
2022-03-14,0.839915141651,1.029735922813
2022-03-15,0.839915204390,0.969262182713
2022-03-16,0.839915147702,0.988580167294
2022-03-17,0.839915173181,1.005378484726
2022-03-18,0.839915209117,1.032255768776
2022-03-21,0.839915078128,1.035615324974
2022-03-22,0.839915221772,1.054093599319
2022-03-23,0.839915078290,1.057453036308
2022-03-24,0.839915226411,1.053253650665
2022-03-25,0.839915221772,1.054093599319
2022-03-28,0.839915180899,1.065012454987
2022-03-29,0.839915229373,1.061652898788
2022-03-30,0.839915238468,1.075091481209
2022-03-31,0.839915210217,1.092729687691
2022-04-01,0.839915226517,1.098609089851
2022-04-06,0.839915153031,1.119606852531
2022-04-07,0.839915222070,1.099449038506
2022-04-08,0.839915254176,1.111207842827
2022-04-11,0.839915266587,1.087690234184
2022-04-12,0.839915274269,1.080131053925
2022-04-13,0.839915274269,1.080131053925
2022-04-14,0.839915166503,1.104488492012
2022-04-15,0.839915222070,1.099449038506
2022-04-18,0.839915221974,1.084330558777
2022-04-19,0.839915250045,1.096929311752
2022-04-20,0.839915180899,1.065012454987
2022-04-21,0.839915258789,1.044014692307
2022-04-22,0.839915217141,1.054933547974
2022-04-25,0.839915203657,1.002858757973
2022-04-26,0.839915285182,0.985220611095
2022-04-27,0.839915240787,0.996139466763
2022-04-28,0.839915178004,1.004538536072
2022-04-29,0.839915209117,1.032255768776
2022-05-05,0.839915318037,1.038975238800
2022-05-06,0.839915239033,1.014617562294
2022-05-09,0.839915165686,1.012937664986
2022-05-10,0.839915332809,1.015457630157
2022-05-11,0.839915239033,1.014617562294
2022-05-12,0.839915165686,1.012937664986
2022-05-13,0.839915251274,1.036455392838
2022-05-16,0.839915151148,1.052413702011
2022-05-17,0.839915283600,1.042334914207
2022-05-18,0.839915251274,1.036455392838
2022-05-19,0.839915246540,1.037295341492
2022-05-20,0.839915275574,1.049894094467
2022-05-23,0.839915155738,1.051573753357
2022-05-24,0.839915234131,1.030575990677
2022-05-25,0.839915096068,1.041494727135
2022-05-26,0.839915226411,1.053253650665
2022-05-27,0.839915221772,1.054093599319
2022-05-30,0.839915221772,1.054093599319
2022-05-31,0.839915197335,1.055773377419
2022-06-01,0.839915229373,1.061652898788
2022-06-02,0.839915221772,1.054093599319
2022-06-06,0.839915168398,1.058293104172
2022-06-07,0.839915233984,1.060812950134
2022-06-08,0.839915221874,1.069212079048
2022-06-09,0.839915180899,1.065012454987
2022-06-10,0.839915233914,1.075931429863
2022-06-13,0.839915233984,1.060812950134
2022-06-14,0.839915233914,1.075931429863
2022-06-15,0.839915250339,1.081810832024
2022-06-16,0.839915303919,1.062492847443
2022-06-17,0.839915303919,1.062492847443
2022-06-20,0.839915078290,1.057453036308
2022-06-21,0.839915168398,1.058293104172
2022-06-22,0.839915204753,1.048214197159
2022-06-23,0.839915163828,1.059133052826
2022-06-24,0.839915238603,1.059973001480
2022-06-27,0.839915123738,1.070051908493
2022-06-28,0.839915186067,1.079290986061
2022-06-29,0.839915238468,1.075091481209
2022-06-30,0.839915162255,1.080970764160
2022-07-01,0.839915221974,1.084330558777
2022-07-04,0.839915266587,1.087690234184
2022-07-05,0.839915146496,1.090209841728
2022-07-06,0.839915197782,1.070891857147
2022-07-07,0.839915214481,1.076771259308
2022-07-08,0.839915186067,1.079290986061
2022-07-11,0.839915246042,1.067532300949
2022-07-12,0.839915226448,1.068372130394
2022-07-13,0.839915123738,1.070051908493
2022-07-14,0.839915163828,1.059133052826
2022-07-15,0.839915096068,1.041494727135
2022-07-18,0.839915229373,1.061652898788
2022-07-19,0.839915250642,1.066692352295
2022-07-20,0.839915226448,1.068372130394
2022-07-21,0.839915287492,1.056613445282
2022-07-22,0.839915151148,1.052413702011
2022-07-25,0.839915226411,1.053253650665
2022-07-26,0.839915226448,1.068372130394
2022-07-27,0.839915246042,1.067532300949
2022-07-28,0.839915197782,1.070891857147
2022-07-29,0.839915110935,1.063332557678
2022-08-01,0.839915270287,1.065852522850
2022-08-02,0.839915318037,1.038975238800
2022-08-03,0.839915166616,1.028056144714
2022-08-04,0.839915234131,1.030575990677
2022-08-05,0.839915078128,1.035615324974
2022-08-08,0.839915226411,1.053253650665
2022-08-09,0.839915078290,1.057453036308
2022-08-10,0.839915151148,1.052413702011
2022-08-11,0.839915185457,1.064172506332
2022-08-12,0.839915173766,1.072571635246
2022-08-15,0.839915262530,1.073411703110
2022-08-16,0.839915205432,1.078451156616
2022-08-17,0.839915153322,1.082650661469
2022-08-18,0.839915238468,1.075091481209
2022-08-19,0.839915226483,1.083490610123
2022-08-22,0.839915233846,1.091049909592
2022-08-23,0.839915245572,1.097769260406
2022-08-24,0.839915186067,1.079290986061
2022-08-25,0.839915226517,1.098609089851
2022-08-26,0.839915210217,1.092729687691
2022-08-29,0.839915194223,1.101968765259
2022-08-30,0.839915273644,1.095249533653
2022-08-31,0.839915153322,1.082650661469
2022-09-01,0.839915214682,1.091889739037
2022-09-02,0.839915146496,1.090209841728
2022-09-05,0.839915166503,1.104488492012
2022-09-06,0.839915206383,1.123806595802
2022-09-07,0.839915238084,1.120446920395
2022-09-08,0.839915261169,1.118767142296
2022-09-09,0.839915315281,1.128846168518
2022-09-13,0.839915206383,1.123806595802
2022-09-14,0.839915222164,1.114567518234
2022-09-15,0.839915159721,1.112047672272
2022-09-16,0.839915250339,1.081810832024
2022-09-19,0.839915209953,1.077611207962
2022-09-20,0.839915209953,1.077611207962
2022-09-21,0.839915290412,1.086010456085
2022-09-22,0.839915217471,1.085170507431
2022-09-23,0.839915238468,1.075091481209
2022-09-26,0.839915163828,1.059133052826
2022-09-27,0.839915123738,1.070051908493
2022-09-28,0.839915238603,1.059973001480
2022-09-29,0.839915197335,1.055773377419
2022-09-30,0.839915163828,1.059133052826
2022-10-10,0.839915226411,1.053253650665
2022-10-11,0.839915155738,1.051573753357
2022-10-12,0.839915246042,1.067532300949
2022-10-13,0.839915078290,1.057453036308
2022-10-14,0.839915173766,1.072571635246
2022-10-17,0.839915193242,1.071731805801
2022-10-18,0.839915262530,1.073411703110
2022-10-19,0.839915180899,1.065012454987
2022-10-20,0.839915197335,1.055773377419
2022-10-21,0.839915238603,1.059973001480
2022-10-24,0.839915120677,1.039814949036
2022-10-25,0.870866793743,1.036331534386
2022-10-26,0.870866887750,1.032848119736
2022-10-27,0.870866834189,1.034589767456
2022-10-28,0.870866889587,1.011947274208
2022-10-31,0.870866907836,0.996271789074
2022-11-01,0.870866817727,1.005851149559
2022-11-02,0.870866841384,1.017172455788
2022-11-03,0.870866889587,1.011947274208
2022-11-04,0.870866810773,1.030235409737
2022-11-07,0.870866910784,1.037202477455
2022-11-08,0.870866857408,1.038944125175
2022-11-09,0.870866916850,1.040686011314
2022-11-10,0.870866787314,1.039814949036
2022-11-11,0.870866856252,1.059844970703
2022-11-14,0.870866878831,1.064199328423
2022-11-15,0.870866804036,1.075520515442
2022-11-16,0.870866952189,1.073778986931
2022-11-17,0.870866855877,1.066811919212
2022-11-18,0.870866849760,1.063328385353
2022-11-21,0.870866804105,1.061586618423
2022-11-22,0.870866878831,1.064199328423
2022-11-23,0.870866907853,1.065070271492
2022-11-24,0.870866797800,1.072036981583
2022-11-25,0.870866842455,1.087712645531
2022-11-28,0.870866899906,1.082487583160
2022-11-29,0.870866906737,1.114709615707
2022-11-30,0.870866742119,1.112096786499
2022-12-01,0.870866841632,1.108613491058
2022-12-02,0.870866847832,1.105130076408
2022-12-05,0.870866835242,1.119063854218
2022-12-06,0.870866891042,1.113838791847
2022-12-07,0.870866891623,1.106871843338
2022-12-08,0.870866775951,1.109484314919
2022-12-09,0.870866913107,1.111226201057
2022-12-12,0.870866820084,1.090325236320
2022-12-13,0.870866826144,1.093808770180
2022-12-14,0.870866803969,1.089454412460
2022-12-15,0.870866730360,1.079874753952
2022-12-16,0.870866966248,1.088583707809
2022-12-19,0.870866804070,1.068553566933
2022-12-20,0.870866810457,1.058103203773
2022-12-21,0.870866925078,1.058974146843
2022-12-22,0.870866827231,1.052007079124
2022-12-23,0.870866863212,1.049394607544
2022-12-26,0.870866833718,1.048523664474
2022-12-27,0.870866781163,1.057232260704
2022-12-28,0.870866810457,1.058103203773
2022-12-29,0.870866827231,1.052007079124
2022-12-30,0.870866810457,1.058103203773
2023-01-03,0.870866907853,1.065070271492
2023-01-04,0.870866826677,1.072907924652
2023-01-05,0.870866804036,1.075520515442
2023-01-06,0.870866826677,1.072907924652
2023-01-09,0.870866952189,1.073778986931
2023-01-10,0.870866855877,1.066811919212
2023-01-11,0.870866797800,1.072036981583
2023-01-12,0.870866833035,1.069424510002
2023-01-13,0.870866820359,1.076391339302
2023-01-16,0.870866871344,1.081616640091
2023-01-17,0.870866855141,1.080745816231
2023-01-18,0.870866855141,1.080745816231
2023-01-19,0.870866826319,1.086841821671
2023-01-20,0.870866886394,1.096421360970
2023-01-30,0.870866892807,1.092937946320
2023-01-31,0.870866870422,1.095550537109
2023-02-01,0.870866841903,1.101646542549
2023-02-02,0.870866847832,1.105130076408
2023-02-03,0.870866886394,1.096421360970
2023-02-06,0.870866848778,1.084229230881
2023-02-07,0.870866864512,1.092067003250
2023-02-08,0.870866842455,1.087712645531
2023-02-09,0.870866892807,1.092937946320
2023-02-10,0.870866747341,1.094679474831
2023-02-13,0.870866892211,1.099904894829
2023-02-14,0.870866819815,1.104259133339
2023-02-15,0.870866914559,1.097292304039
2023-02-16,0.870866803969,1.089454412460
2023-02-17,0.870866803969,1.089454412460
2023-02-20,0.870866742119,1.112096786499
2023-02-21,0.870866911692,1.125160098076
2023-02-22,0.870866770356,1.126901626587
2023-02-23,0.870866878015,1.127772569656
2023-02-24,0.870866884223,1.124289155006
2023-02-27,0.870866841100,1.122547388077
2023-02-28,0.870866878015,1.127772569656
2023-03-01,0.870866813332,1.135610342026
2023-03-02,0.870866786118,1.141706347466
2023-03-03,0.870866924872,1.146931767464
2023-03-06,0.870866849952,1.140835523605
2023-03-07,0.870866786041,1.134739398956
2023-03-08,0.870866834794,1.132997751236
2023-03-09,0.870866905404,1.128643512726
2023-03-10,0.870866775951,1.109484314919
2023-03-13,0.870866813513,1.121676445007
2023-03-14,0.870866891042,1.113838791847
2023-03-15,0.870866878015,1.127772569656
2023-03-16,0.870866819553,1.118193030357
2023-03-17,0.870866856712,1.123418211937
2023-03-20,0.870866835242,1.119063854218
2023-03-21,0.870866835242,1.119063854218
2023-03-22,0.870866856712,1.123418211937
2023-03-23,0.870866856712,1.123418211937
2023-03-24,0.870866906737,1.114709615707
2023-03-27,0.870866847832,1.105130076408
2023-03-28,0.870866891623,1.106871843338
2023-03-29,0.870866791753,1.103388190269
2023-03-30,0.870866841632,1.108613491058
2023-03-31,0.870866770000,1.112967729568
2023-04-03,0.870866835242,1.119063854218
2023-04-04,0.870866856712,1.123418211937
2023-04-06,0.870866835242,1.119063854218
2023-04-07,0.870866862877,1.119934797287
2023-04-10,0.870866819553,1.118193030357
2023-04-11,0.870866878015,1.127772569656
2023-04-12,0.870866856002,1.137352108955
2023-04-13,0.870866791969,1.138222932816
2023-04-14,0.870866828785,1.136481165886
2023-04-17,0.870866807299,1.153027653694
2023-04-18,0.870866801477,1.156511068344
2023-04-19,0.870866849334,1.154769420624
2023-04-20,0.870866917942,1.157382130623
2023-04-21,0.870866849641,1.147802472115
2023-04-24,0.870866786118,1.141706347466
2023-04-25,0.870866786195,1.148673295975
2023-04-26,0.870866828422,1.150415062904
2023-04-27,0.870866834141,1.153898596764
2023-04-28,0.870866875184,1.169574260712
2023-05-04,0.870866862582,1.190474987030
2023-05-05,0.870866836365,1.196570992470
2023-05-08,0.870866830125,1.220955252647
2023-05-09,0.870866876380,1.205279707909
2023-05-10,0.870866816240,1.185249686241
2023-05-11,0.870866816240,1.185249686241
2023-05-12,0.870866827721,1.178282856941
2023-05-15,0.870866930647,1.179153800011
2023-05-16,0.870866842865,1.172186732292
2023-05-17,0.870866869664,1.166090726852
2023-05-18,0.870866842865,1.172186732292
2023-05-19,0.870866807248,1.159994602203
2023-05-22,0.870866780526,1.159123659134
2023-05-23,0.870866924872,1.146931767464
2023-05-24,0.870866791927,1.131255984306
2023-05-25,0.870866841100,1.122547388077
2023-05-26,0.870866862089,1.133868694305
2023-05-29,0.870866919394,1.143448233604
2023-05-30,0.870866764931,1.144318938255
2023-05-31,0.870866834794,1.132997751236
2023-06-01,0.870866905404,1.128643512726
2023-06-02,0.870866813332,1.135610342026
2023-06-05,0.870866786118,1.141706347466
2023-06-06,0.870866834794,1.132997751236
2023-06-07,0.870866764931,1.144318938255
2023-06-08,0.870866849334,1.154769420624
2023-06-09,0.870866834141,1.153898596764
2023-06-12,0.870866897935,1.146060824394
2023-06-13,0.870866792010,1.145189881325
2023-06-14,0.870866898541,1.139093875885
2023-06-15,0.870866898541,1.139093875885
2023-06-16,0.870866828785,1.136481165886
2023-06-19,0.870866856712,1.123418211937
2023-06-20,0.870866841364,1.115580439568
2023-06-21,0.870866885295,1.110355257988
2023-06-26,0.870866747341,1.094679474831
2023-06-27,0.870866906737,1.114709615707
2023-06-28,0.870866862877,1.119934797287
2023-06-29,0.870866819553,1.118193030357
2023-06-30,0.870866813513,1.121676445007
2023-07-03,0.870866834794,1.132997751236
2023-07-04,0.870866840839,1.129514336586
2023-07-05,0.870866835016,1.126030802727
2023-07-06,0.870866841100,1.122547388077
2023-07-07,0.870866835016,1.126030802727
2023-07-10,0.870866791927,1.131255984306
2023-07-11,0.870866862089,1.133868694305
2023-07-12,0.870866878015,1.127772569656
2023-07-13,0.870866791969,1.138222932816
2023-07-14,0.870866786118,1.141706347466
2023-07-17,0.870866828785,1.136481165886
2023-07-18,0.870866828785,1.136481165886
2023-07-19,0.870866919394,1.143448233604
2023-07-20,0.870866834574,1.139964699745
2023-07-21,0.870866834574,1.139964699745
2023-07-24,0.870866849952,1.140835523605
2023-07-25,0.870866911810,1.160865545273
2023-07-26,0.870866911810,1.160865545273
2023-07-27,0.870866854634,1.165219902992
2023-07-28,0.870866889068,1.184378981590
2023-07-31,0.870866842093,1.193087577820
2023-08-01,0.870866842093,1.193087577820
2023-08-02,0.870866848143,1.182637214661
2023-08-03,0.870866801399,1.191345810890
2023-08-04,0.870866816240,1.185249686241
2023-08-07,0.870866775099,1.176540970802
2023-08-08,0.870866869243,1.173057675362
2023-08-09,0.870866875184,1.169574260712
2023-08-10,0.870866822101,1.174799323082
2023-08-11,0.870866780526,1.159123659134
2023-08-14,0.870866876105,1.155640363693
2023-08-15,0.870866854634,1.165219902992
2023-08-16,0.870866917229,1.164349079132
2023-08-17,0.870866801461,1.163478016853
2023-08-18,0.870866854970,1.158252954483
2023-08-21,0.870866786195,1.148673295975
2023-08-22,0.870866780526,1.159123659134
2023-08-23,0.870866849334,1.154769420624
2023-08-24,0.870866924872,1.146931767464
2023-08-25,0.870866813156,1.149544239044
2023-08-28,0.870866917229,1.164349079132
2023-08-29,0.870866848732,1.168703317642
2023-08-30,0.870866849031,1.161736369133
2023-08-31,0.870866849641,1.147802472115
2023-09-01,0.870866911810,1.160865545273
2023-09-04,0.870866801430,1.177411913872
2023-09-05,0.870866848732,1.168703317642
2023-09-06,0.870866848732,1.168703317642
2023-09-07,0.870866911810,1.160865545273
2023-09-08,0.870866876105,1.155640363693
2023-09-11,0.870866801461,1.163478016853
2023-09-12,0.870866786346,1.162607192993
2023-09-13,0.870866869664,1.166090726852
2023-09-14,0.870866936739,1.175670385361
2023-09-15,0.870866775099,1.176540970802
2023-09-18,0.870866822101,1.174799323082
2023-09-19,0.870866862957,1.183508038521
2023-09-20,0.870866883160,1.187862396240
2023-09-21,0.870866930647,1.179153800011
2023-09-22,0.870866848143,1.182637214661
2023-09-25,0.870866795746,1.180895328522
2023-09-26,0.870866936739,1.175670385361
2023-09-27,0.870866842865,1.172186732292
2023-09-28,0.870866827893,1.171315908432
2023-10-09,0.870866807197,1.166961550713
2023-10-10,0.870866801477,1.156511068344
2023-10-11,0.870866807299,1.153027653694
2023-10-12,0.870866801461,1.163478016853
2023-10-13,0.870866849031,1.161736369133
2023-10-16,0.870866917229,1.164349079132
2023-10-17,0.870866807197,1.166961550713
2023-10-18,0.870866801477,1.156511068344
2023-10-19,0.870866791969,1.138222932816
2023-10-20,0.870866791927,1.131255984306
2023-10-23,0.870866862877,1.119934797287
2023-10-24,0.914979354502,1.125424623489
2023-10-25,0.914979381405,1.135489463806
2023-10-26,0.914979420637,1.141894340515
2023-10-27,0.914979422365,1.146469235420
2023-10-30,0.914979417140,1.132744550705
2023-10-31,0.914979381405,1.135489463806
2023-11-01,0.914979431827,1.133659482002
2023-11-02,0.914979381405,1.135489463806
2023-11-03,0.914979394236,1.131829500198
2023-11-06,0.914979333514,1.129084467888
2023-11-07,0.914979415370,1.128169655800
2023-11-08,0.914979354502,1.125424623489
2023-11-09,0.914979431827,1.133659482002
2023-11-10,0.914979333514,1.129084467888
2023-11-13,0.914979371294,1.130914449692
2023-11-14,0.914979356523,1.129999518394
2023-11-15,0.914979381405,1.135489463806
2023-11-16,0.914979358527,1.134574413300
2023-11-17,0.914979371294,1.130914449692
2023-11-20,0.914979431827,1.133659482002
2023-11-21,0.914979360515,1.139149308205
2023-11-22,0.914979396085,1.136404395103
2023-11-23,0.914979397919,1.140979290009
2023-11-24,0.914979457855,1.143724322319
2023-11-27,0.914979383300,1.140064358711
2023-11-28,0.914979397919,1.140979290009
2023-11-29,0.914979358527,1.134574413300
2023-11-30,0.914979358527,1.134574413300
2023-12-01,0.914979420637,1.141894340515
2023-12-04,0.914979383300,1.140064358711
2023-12-05,0.914979369335,1.126339554787
2023-12-06,0.914979369335,1.126339554787
2023-12-07,0.914979392371,1.127254605293
2023-12-08,0.914979354502,1.125424623489
2023-12-11,0.914979418895,1.137319445610
2023-12-12,0.914979435204,1.142809271812
2023-12-13,0.914979358527,1.134574413300
2023-12-14,0.914979358527,1.134574413300
2023-12-15,0.914979333514,1.129084467888
2023-12-18,0.914979369335,1.126339554787
2023-12-19,0.914979390492,1.122679710388
2023-12-20,0.914979388597,1.118104815483
2023-12-21,0.914979365369,1.117189764977
2023-12-22,0.914979386686,1.113529920578
2023-12-25,0.914979409973,1.114444971085
2023-12-26,0.914979324945,1.110784888268
2023-12-27,0.914979365369,1.117189764977
2023-12-28,0.914979424907,1.115359902382
2023-12-29,0.914979388597,1.118104815483
2024-01-02,0.914979356523,1.129999518394
2024-01-03,0.914979397919,1.140979290009
2024-01-04,0.914979341809,1.147384047508
2024-01-05,0.914979306708,1.150128960609
2024-01-08,0.914979418895,1.137319445610
2024-01-09,0.914979385179,1.144639253616
2024-01-10,0.914979360515,1.139149308205
2024-01-11,0.914979431827,1.133659482002
2024-01-12,0.914979381405,1.135489463806
2024-01-15,0.914979381405,1.135489463806
2024-01-16,0.914979420637,1.141894340515
2024-01-17,0.914979369335,1.126339554787
2024-01-18,0.914979388597,1.118104815483
2024-01-19,0.914979409973,1.114444971085
2024-01-22,0.914979410362,1.078760743141
2024-01-23,0.914979376893,1.090655446053
2024-01-24,0.914979424907,1.115359902382
2024-01-25,0.914979457855,1.143724322319
2024-01-26,0.914979449785,1.161108970642
2024-01-29,0.914979406876,1.163853764534
2024-01-30,0.914979341809,1.147384047508
2024-01-31,0.914979422365,1.146469235420
2024-02-01,0.914979396085,1.136404395103
2024-02-02,0.914979431827,1.133659482002
2024-02-05,0.914979431827,1.133659482002
2024-02-06,0.914979368311,1.157448887825
2024-02-07,0.914979319457,1.177578330040
2024-02-08,0.914979365462,1.183983325958
2024-02-19,0.914979429836,1.205027937889
2024-02-20,0.914979323771,1.217837452888
2024-02-21,0.914979345111,1.218752503395
2024-02-22,0.914979387093,1.238882064819
2024-02-23,0.914979404712,1.230647325516
2024-02-26,0.914979431438,1.209602832794
2024-02-27,0.914979399649,1.216922640800
2024-02-28,0.914979319760,1.208687663078
2024-02-29,0.914979323771,1.217837452888
2024-03-01,0.914979323771,1.217837452888
2024-03-04,0.914979381867,1.225157380104
2024-03-05,0.914979439274,1.232477307320
2024-03-06,0.914979439274,1.232477307320
2024-03-07,0.914979387093,1.238882064819
2024-03-08,0.914979409663,1.244372010231
2024-03-11,0.914979385364,1.234307169914
2024-03-12,0.914979445182,1.210517764091
2024-03-13,0.914979353186,1.205942749977
2024-03-14,0.914979376523,1.211432695389
2024-03-15,0.914979431438,1.209602832794
2024-03-18,0.914979353186,1.205942749977
2024-03-19,0.914979372892,1.202282905579
2024-03-20,0.914979396210,1.207772850990
2024-03-21,0.914979445182,1.210517764091
2024-03-22,0.914979374714,1.206857800484
2024-03-25,0.914979396210,1.207772850990
2024-03-26,0.914979353186,1.205942749977
2024-03-27,0.914979428221,1.200453042984
2024-03-28,0.914979428221,1.200453042984
2024-03-29,0.914979376523,1.211432695389
2024-04-01,0.914979378318,1.216007590294
2024-04-02,0.914979380099,1.220582485199
2024-04-03,0.914979439274,1.232477307320
2024-04-08,0.914979383622,1.229732275009
2024-04-09,0.914979403037,1.226072430611
2024-04-10,0.914979383622,1.229732275009
2024-04-11,0.914979421452,1.240712046623
2024-04-12,0.914979385364,1.234307169914
2024-04-15,0.914979393884,1.257181644440
2024-04-16,0.914979380614,1.256266713142
2024-04-17,0.914979387405,1.274566292763
2024-04-18,0.914979389072,1.279141187668
2024-04-19,0.914979359242,1.286460995674
2024-04-22,0.914979395551,1.261756539345
2024-04-23,0.914979421452,1.240712046623
2024-04-24,0.914979442327,1.241627097130
2024-04-25,0.914979356312,1.246201872826
2024-04-26,0.914979387093,1.238882064819
2024-04-29,0.914979373622,1.237967133522
2024-04-30,0.914979408025,1.239797115326
2024-05-06,0.914979412904,1.253521800041
2024-05-07,0.914979412904,1.253521800041
2024-05-08,0.914979359936,1.255351662636
2024-05-09,0.914979350293,1.263586521149
2024-05-10,0.914979451223,1.269076466560
2024-05-13,0.914979353911,1.272736310959
2024-05-14,0.914979385725,1.269991397858
2024-05-15,0.914979385725,1.269991397858
2024-05-16,0.914979353911,1.272736310959
2024-05-17,0.914979390728,1.283716082573
2024-05-20,0.914979395624,1.297440767288
2024-05-21,0.914979384422,1.301100730896
2024-05-22,0.914979448352,1.300185799599
2024-05-23,0.914979390728,1.283716082573
2024-05-24,0.914979422348,1.280971169472
2024-05-27,0.914979384422,1.301100730896
2024-05-28,0.914979342672,1.294695734978
2024-05-29,0.914979395624,1.297440767288
2024-05-30,0.914979372217,1.287375926971
2024-05-31,0.914979425406,1.290120959282
2024-06-03,0.914979454103,1.278226256371
2024-06-04,0.914979359242,1.286460995674
2024-06-05,0.914979406146,1.270906448364
2024-06-06,0.914979353911,1.272736310959
2024-06-07,0.914979410926,1.284631133080
2024-06-11,0.914979363509,1.264501452446
2024-06-12,0.914979454103,1.278226256371
2024-06-13,0.914979363509,1.264501452446
2024-06-14,0.914979384034,1.265416502953
2024-06-17,0.914979411290,1.248946905136
2024-06-18,0.914979445336,1.250776886940
2024-06-19,0.914979411290,1.248946905136
2024-06-20,0.914979377143,1.247116923332
2024-06-21,0.914979390514,1.248031854630
2024-06-24,0.914979439274,1.232477307320
2024-06-25,0.914979385364,1.234307169914
2024-06-26,0.914979408025,1.239797115326
2024-06-27,0.914979406375,1.235222220421
2024-06-28,0.914979375389,1.242542028427
2024-07-01,0.914979385725,1.269991397858
2024-07-02,0.914979397206,1.266331434250
2024-07-03,0.914979327809,1.258096575737
2024-07-04,0.914979411290,1.248946905136
2024-07-05,0.914979356312,1.246201872826
2024-07-08,0.914979373622,1.237967133522
2024-07-09,0.914979392205,1.252606749535
2024-07-10,0.914979404712,1.230647325516
2024-07-11,0.914979385364,1.234307169914
2024-07-12,0.914979418241,1.231562256813
2024-07-15,0.914979388810,1.243456959724
2024-07-16,0.914979352634,1.237052083015
2024-07-17,0.914979439274,1.232477307320
2024-07-18,0.914979439274,1.232477307320
2024-07-19,0.914979403037,1.226072430611
2024-07-22,0.914979356954,1.215092539787
2024-07-23,0.914979442071,1.201367974281
2024-07-24,0.914979384982,1.198622941971
2024-07-25,0.914979369206,1.193133115768
2024-07-26,0.914979383186,1.194048047066
2024-07-29,0.914979349360,1.196792960167
2024-07-30,0.914979345475,1.187643170357
2024-07-31,0.914979396210,1.207772850990
2024-08-01,0.914979353186,1.205942749977
2024-08-02,0.914979394471,1.203197956085
2024-08-05,0.914979367341,1.188558220863
2024-08-06,0.914979379554,1.184898257256
2024-08-07,0.914979367341,1.188558220863
2024-08-08,0.914979383186,1.194048047066
2024-08-09,0.914979345475,1.187643170357
2024-08-12,0.914979383186,1.194048047066
2024-08-13,0.914979349360,1.196792960167
2024-08-14,0.914979424953,1.191303253174
2024-08-15,0.914979372892,1.202282905579
2024-08-16,0.914979394471,1.203197956085
2024-08-19,0.914979397936,1.212347745895
2024-08-20,0.914979406618,1.199537992477
2024-08-21,0.914979367341,1.188558220863
2024-08-22,0.914979345475,1.187643170357
2024-08-23,0.914979381377,1.189473152161
2024-08-26,0.914979331389,1.186728239059
2024-08-27,0.914979345475,1.187643170357
2024-08-28,0.914979421636,1.182153463364
2024-08-29,0.914979429140,1.164768815041
2024-08-30,0.914979359737,1.170258641243
2024-09-02,0.914979467131,1.171173691750
2024-09-03,0.914979429140,1.164768815041
2024-09-04,0.914979392550,1.162938833237
2024-09-05,0.914979406876,1.163853764534
2024-09-06,0.914979460996,1.152874112129
2024-09-09,0.914979417140,1.132744550705
2024-09-10,0.914979358527,1.134574413300
2024-09-11,0.914979461396,1.112614989281
2024-09-12,0.914979424907,1.115359902382
2024-09-13,0.914979348340,1.111699938774
2024-09-18,0.914979413585,1.123594760895
2024-09-19,0.914979333514,1.129084467888
2024-09-20,0.914979369335,1.126339554787
2024-09-23,0.914979337695,1.138234257698
2024-09-24,0.914979367341,1.188558220863
2024-09-25,0.914979353186,1.205942749977
2024-09-26,0.914979378885,1.251691818237
2024-09-27,0.914979367029,1.273651242256
2024-09-30,0.914979400359,1.346849679947
2024-10-08,0.914979437594,1.366979241371
2024-10-09,0.914979412904,1.253521800041
2024-10-10,0.914979382767,1.296525835991
2024-10-11,0.914979335347,1.276396155357
2024-10-14,0.914979451184,1.309335589409
2024-10-15,0.914979409344,1.280056238174
2024-10-16,0.914979382767,1.296525835991
2024-10-17,0.914979454103,1.278226256371
2024-10-18,0.958190549898,1.290682673454
2024-10-21,0.958190529611,1.281100749969
2024-10-22,0.958190584207,1.285891771317
2024-10-23,0.958190561057,1.286849975586
2024-10-24,0.958190529611,1.281100749969
2024-10-25,0.958190545369,1.283975362778
2024-10-28,0.958190604015,1.295473694801
2024-10-29,0.958190587446,1.275351643562
2024-10-30,0.958190594514,1.264811635017
2024-10-31,0.958190539044,1.260020613670
2024-11-01,0.958190532409,1.270560622215
2024-11-04,0.958190552842,1.280142545700
2024-11-05,0.958190554380,1.297389984131
2024-11-06,0.958190588528,1.292599081993
2024-11-07,0.958190522420,1.319428324699
2024-11-08,0.958190585324,1.303139209747
2024-11-11,0.958190588528,1.292599081993
2024-11-12,0.958190518496,1.284933447838
2024-11-13,0.958190526859,1.291640877724
2024-11-14,0.958190564102,1.276309847832
2024-11-15,0.958190571676,1.272477030754
2024-11-18,0.958190588528,1.292599081993
2024-11-19,0.958190526859,1.291640877724
2024-11-20,0.958190538806,1.294515371323
2024-11-21,0.958190604015,1.295473694801
2024-11-22,0.958190578628,1.261937022209
2024-11-25,0.958190578628,1.261937022209
2024-11-26,0.958190602250,1.260978817940
2024-11-27,0.958190524941,1.274393439293
2024-11-28,0.958190598852,1.271518945694
2024-11-29,0.958190552842,1.280142545700
2024-12-02,0.958190561057,1.286849975586
2024-12-03,0.958190569886,1.300264596939
2024-12-04,0.958190569886,1.300264596939
2024-12-05,0.958190531457,1.298348188400
2024-12-06,0.958190555878,1.314637422562
2024-12-09,0.958190522420,1.319428324699
2024-12-10,0.958190522420,1.319428324699
2024-12-11,0.958190526944,1.326135635376
2024-12-12,0.958190535005,1.332843065262
2024-12-13,0.958190566851,1.310804724693
2024-12-16,0.958190571178,1.317512035370
2024-12-17,0.958190566851,1.310804724693
2024-12-18,0.958190548592,1.318470239639
2024-12-19,0.958190536008,1.305055499077
2024-12-20,0.958190538806,1.294515371323
2024-12-23,0.958190581021,1.296431899071
2024-12-24,0.958190589582,1.309846520424
2024-12-25,0.958190533254,1.315595626831
2024-12-26,0.958190589582,1.309846520424
2024-12-27,0.958190540512,1.311762809753
2024-12-30,0.958190568172,1.328052163124
2024-12-31,0.958190537737,1.322302937508
2025-01-02,0.958190538806,1.294515371323
2025-01-03,0.958190545369,1.283975362778
2025-01-06,0.958190599785,1.288766384125
2025-01-07,0.958190584207,1.285891771317
2025-01-08,0.958190545369,1.283975362778
2025-01-09,0.958190567197,1.265769720078
2025-01-10,0.958190525766,1.246605873108
2025-01-13,0.958190556553,1.235107660294
2025-01-14,0.958190522971,1.257146000862
2025-01-15,0.958190539044,1.260020613670
2025-01-16,0.958190559596,1.269602537155
2025-01-17,0.958190567197,1.265769720078
2025-01-20,0.958190527715,1.263853311539
2025-01-21,0.958190546640,1.256187796593
2025-01-22,0.958190601330,1.243731379509
2025-01-23,0.958190539044,1.260020613670
2025-01-24,0.958190567197,1.265769720078
2025-01-27,0.958190595510,1.282059073448
2025-02-05,0.958190586334,1.258104205132
2025-02-06,0.958190539044,1.260020613670
2025-02-07,0.958190559596,1.269602537155
2025-02-10,0.958190567197,1.265769720078
2025-02-11,0.958190559596,1.269602537155
2025-02-12,0.958190532409,1.270560622215
2025-02-13,0.958190571676,1.272477030754
2025-02-14,0.958190571676,1.272477030754
2025-02-17,0.958190559596,1.269602537155
2025-02-18,0.958190543692,1.266727924347
2025-02-19,0.958190602250,1.260978817940
2025-02-20,0.958190522971,1.257146000862
2025-02-21,0.958190541968,1.249480485916
2025-02-24,0.958190541968,1.249480485916
2025-02-25,0.958190537246,1.242773175240
2025-02-26,0.958190586334,1.258104205132
2025-02-27,0.958190598852,1.271518945694
2025-02-28,0.958190527715,1.263853311539
2025-03-03,0.958190602250,1.260978817940
2025-03-04,0.958190602250,1.260978817940
2025-03-05,0.958190567197,1.265769720078
2025-03-06,0.958190594514,1.264811635017
2025-03-07,0.958190516455,1.267686009407
2025-03-10,0.958190548291,1.273435235023
2025-03-11,0.958190603144,1.278226256371
2025-03-12,0.958190524941,1.274393439293
2025-03-13,0.958190595510,1.282059073448
2025-03-14,0.958190588528,1.292599081993
2025-03-17,0.958190581021,1.296431899071
2025-03-18,0.958190581021,1.296431899071
2025-03-19,0.958190554380,1.297389984131
2025-03-20,0.958190538806,1.294515371323
2025-03-21,0.958190549898,1.290682673454
2025-03-24,0.958190604015,1.295473694801
2025-03-25,0.958190558817,1.304097294807
2025-03-26,0.958190520484,1.302180886269
2025-03-27,0.958190569886,1.300264596939
2025-03-28,0.958190588528,1.292599081993
2025-03-31,0.958190518496,1.284933447838
2025-04-01,0.958190581021,1.296431899071
2025-04-02,0.958190520484,1.302180886269
2025-04-03,0.958190585324,1.303139209747
2025-04-07,0.958190526629,1.218818306923
2025-04-08,0.958190593490,1.247564196587
2025-04-09,0.958190581882,1.251396894455
2025-04-10,0.958190551262,1.262895107269
2025-04-11,0.958190586334,1.258104205132
2025-04-14,0.958190583060,1.268644332886
2025-04-15,0.958190524941,1.274393439293
2025-04-16,0.958190537054,1.277267932892
2025-04-17,0.958190564102,1.276309847832
2025-04-18,0.958190603144,1.278226256371
2025-04-21,0.958190524941,1.274393439293
2025-04-22,0.958190529611,1.281100749969
2025-04-23,0.958190603144,1.278226256371
2025-04-24,0.958190568560,1.283017158508
2025-04-25,0.958190529611,1.281100749969
2025-04-28,0.958190568560,1.283017158508
2025-04-29,0.958190603144,1.278226256371
2025-04-30,0.958190598852,1.271518945694
2025-05-06,0.958190571676,1.272477030754
2025-05-07,0.958190529611,1.281100749969
2025-05-08,0.958190584207,1.285891771317
2025-05-09,0.958190526859,1.291640877724
2025-05-12,0.958190604015,1.295473694801
2025-05-13,0.958190558817,1.304097294807
2025-05-14,0.958190540512,1.311762809753
2025-05-15,0.958190551463,1.307930111885
2025-05-16,0.958190520484,1.302180886269
2025-05-19,0.958190558817,1.304097294807
2025-05-20,0.958190551463,1.307930111885
2025-05-21,0.958190522420,1.319428324699
2025-05-22,0.958190571178,1.317512035370
2025-05-23,0.958190558817,1.304097294807
2025-05-26,0.958190554380,1.297389984131
2025-05-27,0.958190538806,1.294515371323
2025-05-28,0.958190554380,1.297389984131
2025-05-29,0.958190547002,1.301222801208
2025-05-30,0.958190585324,1.303139209747
2025-06-03,0.958190536008,1.305055499077
2025-06-04,0.958190589582,1.309846520424
2025-06-05,0.958190558817,1.304097294807
2025-06-06,0.958190536008,1.305055499077
2025-06-09,0.958190574233,1.306971907616
2025-06-10,0.958190551463,1.307930111885
2025-06-11,0.958190555878,1.314637422562
2025-06-12,0.958190555878,1.314637422562
2025-06-13,0.958190574233,1.306971907616
2025-06-16,0.958190528726,1.308888316154
2025-06-17,0.958190551463,1.307930111885
2025-06-18,0.958190589582,1.309846520424
2025-06-19,0.958190547002,1.301222801208
2025-06-20,0.958190574233,1.306971907616
2025-06-23,0.958190540512,1.311762809753
2025-06-24,0.958190582171,1.313679337502
2025-06-25,0.958190537737,1.322302937508
2025-06-26,0.958190537737,1.322302937508
2025-06-27,0.958190522420,1.319428324699
2025-06-30,0.958190522420,1.319428324699
2025-07-01,0.958190590608,1.327093958855
2025-07-02,0.958190587470,1.337634086609
2025-07-03,0.958190561645,1.338592171669
2025-07-04,0.958190569459,1.345299601555
2025-07-07,0.958190548121,1.352964997292
2025-07-08,0.958190548121,1.352964997292
2025-07-09,0.958190577825,1.358714222908
2025-07-10,0.958190560146,1.366379737854
2025-07-11,0.958190530534,1.360630512238
2025-07-14,0.958190574858,1.369254350662
2025-07-15,0.958190588503,1.354881525040
2025-07-16,0.958190536712,1.350090503693
2025-07-17,0.958190580839,1.348174095154
2025-07-18,0.958190526143,1.353923201561
2025-07-21,0.958190589509,1.372128963470
2025-07-22,0.958190558706,1.394167304039
2025-07-23,0.958190565624,1.390334486961
2025-07-24,0.958190558706,1.394167304039
2025-07-25,0.958190597520,1.385543584824
2025-07-28,0.958190542663,1.374045252800
2025-07-29,0.958190589509,1.372128963470
2025-07-30,0.958190557330,1.376919865608
2025-07-31,0.958190526143,1.353923201561
2025-08-01,0.958190526143,1.353923201561
2025-08-04,0.958190519152,1.357756018639
2025-08-05,0.958190589509,1.372128963470
2025-08-06,0.958190546910,1.380752563477
2025-08-07,0.958190561497,1.383627176285
2025-08-08,0.958190551116,1.387459874153
2025-08-11,0.958190583028,1.382668972015
2025-08-12,0.958190529682,1.388418078423
2025-08-13,0.958190546910,1.380752563477
2025-08-14,0.958190538375,1.367337942123
2025-08-15,0.958190527935,1.371170639992
2025-08-18,0.958190596624,1.368296146393
2025-08-19,0.958190581947,1.365421533585
2025-08-20,0.958190600625,1.375003457069
2025-08-21,0.958190583028,1.382668972015
2025-08-22,0.958190583028,1.382668972015
2025-08-25,0.958190519424,1.392250776291
2025-08-26,0.958190590490,1.389376401901
2025-08-27,0.958190560146,1.366379737854
2025-08-28,0.958190560146,1.366379737854
2025-08-29,0.958190538375,1.367337942123
2025-09-01,0.958190523565,1.364463329315
2025-09-02,0.958190538375,1.367337942123
2025-09-03,0.958190563005,1.355839610100
2025-09-04,0.958190588503,1.354881525040
2025-09-05,0.958190555919,1.359672427177
2025-09-08,0.958190549637,1.370212435722
2025-09-09,0.958190589509,1.372128963470
2025-09-10,0.958190560146,1.366379737854
2025-09-11,0.958190564331,1.373087048531
2025-09-12,0.958190523565,1.364463329315
2025-09-15,0.958190592583,1.361588835716
2025-09-16,0.958190530534,1.360630512238
2025-09-17,0.958190523565,1.364463329315
2025-09-18,0.958190528762,1.343383073807
2025-09-19,0.958190573663,1.352006912231
2025-09-22,0.958190528762,1.343383073807
2025-09-23,0.958190521709,1.347215890884
2025-09-24,0.958190573663,1.352006912231
2025-09-25,0.958190569459,1.345299601555
2025-09-26,0.958190580839,1.348174095154
2025-09-29,0.958190563005,1.355839610100
2025-09-30,0.958190526143,1.353923201561
2025-10-09,0.958190530534,1.360630512238
2025-10-10,0.958190600625,1.375003457069
2025-10-13,0.958190589509,1.372128963470
2025-10-14,0.958190539997,1.384585380554
2025-10-15,0.958190565624,1.390334486961
2025-10-16,0.958190527140,1.398958206177
2025-10-17,0.958190576024,1.386501789093
2025-10-20,0.958190548411,1.398000001907
2025-10-21,1.000000000000,1.396000027657
2025-10-22,1.000000000000,1.399999976158
2025-10-23,1.000000000000,1.409000039101
2025-10-24,1.000000000000,1.401999950409
2025-10-27,1.000000000000,1.409999966621
2025-10-28,1.000000000000,1.401999950409
2025-10-29,1.000000000000,1.401999950409
2025-10-30,1.000000000000,1.396999955177
2025-10-31,1.000000000000,1.398000001907
2025-11-03,1.000000000000,1.407999992371
2025-11-04,1.000000000000,1.414000034332
2025-11-05,1.000000000000,1.421000003815
2025-11-06,1.000000000000,1.425999999046
2025-11-07,1.000000000000,1.425999999046
2025-11-10,1.000000000000,1.437999963760
2025-11-11,1.000000000000,1.434000015259
2025-11-12,1.000000000000,1.437000036240
2025-11-13,1.000000000000,1.440000057220
2025-11-14,1.000000000000,1.432999968529
2025-11-17,1.000000000000,1.424000024796
2025-11-18,1.000000000000,1.406000018120
2025-11-19,1.000000000000,1.406999945641
2025-11-20,1.000000000000,1.404000043869
2025-11-21,1.000000000000,1.381999969482
2025-11-24,1.000000000000,1.373999953270
2025-11-25,1.000000000000,1.381000041962
2025-11-26,1.000000000000,1.373000025749
2025-11-27,1.000000000000,1.375000000000
2025-11-28,1.000000000000,1.378000020981
2025-12-01,1.000000000000,1.388000011444
2025-12-02,1.000000000000,1.386000037193
2025-12-03,1.000000000000,1.383999943733
2025-12-04,1.000000000000,1.378999948502
2025-12-05,1.000000000000,1.381999969482
2025-12-08,1.000000000000,1.373999953270
2025-12-09,1.000000000000,1.363000035286
2025-12-10,1.000000000000,1.363000035286
2025-12-11,1.000000000000,1.351999998093
2025-12-12,1.000000000000,1.353000044823
2025-12-15,1.000000000000,1.360999941826
2025-12-16,1.000000000000,1.347000002861
2025-12-17,1.000000000000,1.350999951363
2025-12-18,1.000000000000,1.360999941826
2025-12-19,1.000000000000,1.363000035286
2025-12-22,1.000000000000,1.358000040054
2025-12-23,1.000000000000,1.355999946594
2025-12-24,1.000000000000,1.361999988556
2025-12-25,1.000000000000,1.366000056267
2025-12-26,1.000000000000,1.371999979019
2025-12-29,1.000000000000,1.368000030518
2025-12-30,1.000000000000,1.368999958038
2025-12-31,1.000000000000,1.371999979019
2026-01-05,1.000000000000,1.373999953270
2026-01-06,1.000000000000,1.391000032425
2026-01-07,1.000000000000,1.391000032425
2026-01-08,1.000000000000,1.386999964714
2026-01-09,1.000000000000,1.391999959946
2026-01-12,1.000000000000,1.394999980927
2026-01-13,1.000000000000,1.391999959946
2026-01-14,1.000000000000,1.381999969482
2026-01-15,1.000000000000,1.376999974251
2026-01-16,1.000000000000,1.366999983788
2026-01-19,1.000000000000,1.378000020981
2026-01-20,1.000000000000,1.399999976158
2026-01-21,1.000000000000,1.389999985695
2026-01-22,1.000000000000,1.396999955177
2026-01-23,1.000000000000,1.396999955177
2026-01-26,1.000000000000,1.406999945641
2026-01-27,1.000000000000,1.398000001907
2026-01-28,1.000000000000,1.417000055313
2026-01-29,1.000000000000,1.434999942780
2026-01-30,1.000000000000,1.419000029564
2026-02-02,1.000000000000,1.378999948502
2026-02-03,1.000000000000,1.388000011444
2026-02-04,1.000000000000,1.424000024796
2026-02-05,1.000000000000,1.419000029564
2026-02-06,1.000000000000,1.414000034332
2026-02-09,1.000000000000,1.422000050545
2026-02-10,1.000000000000,1.429999947548
2026-02-11,1.000000000000,1.439000010490
2026-02-12,1.000000000000,1.435999989510
2026-02-13,1.000000000000,1.416000008583
2026-02-24,1.000000000000,1.434000015259
2026-02-25,1.000000000000,1.442999958992
2026-02-26,1.000000000000,1.439000010490
2026-02-27,1.000000000000,1.453999996185
2026-03-02,1.000000000000,1.472000002861
2026-03-03,1.000000000000,1.485000014305
2026-03-04,1.000000000000,1.460999965668
2026-03-05,1.000000000000,1.460000038147
2026-03-06,1.000000000000,1.460999965668
2026-03-09,1.000000000000,1.463999986649
2026-03-10,1.000000000000,1.452999949455
2026-03-11,1.000000000000,1.472000002861
2026-03-12,1.000000000000,1.491000056267
2026-03-13,1.000000000000,1.485000014305
2026-03-16,1.000000000000,1.473999977112
2026-03-17,1.000000000000,1.465000033379
2026-03-18,1.000000000000,1.455999970436
2026-03-19,1.000000000000,1.445999979973
2026-03-20,1.000000000000,1.439000010490
2026-03-23,1.000000000000,1.406000018120
2026-03-24,1.000000000000,1.424999952316
2026-03-25,1.000000000000,1.429000020027
2026-03-26,1.000000000000,1.429000020027
2026-03-27,1.000000000000,1.430999994278
2026-03-30,1.000000000000,1.445999979973
2026-03-31,1.000000000000,1.432000041008
2026-04-01,1.000000000000,1.430999994278
2026-04-02,1.000000000000,1.432000041008
2026-04-03,1.000000000000,1.411000013351
2026-04-07,1.000000000000,1.416000008583
2026-04-08,1.000000000000,1.427000045776
2026-04-09,1.000000000000,1.417999982834
2026-04-10,1.000000000000,1.419000029564
2026-04-13,1.000000000000,1.419999957085
2026-04-14,1.000000000000,1.421000003815
2026-04-15,1.000000000000,1.427999973297
2026-04-16,1.000000000000,1.432000041008
2026-04-17,1.000000000000,1.421000003815
2026-04-20,1.000000000000,1.422999978065
2026-04-21,1.000000000000,1.435999989510
2026-04-22,1.000000000000,1.434999942780
2026-04-23,1.000000000000,1.442999958992
2026-04-24,1.000000000000,1.442000031471
2026-04-27,1.000000000000,1.440999984741
2026-04-28,1.000000000000,1.452999949455
2026-04-29,1.000000000000,1.467000007629
2026-04-30,1.000000000000,1.465000033379
2026-05-06,1.000000000000,1.468999981880
2026-05-07,1.000000000000,1.445999979973
2026-05-08,1.000000000000,1.440000057220
2026-05-11,1.000000000000,1.445999979973
2026-05-12,1.000000000000,1.444000005722
2026-05-13,1.000000000000,1.437999963760
2026-05-14,1.000000000000,1.425999999046
2026-05-15,1.000000000000,1.422000050545
2026-05-18,1.000000000000,1.416000008583
2026-05-19,1.000000000000,1.417999982834
2026-05-20,1.000000000000,1.414000034332
2026-05-21,1.000000000000,1.394000053406
2026-05-22,1.000000000000,1.391000032425
2026-05-25,1.000000000000,1.396000027657
2026-05-26,1.000000000000,1.399000048637
2026-05-27,1.000000000000,1.386999964714
2026-05-28,1.000000000000,1.383999943733
2026-05-29,1.000000000000,1.401999950409
2026-06-01,1.000000000000,1.439000010490
2026-06-02,1.000000000000,1.434999942780
2026-06-03,1.000000000000,1.434000015259
2026-06-04,1.000000000000,1.427999973297
2026-06-05,1.000000000000,1.427999973297
2026-06-08,1.000000000000,1.417000055313
2026-06-09,1.000000000000,1.414000034332
2026-06-10,1.000000000000,1.406000018120
2026-06-11,1.000000000000,1.401999950409
2026-06-12,1.000000000000,1.422000050545
2026-06-15,1.000000000000,1.409999966621
2026-06-16,1.000000000000,1.386000037193
2026-06-17,1.000000000000,1.371000051498
2026-06-18,1.000000000000,1.345999956131
2026-06-22,1.000000000000,1.360999941826
2026-06-23,1.000000000000,1.350999951363
2026-06-24,1.000000000000,1.333999991417
2026-06-25,1.000000000000,1.317999958992
2026-06-26,1.000000000000,1.294999957085
2026-06-29,1.000000000000,1.299000024796
2026-06-30,1.000000000000,1.276999950409
2026-07-01,1.000000000000,1.299999952316
2026-07-02,1.000000000000,1.310999989510
2026-07-03,1.000000000000,1.325000047684
2026-07-06,1.000000000000,1.353000044823
2026-07-07,1.000000000000,1.330999970436
2026-07-08,1.000000000000,1.340000033379
2026-07-09,1.000000000000,1.322999954224
2026-07-10,1.000000000000,1.322999954224
2026-07-13,1.000000000000,1.327000021935
2026-07-14,1.000000000000,1.351999998093
2026-07-15,1.000000000000,1.373999953270
2026-07-16,1.000000000000,1.360000014305
2026-07-17,1.000000000000,1.351999998093
2026-07-20,1.000000000000,1.394000053406
2026-07-21,1.000000000000,1.381000041962
2026-07-22,1.000000000000,1.396000027657
2026-07-23,1.000000000000,1.409000039101
2026-07-24,1.000000000000,1.386999964714
2026-07-27,1.000000000000,1.391000032425
2026-07-28,1.000000000000,1.391999959946
2026-07-29,1.000000000000,1.414000034332
2026-07-30,1.000000000000,1.429999947548
2026-07-31,1.000000000000,1.432000041008
2026-08-03,1.000000000000,1.424999952316
