ranking_id,feature_family,target_status,cost_bps,total_return,benchmark_return,compounded_relative_excess_return,max_drawdown,turnover,positive_excess_windows
r2_industry_relative_rank,momentum_reversal,eligible,10,0.9222390857,0.3929238159,0.3800030294,-0.1963821534,35.86666667,2
r2_industry_relative_rank,momentum_reversal,eligible,20,0.855115375,0.3929238159,0.3318139541,-0.2038764713,35.86666667,2
r2_industry_relative_rank,momentum_reversal,eligible,40,0.7276806972,0.3929238159,0.2403267698,-0.218673609,35.86666667,2
r2_industry_relative_rank,current_cn_ohlcv,eligible,10,1.166814812,0.3929238159,0.5555874538,-0.2773950149,31.8,3
r2_industry_relative_rank,current_cn_ohlcv,eligible,20,1.099769895,0.3929238159,0.5074549458,-0.2786198254,31.8,3
r2_industry_relative_rank,current_cn_ohlcv,eligible,40,0.9717150362,0.3929238159,0.4155225244,-0.28106532,31.8,3
r0_cn_x1_0_raw_return_rank,current_cn_ohlcv,eligible,10,0.9091970253,0.3929238159,0.370639947,-0.2114243126,33.4,4
r0_cn_x1_0_raw_return_rank,current_cn_ohlcv,eligible,20,0.8471379916,0.3929238159,0.326086876,-0.216032655,33.4,4
r0_cn_x1_0_raw_return_rank,current_cn_ohlcv,eligible,40,0.7288853467,0.3929238159,0.241191605,-0.2270697243,33.4,4
r1_benchmark_relative_rank,current_cn_ohlcv,eligible,10,0.9091970253,0.3929238159,0.370639947,-0.2114243126,33.4,4
r1_benchmark_relative_rank,current_cn_ohlcv,eligible,20,0.8471379916,0.3929238159,0.326086876,-0.216032655,33.4,4
r1_benchmark_relative_rank,current_cn_ohlcv,eligible,40,0.7288853467,0.3929238159,0.241191605,-0.2270697243,33.4,4
r4_two_stage_hierarchical_rank,momentum_reversal,eligible,10,0.6999622338,0.3929238159,0.2204272871,-0.1963036772,37.53333333,3
r4_two_stage_hierarchical_rank,momentum_reversal,eligible,20,0.6378133658,0.3929238159,0.1758097227,-0.2035980463,37.53333333,2
r4_two_stage_hierarchical_rank,momentum_reversal,eligible,40,0.5201189945,0.3929238159,0.09131524432,-0.2181026418,37.53333333,2
r3_risk_residual_rank,momentum_reversal,ineligible_partial_r3,10,0.9403484238,0.3929238159,0.3930039831,-0.2435387015,34.26666667,3
r3_risk_residual_rank,momentum_reversal,ineligible_partial_r3,20,0.875698621,0.3929238159,0.3465909618,-0.2448176088,34.26666667,3
r3_risk_residual_rank,momentum_reversal,ineligible_partial_r3,40,0.7526635116,0.3929238159,0.2582622908,-0.2473711717,34.26666667,3
r4_two_stage_hierarchical_rank,current_cn_ohlcv,eligible,10,0.6811583378,0.3929238159,0.2069277003,-0.2046441297,34.8,3
r4_two_stage_hierarchical_rank,current_cn_ohlcv,eligible,20,0.624033411,0.3929238159,0.1659168954,-0.2095887053,34.8,3
r4_two_stage_hierarchical_rank,current_cn_ohlcv,eligible,40,0.5154271649,0.3929238159,0.0879469125,-0.2193962854,34.8,2
r2_industry_relative_rank,governed_technical_extension,eligible,10,0.7606961797,0.3929238159,0.2640290586,-0.3213219976,30.46666667,2
r2_industry_relative_rank,governed_technical_extension,eligible,20,0.7083027125,0.3929238159,0.2264150365,-0.325978714,30.46666667,2
r2_industry_relative_rank,governed_technical_extension,eligible,40,0.6080542587,0.3929238159,0.1544452326,-0.3352046627,30.46666667,2
r4_two_stage_hierarchical_rank,governed_technical_extension,eligible,10,0.7450376883,0.3929238159,0.2527876028,-0.2661039406,31.33333333,2
r4_two_stage_hierarchical_rank,governed_technical_extension,eligible,20,0.6917155082,0.3929238159,0.2145068444,-0.2714021119,31.33333333,2
r4_two_stage_hierarchical_rank,governed_technical_extension,eligible,40,0.5898133177,0.3929238159,0.1413497993,-0.2818935791,31.33333333,2
r4_two_stage_hierarchical_rank,volume_volatility,eligible,10,0.8057199052,0.3929238159,0.2963522373,-0.1709062464,34.6,4
r4_two_stage_hierarchical_rank,volume_volatility,eligible,20,0.7449509788,0.3929238159,0.2527253528,-0.1776290348,34.6,3
r4_two_stage_hierarchical_rank,volume_volatility,eligible,40,0.6293601965,0.3929238159,0.1697410712,-0.1909255054,34.6,3
r3_risk_residual_rank,volume_volatility,ineligible_partial_r3,10,0.4385311721,0.3929238159,0.03274217557,-0.245699706,33,2
r3_risk_residual_rank,volume_volatility,ineligible_partial_r3,20,0.3920086933,0.3929238159,-0.0006569796592,-0.2510982831,33,2
r3_risk_residual_rank,volume_volatility,ineligible_partial_r3,40,0.3033389837,0.3929238159,-0.06431423686,-0.2617898137,33,2
r2_industry_relative_rank,volume_volatility,eligible,10,1.147913434,0.3929238159,0.5420178829,-0.2673170128,30.8,3
r2_industry_relative_rank,volume_volatility,eligible,20,1.083338912,0.3929238159,0.495658907,-0.2728790865,30.8,3
r2_industry_relative_rank,volume_volatility,eligible,40,0.9598369404,0.3929238159,0.4069950689,-0.2838878205,30.8,3
r3_risk_residual_rank,governed_technical_extension,ineligible_partial_r3,10,0.8186649144,0.3929238159,0.3056456452,-0.2870278901,28.46666667,3
r3_risk_residual_rank,governed_technical_extension,ineligible_partial_r3,20,0.7680538057,0.3929238159,0.2693112039,-0.2915291609,28.46666667,2
r3_risk_residual_rank,governed_technical_extension,ineligible_partial_r3,40,0.6709311274,0.3929238159,0.1995854391,-0.3004539329,28.46666667,2
r3_risk_residual_rank,current_cn_ohlcv,ineligible_partial_r3,10,0.7965893871,0.3929238159,0.2897973073,-0.2355707097,33.13333333,3
r3_risk_residual_rank,current_cn_ohlcv,ineligible_partial_r3,20,0.7384963638,0.3929238159,0.2480914921,-0.2369107556,33.13333333,3
r3_risk_residual_rank,current_cn_ohlcv,ineligible_partial_r3,40,0.6277745428,0.3929238159,0.1686027076,-0.2395861809,33.13333333,3
