date,open,high,low,close,volume,amount,factor
2021-01-04,6.36,6.4,6.29,6.35,32139784.0,221937220.0,1.0
2021-01-05,6.34,6.46,6.31,6.41,33968281.0,236081746.0,1.0
2021-01-06,6.42,6.42,6.19,6.23,33156174.0,225516824.0,1.0
2021-01-07,6.21,6.22,5.94,6.03,34662498.0,227525235.0,1.0
2021-01-08,6.05,6.47,5.97,6.32,56171860.0,385858253.0,1.0
2021-01-11,6.28,6.43,6.19,6.22,33782483.0,231128970.0,1.0
2021-01-12,6.22,6.33,6.13,6.22,30642080.0,206840786.0,1.0
2021-01-13,6.21,6.21,6.03,6.09,31893370.0,211603664.0,1.0
2021-01-14,6.05,6.32,6.03,6.22,34067420.0,229403641.0,1.0
2021-01-15,6.22,6.36,6.09,6.14,39107777.0,263748873.0,1.0
2021-01-18,6.15,6.28,6.1,6.22,30320567.0,205101148.0,1.0
2021-01-19,6.24,6.4,6.17,6.32,42949234.0,294498059.0,1.0
2021-01-20,6.35,6.38,6.21,6.28,29458272.0,200754164.0,1.0
2021-01-21,6.25,6.37,6.19,6.28,34284626.0,234119229.0,1.0
2021-01-22,6.26,6.27,6.07,6.11,35018485.0,233068358.0,1.0
2021-01-25,6.1,6.1,5.89,5.9,34658297.0,224679574.0,1.0
2021-01-26,5.9,6.04,5.86,5.91,24245126.0,156236809.0,1.0
2021-01-27,5.93,5.98,5.82,5.91,19643425.0,126021562.0,1.0
2021-01-28,5.88,6.06,5.87,5.98,31396460.0,203846005.0,1.0
2021-01-29,5.94,5.99,5.44,5.53,68051729.0,415471148.0,1.0
2021-02-01,5.75,6.11,5.75,5.97,63673891.0,411617699.0,1.0
2021-02-02,5.91,6.0,5.82,5.98,37308233.0,239511204.0,1.0
2021-02-03,5.98,5.99,5.71,5.75,30952578.0,196465010.0,1.0
2021-02-04,5.76,5.76,5.57,5.63,26271088.0,160730665.0,1.0
2021-02-05,5.64,5.78,5.55,5.58,22798591.0,139773812.0,1.0
2021-02-08,5.58,5.66,5.53,5.62,20446432.0,124764411.0,1.0
2021-02-09,5.64,5.72,5.59,5.71,22904383.0,141041339.0,1.0
2021-02-10,5.74,5.79,5.67,5.76,22817498.0,142137941.0,1.0
2021-02-18,5.82,6.13,5.82,6.07,45381750.0,297043085.0,1.0
2021-02-19,6.05,6.34,6.03,6.33,49429449.0,335235938.0,1.0
2021-02-22,6.33,6.45,6.22,6.24,63858919.0,440399652.0,1.0
2021-02-23,6.26,6.3,6.06,6.14,48954255.0,327339971.0,1.0
2021-02-24,6.17,6.25,6.09,6.17,42061011.0,282091797.0,1.0
2021-02-25,6.2,6.22,6.07,6.09,28623509.0,189873293.0,1.0
2021-02-26,6.1,6.18,6.05,6.14,36831287.0,244966747.0,1.0
2021-03-01,6.17,6.24,6.15,6.2,31348239.0,210922444.0,1.0
2021-03-02,6.23,6.23,6.05,6.17,31316148.0,207954098.0,1.0
2021-03-03,6.12,6.17,6.07,6.16,24392103.0,162437393.0,1.0
2021-03-04,6.14,6.21,6.1,6.13,25087700.0,167508641.0,1.0
2021-03-05,6.12,6.29,6.1,6.28,42603826.0,288399225.0,1.0
2021-03-08,6.33,6.34,6.19,6.2,32926172.0,224168770.0,1.0
2021-03-09,6.2,6.3,6.04,6.13,40145478.0,269380471.0,1.0
2021-03-10,6.15,6.17,5.82,5.85,36786310.0,238314445.0,1.0
2021-03-11,5.86,5.95,5.81,5.93,22014475.0,140954327.0,1.0
2021-03-12,5.93,5.94,5.81,5.82,21438905.0,136022485.0,1.0
2021-03-15,5.84,5.87,5.75,5.82,18689014.0,118125065.0,1.0
2021-03-16,5.82,5.92,5.78,5.91,19014411.0,120830462.0,1.0
2021-03-17,5.89,5.94,5.84,5.92,17743408.0,113402286.0,1.0
2021-03-18,5.9,5.92,5.83,5.84,17303750.0,110192061.0,1.0
2021-03-19,5.82,5.89,5.79,5.85,17952245.0,114163537.0,1.0
2021-03-22,5.83,5.9,5.83,5.88,14999170.0,95746066.0,1.0
2021-03-23,5.9,6.0,5.87,5.99,29471250.0,190283579.0,1.0
2021-03-24,5.98,6.01,5.94,5.96,18415379.0,119445919.0,1.0
2021-03-25,5.98,6.1,5.96,6.05,22617369.0,148371102.0,1.0
2021-03-26,6.08,6.09,6.0,6.05,20120241.0,132104168.0,1.0
2021-03-29,6.07,6.1,6.02,6.04,17366284.0,114109587.0,1.0
2021-03-30,6.04,6.04,5.9,5.92,18980974.0,122254035.0,1.0
2021-03-31,5.91,5.97,5.83,5.92,20819386.0,133662799.0,1.0
2021-04-01,5.92,5.95,5.86,5.93,14821498.0,95332025.0,1.0
2021-04-02,5.93,5.95,5.88,5.91,15031559.0,96583107.0,1.0
2021-04-06,5.89,5.94,5.88,5.94,15765741.0,101221183.0,1.0
2021-04-07,5.93,6.1,5.89,6.1,39401349.0,258755273.0,1.0
2021-04-08,6.05,6.07,6.01,6.03,23890268.0,156655378.0,1.0
2021-04-09,6.01,6.03,5.93,5.94,16940238.0,109765569.0,1.0
2021-04-12,5.94,5.95,5.82,5.82,20986716.0,133593823.0,1.0
2021-04-13,5.82,5.89,5.81,5.82,13219642.0,83882277.0,1.0
2021-04-14,5.84,5.85,5.8,5.82,12791799.0,80992504.0,1.0
2021-04-15,5.82,5.82,5.69,5.71,22418944.0,139372746.0,1.0
2021-04-16,5.71,5.82,5.7,5.82,19664443.0,123585055.0,1.0
2021-04-19,5.82,5.89,5.8,5.87,18386965.0,117134570.0,1.0
2021-04-20,5.86,5.9,5.8,5.8,17312134.0,110034772.0,1.0
2021-04-21,5.78,5.79,5.72,5.75,13246933.0,82846777.0,1.0
2021-04-22,5.74,5.78,5.72,5.74,14339692.0,89584938.0,1.0
2021-04-23,5.75,5.77,5.66,5.7,18800052.0,116189478.0,1.0
2021-04-26,5.7,5.71,5.62,5.62,18432096.0,113446800.0,1.0
2021-04-27,5.61,5.65,5.54,5.55,17171745.0,103935019.0,1.0
2021-04-28,5.49,5.49,5.19,5.25,59507550.0,343335341.0,1.0
2021-04-29,5.23,5.3,5.2,5.25,22811045.0,130385702.0,1.0
2021-04-30,5.24,5.26,5.04,5.11,32747497.0,182423469.0,1.0
2021-05-06,5.13,5.24,5.1,5.13,19845027.0,111024597.0,1.0
2021-05-07,5.13,5.14,5.06,5.08,22764004.0,126004121.0,1.0
2021-05-10,5.09,5.19,5.09,5.14,19363710.0,108193168.0,1.0
2021-05-11,5.14,5.25,5.12,5.22,21247461.0,119543277.0,1.0
2021-05-12,5.2,5.29,5.17,5.25,17729300.0,100795961.0,1.0
2021-05-13,5.23,5.27,5.19,5.2,18888623.0,107251158.0,1.0
2021-05-14,5.21,5.27,5.18,5.27,17503946.0,99602232.0,1.0
2021-05-17,5.27,5.29,5.19,5.19,19490821.0,110859452.0,1.0
2021-05-18,5.17,5.26,5.12,5.24,18657721.0,105172626.0,1.0
2021-05-19,5.21,5.21,5.15,5.16,13026831.0,73300662.0,1.0
2021-05-20,5.16,5.17,5.09,5.09,15970691.0,88803374.0,1.0
2021-05-21,5.09,5.13,5.06,5.07,17523467.0,96999453.0,1.0
2021-05-24,4.98,5.14,4.93,5.13,24352404.0,133812963.0,1.0
2021-05-25,5.14,5.18,5.09,5.15,20489766.0,114482425.0,1.0
2021-05-26,5.17,5.36,5.14,5.23,37011479.0,212506213.0,1.0
2021-05-27,5.23,5.3,5.15,5.15,32954985.0,187142287.0,1.0
2021-05-28,5.21,5.3,5.16,5.18,28246158.0,160162902.0,1.0
2021-05-31,5.16,5.25,5.15,5.23,21120509.0,119573767.0,1.0
2021-06-01,5.23,5.38,5.19,5.35,40657025.0,234939124.0,1.0
2021-06-02,5.32,5.33,5.2,5.21,27220074.0,155258414.0,1.0
2021-06-03,5.23,5.34,5.21,5.25,24051778.0,137855418.0,1.0
2021-06-04,5.25,5.3,5.23,5.28,20235506.0,115618824.0,1.0
2021-06-07,5.28,5.35,5.25,5.33,23657876.0,136130136.0,1.0
2021-06-08,5.3,5.36,5.23,5.35,34541912.0,199250776.0,1.0
2021-06-09,5.31,5.41,5.31,5.36,30698420.0,178658746.0,1.0
2021-06-10,5.35,5.77,5.34,5.62,95066145.0,574572266.0,1.0
2021-06-11,5.62,5.68,5.5,5.53,69001484.0,416869169.0,1.0
2021-06-15,5.5,5.84,5.48,5.77,84211423.0,520218506.0,1.0
2021-06-16,5.73,5.91,5.67,5.76,55422472.0,347309952.0,1.0
2021-06-17,5.74,5.78,5.62,5.73,39329963.0,242927945.0,1.0
2021-06-18,5.81,5.87,5.71,5.73,38148134.0,238518129.0,1.0
2021-06-21,5.71,5.73,5.61,5.64,41278644.0,253118940.0,1.0
2021-06-22,5.65,5.83,5.64,5.72,41528954.0,258417393.0,1.0
2021-06-23,5.71,5.74,5.56,5.6,40530362.0,246226511.0,1.0
2021-06-24,5.62,5.64,5.48,5.48,33678475.0,202401018.0,1.0
2021-06-25,5.47,5.56,5.46,5.51,24885943.0,148704600.0,1.0
2021-06-28,5.51,5.6,5.48,5.56,22159946.0,133463881.0,1.0
2021-06-29,5.53,5.6,5.41,5.42,28595766.0,170736677.0,1.0
2021-06-30,5.42,5.48,5.35,5.39,27420395.0,160551247.0,1.0
2021-07-01,5.41,5.41,5.24,5.24,26956527.0,155806953.0,1.0
2021-07-02,5.27,5.32,5.22,5.28,19389081.0,111022541.0,1.0
2021-07-05,5.3,5.43,5.29,5.39,20632558.0,120225659.0,1.0
2021-07-06,5.38,5.43,5.34,5.4,19559774.0,114039977.0,1.0
2021-07-07,5.38,5.38,5.32,5.35,15300849.0,88809538.0,1.0
2021-07-08,5.36,5.37,5.25,5.3,20684393.0,118795386.0,1.0
2021-07-09,5.28,5.31,5.23,5.25,16229641.0,92618136.0,1.0
2021-07-12,5.29,5.76,5.27,5.7,94490961.0,573098436.0,1.0
2021-07-13,5.73,5.79,5.63,5.73,88520023.0,548211148.0,1.0
2021-07-14,5.71,5.75,5.55,5.58,45840787.0,279917593.0,1.0
2021-07-15,5.6,5.61,5.42,5.48,36188072.0,215855759.0,1.0
2021-07-16,5.49,5.71,5.49,5.51,42802456.0,259303034.0,1.0
2021-07-19,5.48,5.81,5.43,5.8,81470444.0,501410581.0,1.0
2021-07-20,5.71,5.74,5.62,5.71,48504305.0,299227202.0,1.0
2021-07-21,5.71,5.79,5.66,5.75,53183824.0,330975829.0,1.0
2021-07-22,5.74,5.81,5.66,5.71,42777109.0,265564395.0,1.0
2021-07-23,5.71,5.71,5.56,5.58,41512642.0,252585683.0,1.0
2021-07-26,5.58,5.62,5.37,5.43,43189339.0,257021702.0,1.0
2021-07-27,5.48,5.6,5.36,5.46,42253267.0,251406627.0,1.0
2021-07-28,5.4,5.65,5.36,5.58,54627212.0,327984322.0,1.0
2021-07-29,5.63,5.71,5.52,5.71,61685918.0,376673083.0,1.0
2021-07-30,5.69,5.85,5.66,5.71,71992830.0,449946824.0,1.0
2021-08-02,5.7,5.96,5.66,5.95,92215213.0,582995473.0,1.0
2021-08-03,5.89,6.19,5.81,5.83,111296978.0,720390865.0,1.0
2021-08-04,5.81,5.89,5.72,5.83,69867008.0,440670905.0,1.0
2021-08-05,5.79,5.79,5.68,5.68,45526441.0,282973521.0,1.0
2021-08-06,5.71,5.83,5.64,5.78,48604077.0,302856494.0,1.0
2021-08-09,5.74,5.82,5.68,5.71,41463935.0,257736475.0,1.0
2021-08-10,5.68,5.75,5.62,5.7,46098729.0,284134872.0,1.0
2021-08-11,5.67,5.69,5.6,5.63,38409523.0,234717818.0,1.0
2021-08-12,5.63,5.79,5.62,5.74,49670036.0,308529912.0,1.0
2021-08-13,5.73,5.73,5.6,5.62,39369272.0,241503949.0,1.0
2021-08-16,5.6,5.69,5.55,5.64,32497059.0,198040555.0,1.0
2021-08-17,5.62,5.8,5.58,5.79,73524400.0,456495120.0,1.0
2021-08-18,5.72,5.74,5.59,5.71,57758995.0,354997783.0,1.0
2021-08-19,5.66,5.98,5.66,5.9,92693432.0,590010815.0,1.0
2021-08-20,5.9,5.9,5.72,5.8,59009057.0,370614497.0,1.0
2021-08-23,5.82,5.92,5.8,5.83,57306813.0,364428723.0,1.0
2021-08-24,5.85,5.86,5.68,5.71,53364927.0,331768787.0,1.0
2021-08-25,5.72,5.72,5.64,5.71,29860198.0,183998509.0,1.0
2021-08-26,5.73,5.73,5.63,5.64,31570617.0,194013738.0,1.0
2021-08-27,5.62,5.66,5.59,5.65,29323135.0,178768208.0,1.0
2021-08-30,5.69,5.78,5.63,5.67,34772831.0,214622566.0,1.0
2021-08-31,5.66,5.66,5.43,5.46,54492419.0,324736517.0,1.0
2021-09-01,5.46,5.53,5.38,5.5,31497667.0,187166235.0,1.0
2021-09-02,5.52,5.55,5.46,5.51,26623176.0,159288988.0,1.0
2021-09-03,5.53,5.61,5.5,5.56,25371095.0,153163714.0,1.0
2021-09-06,5.57,5.61,5.54,5.59,24976383.0,151147265.0,1.0
2021-09-07,5.59,5.6,5.52,5.6,30259020.0,182546670.0,1.0
2021-09-08,5.59,5.9,5.58,5.83,101673270.0,636708264.0,1.0
2021-09-09,5.84,5.98,5.77,5.95,103477912.0,662564884.0,1.0
2021-09-10,5.92,5.96,5.84,5.85,62853906.0,402036195.0,1.0
2021-09-13,5.89,6.02,5.81,5.97,69629931.0,448725082.0,1.0
2021-09-14,5.95,6.03,5.82,5.84,52349842.0,334706702.0,1.0
2021-09-15,5.85,6.25,5.83,6.12,116359251.0,768371520.0,1.0
2021-09-16,6.09,6.16,5.93,5.93,74182215.0,484844126.0,1.0
2021-09-17,5.95,5.98,5.74,5.81,51993114.0,328074837.0,1.0
2021-09-22,5.75,5.82,5.69,5.75,32318773.0,201381771.0,1.0
2021-09-23,5.77,5.84,5.74,5.81,39519378.0,248259246.0,1.0
2021-09-24,5.79,5.84,5.62,5.63,41359513.0,256607894.0,1.0
2021-09-27,5.62,5.71,5.47,5.48,49188655.0,296022389.0,1.0
2021-09-28,5.48,5.51,5.42,5.48,29266497.0,173612003.0,1.0
2021-09-29,5.44,5.45,5.24,5.24,47139931.0,271762354.0,1.0
2021-09-30,5.27,5.34,5.25,5.31,20796978.0,119510078.0,1.0
2021-10-08,5.36,5.48,5.35,5.47,27119234.0,160175460.0,1.0
2021-10-11,5.51,5.55,5.44,5.46,19280034.0,114653556.0,1.0
2021-10-12,5.43,5.48,5.37,5.4,21004876.0,123370563.0,1.0
2021-10-13,5.42,5.48,5.4,5.45,15783185.0,93370578.0,1.0
2021-10-14,5.48,5.49,5.39,5.39,13887866.0,81559810.0,1.0
2021-10-15,5.4,5.4,5.26,5.35,22365037.0,129319012.0,1.0
2021-10-18,5.34,5.37,5.28,5.36,16620295.0,96211826.0,1.0
2021-10-19,5.38,5.43,5.34,5.42,15217033.0,88783826.0,1.0
2021-10-20,5.43,5.47,5.3,5.3,23508357.0,136996311.0,1.0
2021-10-21,5.27,5.29,5.15,5.15,31878304.0,180584172.0,1.0
2021-10-22,5.16,5.19,5.13,5.14,14937725.0,83660421.0,1.0
2021-10-25,5.14,5.15,5.08,5.13,15132804.0,83861784.0,1.0
2021-10-26,5.13,5.23,5.12,5.13,17114541.0,95748543.0,1.0
2021-10-27,5.14,5.17,4.91,4.95,26910392.0,146049760.0,1.0
2021-10-28,4.95,4.99,4.77,4.78,30112084.0,157613783.0,1.0
2021-10-29,4.89,5.05,4.83,5.05,39329659.0,211971712.0,1.0
2021-11-01,5.03,5.21,5.01,5.17,31979594.0,178357200.0,1.0
2021-11-02,5.18,5.2,5.02,5.04,30768800.0,170299958.0,1.0
2021-11-03,5.04,5.16,5.04,5.11,23130160.0,128446758.0,1.0
2021-11-04,5.13,5.16,5.08,5.11,18689351.0,103549488.0,1.0
2021-11-05,5.12,5.32,5.09,5.24,39351873.0,223845537.0,1.0
2021-11-08,5.24,5.3,5.19,5.24,25754674.0,146735438.0,1.0
2021-11-09,5.27,5.29,5.22,5.26,19765392.0,112841371.0,1.0
2021-11-10,5.3,5.38,5.25,5.35,34439728.0,199213106.0,1.0
2021-11-11,5.36,5.51,5.36,5.47,51723032.0,305484327.0,1.0
2021-11-12,5.5,5.8,5.44,5.71,107272438.0,657842088.0,1.0
2021-11-15,5.74,5.83,5.61,5.79,93401273.0,582487078.0,1.0
2021-11-16,5.79,5.96,5.74,5.8,90397378.0,571190510.0,1.0
2021-11-17,5.78,6.03,5.75,5.93,78571084.0,504541076.0,1.0
2021-11-18,5.94,6.0,5.84,5.87,74937801.0,480520956.0,1.0
2021-11-19,5.85,5.96,5.81,5.83,63154113.0,401981753.0,1.0
2021-11-22,5.83,5.84,5.71,5.74,59153583.0,369615783.0,1.0
2021-11-23,5.76,5.8,5.63,5.71,49623528.0,307224124.0,1.0
2021-11-24,5.73,5.88,5.69,5.81,59763204.0,376338413.0,1.0
2021-11-25,5.77,5.8,5.64,5.68,43917062.0,271669582.0,1.0
2021-11-26,5.7,5.71,5.55,5.62,37834153.0,230594874.0,1.0
2021-11-29,5.58,5.66,5.55,5.59,32647942.0,198012581.0,1.0
2021-11-30,5.63,5.75,5.61,5.65,47399551.0,292716663.0,1.0
2021-12-01,5.7,6.78,5.68,6.78,239236990.0,1673746965.0,1.0
2021-12-02,6.82,6.89,6.28,6.3,314418814.0,2236775804.0,1.0
2021-12-03,6.32,6.39,6.15,6.19,144956367.0,978539192.0,1.0
2021-12-06,6.11,6.13,5.88,5.88,124208115.0,804259933.0,1.0
2021-12-07,5.95,6.05,5.8,5.95,158020332.0,1011368725.0,1.0
2021-12-08,5.93,6.01,5.81,5.91,108218828.0,692831899.0,1.0
2021-12-09,5.94,6.08,5.9,5.95,122756884.0,795922601.0,1.0
2021-12-10,5.9,6.11,5.84,6.0,123396750.0,803600892.0,1.0
2021-12-13,6.02,6.3,5.92,6.2,144426776.0,963513911.0,1.0
2021-12-14,6.15,6.23,6.06,6.15,105269820.0,700648257.0,1.0
2021-12-15,6.11,6.28,6.08,6.16,93596912.0,626858668.0,1.0
2021-12-16,6.16,6.47,6.09,6.3,130622104.0,889394071.0,1.0
2021-12-17,6.27,6.3,6.14,6.14,90061021.0,606161041.0,1.0
2021-12-20,6.16,6.26,5.97,5.97,84450969.0,557757767.0,1.0
2021-12-21,5.93,6.24,5.93,6.13,79172289.0,527303948.0,1.0
2021-12-22,6.22,6.45,6.2,6.29,114421879.0,785926219.0,1.0
2021-12-23,6.28,6.37,6.15,6.17,81252709.0,549748447.0,1.0
2021-12-24,6.19,6.26,6.05,6.05,58779983.0,389656546.0,1.0
2021-12-27,6.07,6.13,5.95,6.01,50638993.0,331766458.0,1.0
2021-12-28,6.01,6.16,5.99,6.08,49659519.0,328371821.0,1.0
2021-12-29,6.07,6.09,5.97,6.0,40756452.0,266038777.0,1.0
2021-12-30,6.02,6.19,5.99,6.15,56378151.0,375173944.0,1.0
2021-12-31,6.19,6.27,6.1,6.17,53439004.0,358572174.0,1.0
2022-01-04,6.17,6.39,6.16,6.31,87233341.0,595746476.0,1.0
2022-01-05,6.29,6.49,6.28,6.4,102355288.0,709659480.0,1.0
2022-01-06,6.35,6.35,6.18,6.29,76012147.0,515546009.0,1.0
2022-01-07,6.29,6.37,6.09,6.14,67744105.0,457116172.0,1.0
2022-01-10,6.11,6.21,5.95,6.18,46848015.0,310368533.0,1.0
2022-01-11,6.13,6.34,6.13,6.16,51939965.0,350313166.0,1.0
2022-01-12,6.17,6.28,6.16,6.2,38854900.0,261647427.0,1.0
2022-01-13,6.33,6.38,6.21,6.22,56562360.0,385213374.0,1.0
2022-01-14,6.14,6.29,6.08,6.19,49396466.0,332631594.0,1.0
2022-01-17,6.25,6.58,6.24,6.51,127697194.0,894333186.0,1.0
2022-01-18,6.46,6.77,6.42,6.53,140182034.0,1004409129.0,1.0
2022-01-19,6.47,6.75,6.44,6.71,130499988.0,940300155.0,1.0
2022-01-20,6.69,6.69,6.48,6.54,93794967.0,665941068.0,1.0
2022-01-21,6.51,6.61,6.38,6.43,75687892.0,530662064.0,1.0
2022-01-24,6.45,6.57,6.36,6.42,65827695.0,461474774.0,1.0
2022-01-25,6.38,6.41,5.75,5.76,127650902.0,828339340.0,1.0
2022-01-26,5.79,5.96,5.66,5.73,58653285.0,368023531.0,1.0
2022-01-27,5.71,5.73,5.33,5.34,78583172.0,464446255.0,1.0
2022-01-28,5.45,5.47,5.32,5.35,46248663.0,270742228.0,1.0
2022-02-07,5.46,5.49,5.34,5.41,39390339.0,230984012.0,1.0
2022-02-08,5.42,5.56,5.31,5.55,46317156.0,275089637.0,1.0
2022-02-09,5.56,5.83,5.53,5.74,63465738.0,392509340.0,1.0
2022-02-10,5.71,5.78,5.67,5.75,40016754.0,248438405.0,1.0
2022-02-11,5.71,5.81,5.69,5.71,37698798.0,234554056.0,1.0
2022-02-14,5.64,5.74,5.6,5.67,28431531.0,175149289.0,1.0
2022-02-15,5.63,5.73,5.6,5.64,24999964.0,153367084.0,1.0
2022-02-16,5.71,5.77,5.62,5.66,27774658.0,171246887.0,1.0
2022-02-17,5.66,5.7,5.54,5.57,39012137.0,237605298.0,1.0
2022-02-18,5.66,5.85,5.65,5.85,78209387.0,489849995.0,1.0
2022-02-21,5.95,6.75,5.91,6.55,212370959.0,1478570439.0,1.0
2022-02-22,6.33,6.76,6.29,6.71,234430991.0,1687739612.0,1.0
2022-02-23,6.64,6.81,6.61,6.73,144260978.0,1049484295.0,1.0
2022-02-24,6.68,7.13,6.32,6.45,202702448.0,1467328752.0,1.0
2022-02-25,6.6,6.64,6.29,6.32,94560921.0,658094432.0,1.0
2022-02-28,6.3,6.41,6.19,6.27,63827638.0,432969732.0,1.0
2022-03-01,6.29,6.42,6.22,6.32,66681740.0,457598847.0,1.0
2022-03-02,6.2,6.38,6.19,6.29,61982348.0,422094371.0,1.0
2022-03-03,6.36,6.41,6.15,6.19,66678850.0,450125673.0,1.0
2022-03-04,6.15,6.22,6.02,6.04,61530529.0,407008598.0,1.0
2022-03-07,6.06,6.08,5.83,5.86,59741166.0,382833196.0,1.0
2022-03-08,5.88,5.97,5.72,5.76,79300529.0,503842150.0,1.0
2022-03-09,5.75,5.82,5.39,5.71,80773949.0,495047445.0,1.0
2022-03-10,5.85,5.88,5.71,5.73,67804912.0,426037763.0,1.0
2022-03-11,5.6,5.83,5.51,5.78,64750297.0,397455190.0,1.0
2022-03-14,5.71,5.84,5.59,5.59,55378445.0,342400779.0,1.0
2022-03-15,5.54,5.65,5.26,5.27,70065777.0,415536195.0,1.0
2022-03-16,5.39,5.55,5.24,5.52,69741101.0,408901634.0,1.0
2022-03-17,5.56,5.69,5.51,5.54,62002820.0,376698169.0,1.0
2022-03-18,5.53,5.6,5.5,5.58,38396740.0,231499780.0,1.0
2022-03-21,5.62,5.63,5.48,5.53,45748395.0,275640959.0,1.0
2022-03-22,5.53,5.66,5.48,5.61,45494674.0,275205360.0,1.0
2022-03-23,5.61,5.64,5.57,5.6,33163833.0,201461436.0,1.0
2022-03-24,5.61,5.65,5.48,5.51,42010747.0,252447160.0,1.0
2022-03-25,5.48,5.55,5.46,5.46,30967801.0,184917171.0,1.0
2022-03-28,5.42,5.58,5.36,5.58,34719597.0,207286860.0,1.0
2022-03-29,5.58,5.6,5.44,5.47,31715848.0,188801295.0,1.0
2022-03-30,5.5,5.52,5.44,5.52,31539665.0,187859373.0,1.0
2022-03-31,5.53,5.54,5.48,5.5,28438873.0,169967521.0,1.0
2022-04-01,5.48,5.48,5.39,5.4,41741367.0,245483004.0,1.0
2022-04-06,5.4,5.48,5.38,5.46,34212536.0,202308885.0,1.0
2022-04-07,5.47,5.48,5.26,5.27,43875198.0,254613424.0,1.0
2022-04-08,5.28,5.3,5.1,5.12,41338820.0,231152374.0,1.0
2022-04-11,5.11,5.13,4.89,4.94,35377384.0,192059135.0,1.0
2022-04-12,4.98,5.13,4.93,5.12,31628175.0,172498629.0,1.0
2022-04-13,5.09,5.09,4.98,5.0,22040418.0,119959847.0,1.0
2022-04-14,5.02,5.08,5.01,5.04,18159139.0,99361040.0,1.0
2022-04-15,5.01,5.04,4.89,4.96,25238283.0,135648021.0,1.0
2022-04-18,4.95,4.98,4.82,4.98,18955590.0,101100827.0,1.0
2022-04-19,4.96,5.03,4.94,5.0,16051699.0,86706615.0,1.0
2022-04-20,5.04,5.09,4.95,4.96,23206426.0,126479798.0,1.0
2022-04-21,4.92,4.96,4.73,4.75,30063603.0,157786316.0,1.0
2022-04-22,4.7,4.77,4.64,4.67,21830817.0,111072186.0,1.0
2022-04-25,4.61,4.61,4.18,4.18,51809113.0,246283166.0,1.0
2022-04-26,4.21,4.3,4.03,4.06,35842513.0,162432381.0,1.0
2022-04-27,4.01,4.23,3.98,4.22,36044938.0,160842383.0,1.0
2022-04-28,4.18,4.21,4.06,4.13,25574633.0,114589154.0,1.0
2022-04-29,4.3,4.47,4.27,4.42,49002567.0,232089683.0,1.0
2022-05-05,4.42,4.49,4.37,4.45,31459608.0,151615736.0,1.0
2022-05-06,4.34,4.58,4.33,4.46,39951061.0,193389494.0,1.0
2022-05-09,4.46,4.55,4.44,4.5,24890206.0,121555749.0,1.0
2022-05-10,4.43,4.65,4.42,4.64,37218507.0,184562820.0,1.0
2022-05-11,4.64,4.79,4.61,4.65,42411384.0,217160800.0,1.0
2022-05-12,4.65,4.79,4.63,4.77,34340776.0,177034427.0,1.0
2022-05-13,4.78,4.82,4.74,4.78,22970332.0,119124612.0,1.0
2022-05-16,4.81,4.83,4.69,4.71,25685843.0,131974319.0,1.0
2022-05-17,4.72,4.73,4.65,4.72,17830749.0,90772679.0,1.0
2022-05-18,4.79,4.85,4.73,4.73,23441306.0,121660730.0,1.0
2022-05-19,4.68,4.75,4.65,4.72,25068790.0,128028581.0,1.0
2022-05-20,4.74,4.79,4.71,4.77,17034380.0,87867673.0,1.0
2022-05-23,4.81,4.82,4.76,4.79,15510510.0,80489986.0,1.0
2022-05-24,4.79,4.81,4.53,4.53,31691028.0,159849910.0,1.0
2022-05-25,4.55,4.65,4.54,4.6,21292572.0,106360615.0,1.0
2022-05-26,4.64,4.68,4.57,4.66,26762809.0,134599950.0,1.0
2022-05-27,4.66,4.74,4.61,4.64,19298483.0,97046024.0,1.0
2022-05-30,4.65,4.69,4.6,4.63,18222419.0,91270485.0,1.0
2022-05-31,4.64,4.72,4.55,4.72,28068667.0,140601452.0,1.0
2022-06-01,4.69,4.75,4.67,4.74,19433712.0,98969624.0,1.0
2022-06-02,4.7,4.78,4.67,4.77,17276959.0,88199720.0,1.0
2022-06-06,4.76,4.9,4.74,4.86,30495495.0,159352815.0,1.0
2022-06-07,4.87,4.87,4.74,4.78,23772061.0,122806147.0,1.0
2022-06-08,4.78,4.86,4.71,4.8,25888410.0,133362195.0,1.0
2022-06-09,4.78,4.8,4.65,4.69,22886116.0,116442632.0,1.0
2022-06-10,4.66,4.78,4.65,4.76,31413268.0,160402694.0,1.0
2022-06-13,4.73,4.82,4.71,4.8,28112557.0,145199654.0,1.0
2022-06-14,4.76,4.82,4.63,4.81,32170331.0,163805630.0,1.0
2022-06-15,4.83,4.9,4.81,4.83,33588163.0,176125654.0,1.0
2022-06-16,4.82,5.03,4.82,4.94,54132586.0,290579213.0,1.0
2022-06-17,4.91,4.94,4.78,4.9,29124767.0,152970750.0,1.0
2022-06-20,4.91,4.98,4.85,4.93,25461295.0,134828921.0,1.0
2022-06-21,4.94,4.99,4.88,4.99,29070322.0,154839824.0,1.0
2022-06-22,5.01,5.01,4.83,4.83,33665681.0,177508672.0,1.0
2022-06-23,4.86,4.95,4.84,4.94,24284137.0,128328360.0,1.0
2022-06-24,4.96,4.98,4.9,4.92,20116384.0,107068378.0,1.0
2022-06-27,4.96,5.02,4.91,4.93,26764256.0,143336649.0,1.0
2022-06-28,4.93,5.02,4.9,5.01,26415697.0,141793527.0,1.0
2022-06-29,5.0,5.08,4.95,4.97,31813080.0,171952285.0,1.0
2022-06-30,5.01,5.05,4.95,4.97,25266228.0,135985853.0,1.0
2022-07-01,5.0,5.0,4.92,4.92,22757214.0,121552245.0,1.0
2022-07-04,4.91,4.94,4.82,4.88,25892520.0,136063135.0,1.0
2022-07-05,4.91,4.92,4.76,4.81,27670425.0,144091973.0,1.0
2022-07-06,4.8,4.85,4.72,4.76,19225619.0,99152956.0,1.0
2022-07-07,4.78,4.82,4.74,4.79,15159604.0,78251315.0,1.0
2022-07-08,4.81,4.94,4.78,4.86,25328166.0,133146794.0,1.0
2022-07-11,4.83,4.85,4.73,4.76,22003408.0,113086311.0,1.0
2022-07-12,4.78,4.78,4.66,4.67,18779063.0,95300478.0,1.0
2022-07-13,4.67,4.78,4.67,4.76,24776201.0,125902493.0,1.0
2022-07-14,4.75,4.8,4.7,4.79,20192228.0,103764735.0,1.0
2022-07-15,4.77,4.78,4.67,4.68,20042809.0,102006238.0,1.0
2022-07-18,4.7,4.85,4.68,4.84,24159906.0,125124491.0,1.0
2022-07-19,4.86,4.95,4.8,4.94,30753833.0,162452795.0,1.0
2022-07-20,4.97,4.99,4.92,4.96,26599606.0,142142908.0,1.0
2022-07-21,4.96,5.1,4.93,4.99,34840935.0,188821882.0,1.0
2022-07-22,4.97,5.02,4.82,4.89,27227779.0,143935575.0,1.0
2022-07-25,4.86,4.91,4.79,4.82,21511047.0,112547127.0,1.0
2022-07-26,4.86,4.91,4.81,4.88,17112964.0,89750528.0,1.0
2022-07-27,4.88,5.02,4.88,4.94,22058671.0,117765451.0,1.0
2022-07-28,4.96,5.01,4.93,4.94,25187078.0,135156463.0,1.0
2022-07-29,4.96,4.97,4.9,4.9,19348960.0,102768225.0,1.0
2022-08-01,4.91,4.95,4.86,4.91,18915500.0,100356887.0,1.0
2022-08-02,4.89,4.89,4.62,4.65,49409708.0,250299630.0,1.0
2022-08-03,4.66,4.79,4.65,4.66,32497763.0,165485467.0,1.0
2022-08-04,4.7,4.76,4.66,4.74,19811517.0,100714204.0,1.0
2022-08-05,4.77,5.03,4.74,5.02,49780663.0,263330561.0,1.0
2022-08-08,5.0,5.03,4.92,5.03,31517298.0,169262857.0,1.0
2022-08-09,5.09,5.09,4.92,5.03,29334468.0,157594707.0,1.0
2022-08-10,5.0,5.03,4.94,4.96,21559658.0,115805392.0,1.0
2022-08-11,5.0,5.03,4.97,5.02,25013112.0,135157242.0,1.0
2022-08-12,5.03,5.08,4.99,5.02,25187721.0,136960307.0,1.0
2022-08-15,5.03,5.03,4.95,4.97,20706788.0,111166964.0,1.0
2022-08-16,4.95,5.0,4.92,4.95,19019897.0,101585264.0,1.0
2022-08-17,4.96,4.99,4.92,4.98,17852930.0,95596324.0,1.0
2022-08-18,4.98,4.98,4.91,4.95,17450356.0,92914814.0,1.0
2022-08-19,4.97,5.03,4.91,4.92,26418107.0,141292231.0,1.0
2022-08-22,4.95,5.02,4.83,4.91,37229954.0,198724251.0,1.0
2022-08-23,4.89,4.93,4.82,4.84,29789214.0,156107122.0,1.0
2022-08-24,4.88,4.88,4.72,4.72,27813725.0,143286893.0,1.0
2022-08-25,4.73,4.77,4.66,4.73,22511396.0,114268687.0,1.0
2022-08-26,4.76,4.78,4.68,4.68,18315460.0,93311986.0,1.0
2022-08-29,4.64,4.74,4.62,4.7,18420817.0,93156896.0,1.0
2022-08-30,4.71,4.79,4.69,4.75,20421112.0,104369222.0,1.0
2022-08-31,4.72,4.78,4.65,4.67,21126183.0,106922070.0,1.0
2022-09-01,4.67,4.74,4.64,4.66,18908667.0,95577194.0,1.0
2022-09-02,4.65,4.74,4.65,4.73,18426443.0,93684663.0,1.0
2022-09-05,4.74,4.75,4.68,4.72,13552328.0,68852159.0,1.0
2022-09-06,4.74,4.74,4.69,4.73,15907251.0,80958630.0,1.0
2022-09-07,4.72,4.74,4.69,4.72,16482031.0,83729532.0,1.0
2022-09-08,4.72,4.73,4.66,4.67,14057953.0,71044858.0,1.0
2022-09-09,4.67,4.71,4.65,4.69,13924996.0,70296891.0,1.0
2022-09-13,4.69,4.75,4.68,4.7,14039299.0,71297725.0,1.0
2022-09-14,4.65,4.68,4.63,4.66,15594990.0,78240722.0,1.0
2022-09-15,4.67,4.71,4.54,4.6,21274740.0,106212819.0,1.0
2022-09-16,4.6,4.63,4.48,4.48,19630727.0,96362335.0,1.0
2022-09-19,4.51,4.52,4.33,4.35,18987978.0,89832380.0,1.0
2022-09-20,4.4,4.48,4.39,4.41,11627680.0,55313476.0,1.0
2022-09-21,4.39,4.52,4.33,4.5,14975273.0,71867123.0,1.0
2022-09-22,4.48,4.52,4.45,4.47,11318919.0,54836334.0,1.0
2022-09-23,4.47,4.49,4.36,4.39,12187184.0,58034234.0,1.0
2022-09-26,4.36,4.38,4.27,4.28,13435914.0,62756371.0,1.0
2022-09-27,4.29,4.39,4.28,4.38,10824707.0,50592336.0,1.0
2022-09-28,4.36,4.38,4.22,4.25,12271020.0,56924591.0,1.0
2022-09-29,4.28,4.32,4.2,4.24,13579916.0,62567695.0,1.0
2022-09-30,4.24,4.28,4.21,4.21,9200616.0,42169301.0,1.0
2022-10-10,4.25,4.25,4.11,4.12,14994600.0,67517629.0,1.0
2022-10-11,4.13,4.29,4.13,4.28,18354103.0,83743300.0,1.0
2022-10-12,4.27,4.51,4.23,4.51,26192699.0,124169972.0,1.0
2022-10-13,4.5,4.61,4.46,4.56,29495331.0,145481052.0,1.0
2022-10-14,4.57,4.61,4.54,4.55,20586645.0,101714499.0,1.0
2022-10-17,4.57,4.65,4.56,4.6,19707994.0,98074940.0,1.0
2022-10-18,4.63,4.64,4.55,4.58,13382290.0,66084841.0,1.0
2022-10-19,4.59,4.61,4.51,4.57,15973756.0,78616726.0,1.0
2022-10-20,4.54,4.64,4.52,4.57,15803224.0,78118421.0,1.0
2022-10-21,4.57,4.61,4.53,4.56,10277674.0,50627979.0,1.0
2022-10-24,4.6,4.69,4.5,4.52,21096936.0,104526803.0,1.0
2022-10-25,4.51,4.55,4.44,4.49,15512057.0,75110577.0,1.0
2022-10-26,4.5,4.74,4.49,4.67,29901004.0,149963106.0,1.0
2022-10-27,4.79,5.03,4.76,4.97,90788814.0,480694258.0,1.0
2022-10-28,4.98,5.1,4.9,4.92,90270356.0,487621806.0,1.0
2022-10-31,4.96,5.06,4.91,5.0,54758805.0,295441259.0,1.0
2022-11-01,5.03,5.12,4.98,5.12,62358040.0,341180715.0,1.0
2022-11-02,5.15,5.19,5.09,5.13,45910509.0,253671016.0,1.0
2022-11-03,5.14,5.15,5.03,5.09,41688328.0,228449415.0,1.0
2022-11-04,5.1,5.15,5.06,5.13,31898802.0,175851263.0,1.0
2022-11-07,5.1,5.23,5.09,5.1,30641164.0,169450113.0,1.0
2022-11-08,5.09,5.17,5.07,5.17,30734868.0,170322500.0,1.0
2022-11-09,5.16,5.28,5.11,5.16,29031292.0,162690009.0,1.0
2022-11-10,5.12,5.21,5.09,5.18,20831378.0,116370470.0,1.0
2022-11-11,5.26,5.31,5.14,5.15,30876669.0,173447899.0,1.0
2022-11-14,5.17,5.26,5.14,5.24,27997576.0,157567873.0,1.0
2022-11-15,5.25,5.29,5.2,5.23,25815068.0,146004883.0,1.0
2022-11-16,5.24,5.33,5.22,5.31,33002914.0,188164744.0,1.0
2022-11-17,5.31,5.34,5.24,5.34,27210413.0,155380150.0,1.0
2022-11-18,5.36,5.5,5.29,5.32,49760142.0,290135597.0,1.0
2022-11-21,5.32,5.36,5.2,5.28,30139346.0,170951812.0,1.0
2022-11-22,5.24,5.35,5.16,5.2,40882105.0,231093427.0,1.0
2022-11-23,5.2,5.23,5.05,5.12,32345798.0,178500167.0,1.0
2022-11-24,5.16,5.21,5.1,5.11,19356399.0,107354383.0,1.0
2022-11-25,5.14,5.14,5.03,5.09,18180748.0,100012818.0,1.0
2022-11-28,5.05,5.11,5.02,5.09,17977695.0,98337417.0,1.0
2022-11-29,5.1,5.19,5.08,5.17,23498320.0,130815450.0,1.0
2022-11-30,5.19,5.2,5.08,5.09,20600294.0,113985829.0,1.0
2022-12-01,5.13,5.32,5.12,5.27,45018873.0,255284081.0,1.0
2022-12-02,5.29,5.36,5.23,5.26,27267588.0,155708101.0,1.0
2022-12-05,5.28,5.34,5.23,5.27,28580541.0,162575989.0,1.0
2022-12-06,5.26,5.3,5.24,5.28,20262923.0,115160185.0,1.0
2022-12-07,5.27,5.29,5.14,5.16,21754920.0,121746159.0,1.0
2022-12-08,5.14,5.18,5.06,5.09,20187529.0,111035031.0,1.0
2022-12-09,5.08,5.15,5.03,5.08,19238947.0,105622771.0,1.0
2022-12-12,5.1,5.25,5.06,5.19,26495935.0,148278843.0,1.0
2022-12-13,5.2,5.2,5.11,5.14,19475780.0,107824466.0,1.0
2022-12-14,5.13,5.16,5.06,5.09,16150100.0,88973673.0,1.0
2022-12-15,5.09,5.18,5.06,5.11,16633143.0,92184952.0,1.0
2022-12-16,5.1,5.12,5.02,5.05,19428566.0,105781931.0,1.0
2022-12-19,5.03,5.08,4.93,4.96,17662062.0,94901981.0,1.0
2022-12-20,4.97,5.03,4.84,4.89,19091677.0,101099638.0,1.0
2022-12-21,4.91,4.91,4.82,4.87,10450515.0,54880851.0,1.0
2022-12-22,4.88,5.07,4.87,4.99,29353565.0,158298848.0,1.0
2022-12-23,4.96,5.12,4.93,5.03,17011400.0,92279591.0,1.0
2022-12-26,5.03,5.13,5.01,5.08,15956562.0,87499479.0,1.0
2022-12-27,5.11,5.14,5.04,5.06,14427093.0,78975613.0,1.0
2022-12-28,5.04,5.2,5.03,5.06,27847874.0,153148879.0,1.0
2022-12-29,5.07,5.13,5.03,5.07,17230562.0,94563638.0,1.0
2022-12-30,5.07,5.19,5.05,5.17,19645476.0,109277765.0,1.0
2023-01-03,5.15,5.3,5.15,5.29,38035296.0,215417721.0,1.0
2023-01-04,5.29,5.31,5.25,5.3,29701879.0,169288147.0,1.0
2023-01-05,5.33,5.33,5.27,5.29,23872979.0,135973853.0,1.0
2023-01-06,5.28,5.29,5.19,5.22,24575481.0,138619114.0,1.0
2023-01-09,5.25,5.29,5.2,5.22,18989348.0,107354256.0,1.0
2023-01-10,5.24,5.27,5.16,5.25,17766403.0,100243820.0,1.0
2023-01-11,5.26,5.27,5.14,5.16,16583206.0,92979461.0,1.0
2023-01-12,5.19,5.22,5.13,5.19,15734641.0,87862004.0,1.0
2023-01-13,5.19,5.2,5.12,5.18,14671858.0,81623035.0,1.0
2023-01-16,5.19,5.29,5.18,5.23,22520642.0,127687599.0,1.0
2023-01-17,5.25,5.25,5.19,5.22,17029298.0,95860417.0,1.0
2023-01-18,5.21,5.31,5.21,5.28,20520344.0,116791375.0,1.0
2023-01-19,5.29,5.33,5.27,5.31,25021715.0,143238271.0,1.0
2023-01-20,5.31,5.38,5.29,5.3,27852681.0,159820670.0,1.0
2023-01-30,5.36,5.44,5.33,5.34,36618377.0,212268572.0,1.0
2023-01-31,5.33,5.4,5.3,5.37,24352603.0,140596538.0,1.0
2023-02-01,5.42,5.59,5.35,5.54,51689323.0,305760290.0,1.0
2023-02-02,5.6,5.66,5.54,5.55,46372266.0,279472559.0,1.0
2023-02-03,5.56,5.62,5.49,5.6,35859314.0,214980210.0,1.0
2023-02-06,5.61,5.69,5.55,5.66,42512311.0,257759736.0,1.0
2023-02-07,5.62,5.72,5.56,5.68,38996130.0,237395689.0,1.0
2023-02-08,5.68,6.07,5.64,5.79,104692323.0,658288404.0,1.0
2023-02-09,5.71,5.78,5.58,5.78,94400305.0,579402386.0,1.0
2023-02-10,5.78,5.98,5.76,5.76,97468075.0,614980431.0,1.0
2023-02-13,5.73,5.83,5.67,5.78,67046874.0,416082362.0,1.0
2023-02-14,5.8,5.87,5.71,5.73,48409243.0,301570866.0,1.0
2023-02-15,5.75,6.06,5.72,5.97,94664741.0,603078669.0,1.0
2023-02-16,5.87,5.99,5.74,5.79,81477328.0,516599557.0,1.0
2023-02-17,5.8,5.84,5.59,5.6,61679676.0,376855459.0,1.0
2023-02-20,5.63,5.83,5.6,5.83,60616235.0,374718635.0,1.0
2023-02-21,5.82,5.93,5.73,5.78,46225852.0,290021261.0,1.0
2023-02-22,5.69,5.8,5.65,5.78,37592300.0,232086277.0,1.0
2023-02-23,5.73,5.77,5.57,5.61,41442246.0,252816797.0,1.0
2023-02-24,5.62,5.76,5.6,5.74,50559327.0,310895319.0,1.0
2023-02-27,5.7,5.74,5.58,5.6,36599206.0,222570656.0,1.0
2023-02-28,5.71,5.84,5.63,5.75,57918622.0,358024098.0,1.0
2023-03-01,5.75,5.93,5.71,5.91,72130468.0,455874203.0,1.0
2023-03-02,5.92,6.09,5.87,5.98,94008431.0,606312737.0,1.0
2023-03-03,5.87,5.93,5.78,5.84,63640050.0,401138989.0,1.0
2023-03-06,5.84,5.89,5.77,5.8,46580539.0,292295050.0,1.0
2023-03-07,5.77,5.82,5.57,5.58,63169255.0,385916726.0,1.0
2023-03-08,5.58,5.8,5.57,5.8,58097529.0,359110430.0,1.0
2023-03-09,5.81,5.85,5.69,5.81,39990764.0,249047400.0,1.0
2023-03-10,5.75,5.86,5.74,5.79,39666897.0,248571627.0,1.0
2023-03-13,5.73,5.96,5.67,5.95,66856636.0,423064183.0,1.0
2023-03-14,5.93,5.94,5.73,5.83,47593686.0,300100156.0,1.0
2023-03-15,5.88,5.9,5.78,5.8,35233238.0,220869288.0,1.0
2023-03-16,5.75,5.92,5.67,5.81,55029560.0,345135387.0,1.0
2023-03-17,5.88,6.38,5.87,6.19,149212489.0,997276596.0,1.0
2023-03-20,6.24,6.33,6.05,6.08,91231212.0,607836537.0,1.0
2023-03-21,6.07,6.51,5.98,6.37,145602649.0,992688318.0,1.0
2023-03-22,6.31,6.53,6.23,6.46,135426543.0,935234355.0,1.0
2023-03-23,6.4,6.52,6.34,6.49,115313004.0,798827892.0,1.0
2023-03-24,6.43,6.87,6.39,6.76,180991732.0,1299763035.0,1.0
2023-03-27,6.69,6.75,6.44,6.59,140898687.0,1002801132.0,1.0
2023-03-28,6.54,6.6,6.38,6.52,95741459.0,670866539.0,1.0
2023-03-29,6.49,6.61,6.35,6.52,88986363.0,624313056.0,1.0
2023-03-30,6.48,6.7,6.37,6.39,106747876.0,750111520.0,1.0
2023-03-31,6.43,6.69,6.37,6.67,130195241.0,921639730.0,1.0
2023-04-03,6.61,6.84,6.59,6.84,138476162.0,1005968302.0,1.0
2023-04-04,6.83,6.85,6.63,6.7,114967107.0,833756971.0,1.0
2023-04-06,6.53,6.66,6.5,6.56,88693209.0,628820648.0,1.0
2023-04-07,6.6,7.19,6.51,7.06,169847611.0,1266479608.0,1.0
2023-04-10,7.19,7.33,6.68,6.73,156266844.0,1177991189.0,1.0
2023-04-11,6.68,6.94,6.67,6.77,110636700.0,811220832.0,1.0
2023-04-12,6.73,7.15,6.72,7.05,121706489.0,912876814.0,1.0
2023-04-13,7.0,7.25,6.89,6.93,119657390.0,910635427.0,1.0
2023-04-14,6.95,7.22,6.82,6.98,118175750.0,892294218.0,1.0
2023-04-17,6.98,6.98,6.56,6.6,117757041.0,846242899.0,1.0
2023-04-18,6.64,6.69,6.4,6.61,84284383.0,596251518.0,1.0
2023-04-19,6.58,6.94,6.56,6.72,102340040.0,751398867.0,1.0
2023-04-20,6.85,7.66,6.85,7.24,239872796.0,1883945988.0,1.0
2023-04-21,7.24,7.27,6.54,6.56,193122202.0,1425329920.0,1.0
2023-04-24,6.59,7.14,6.59,6.91,192818421.0,1445437307.0,1.0
2023-04-25,6.87,7.97,6.58,7.65,397122785.0,3104069252.0,1.0
2023-04-26,7.91,9.12,7.53,8.66,572190593.0,5036634984.0,1.0
2023-04-27,8.25,8.32,7.45,7.63,438824000.0,3733669425.0,1.0
2023-04-28,7.7,8.62,7.7,8.35,395887025.0,3505144951.0,1.0
2023-05-04,8.37,9.06,8.19,8.91,450475413.0,4168772868.0,1.0
2023-05-05,8.53,8.53,7.97,8.14,318738037.0,2847734415.0,1.0
2023-05-08,8.07,8.35,7.99,8.08,207668971.0,1827646319.0,1.0
2023-05-09,8.0,8.0,7.37,7.43,268666106.0,2209173236.0,1.0
2023-05-10,7.43,7.55,7.02,7.12,191900284.0,1502242918.0,1.0
2023-05-11,7.2,7.35,6.94,7.22,163665101.0,1266301093.0,1.0
2023-05-12,7.17,7.32,7.03,7.08,109977785.0,849857954.0,1.0
2023-05-15,7.06,7.13,6.64,6.98,140716885.0,1042781426.0,1.0
2023-05-16,6.95,6.96,6.71,6.74,97033486.0,713514712.0,1.0
2023-05-17,6.63,7.0,6.63,6.89,110748451.0,820996428.0,1.0
2023-05-18,6.93,7.09,6.85,6.95,128241139.0,966159001.0,1.0
2023-05-19,6.95,7.27,6.79,7.09,150155100.0,1141684779.0,1.0
2023-05-22,7.07,7.38,7.07,7.21,145358917.0,1131286995.0,1.0
2023-05-23,7.11,7.13,6.77,6.79,113975512.0,845469509.0,1.0
2023-05-24,6.76,6.93,6.73,6.78,68440221.0,503748468.0,1.0
2023-05-25,6.84,7.01,6.5,6.61,108204861.0,784272846.0,1.0
2023-05-26,6.58,6.81,6.52,6.67,82641338.0,596567443.0,1.0
2023-05-29,6.72,6.95,6.69,6.86,113528393.0,835456812.0,1.0
2023-05-30,6.77,7.05,6.69,7.05,118571070.0,881904309.0,1.0
2023-05-31,7.06,7.14,6.96,7.06,98837757.0,751007274.0,1.0
2023-06-01,7.0,7.36,6.96,7.25,143620840.0,1117606485.0,1.0
2023-06-02,7.27,7.59,7.17,7.56,191516239.0,1534392788.0,1.0
2023-06-05,7.5,7.66,7.4,7.46,144973830.0,1172146138.0,1.0
2023-06-06,7.65,7.82,7.23,7.33,194980765.0,1591027524.0,1.0
2023-06-07,7.24,7.48,7.18,7.35,117953951.0,934894172.0,1.0
2023-06-08,7.36,7.36,7.01,7.18,114652029.0,885075610.0,1.0
2023-06-09,7.3,7.71,7.23,7.64,202934585.0,1635730946.0,1.0
2023-06-12,7.63,7.87,7.62,7.69,182588346.0,1513946582.0,1.0
2023-06-13,7.62,8.04,7.52,7.84,181920546.0,1527210984.0,1.0
2023-06-14,7.83,7.98,7.67,7.9,162290543.0,1363751153.0,1.0
2023-06-15,7.87,7.96,7.67,7.71,143607831.0,1200132348.0,1.0
2023-06-16,7.67,7.78,7.51,7.7,116151441.0,956419705.0,1.0
2023-06-19,7.75,7.96,7.71,7.92,163330546.0,1374392905.0,1.0
2023-06-20,7.84,7.87,7.62,7.68,122560799.0,1014010447.0,1.0
2023-06-21,7.68,7.69,7.35,7.36,108349373.0,868797270.0,1.0
2023-06-26,7.28,7.4,6.76,6.78,123467271.0,921486478.0,1.0
2023-06-27,6.79,6.86,6.69,6.8,75287362.0,547318358.0,1.0
2023-06-28,6.78,6.78,6.37,6.58,95947803.0,670726099.0,1.0
2023-06-29,6.52,6.67,6.5,6.63,59944667.0,423346242.0,1.0
2023-06-30,6.6,6.67,6.52,6.64,61883359.0,437553339.0,1.0
2023-07-03,6.65,6.67,6.46,6.56,67913425.0,476569736.0,1.0
2023-07-04,6.54,6.61,6.53,6.57,46614840.0,328018033.0,1.0
2023-07-05,6.58,6.66,6.43,6.44,57114691.0,399125322.0,1.0
2023-07-06,6.41,6.64,6.4,6.48,53148982.0,372199228.0,1.0
2023-07-07,6.47,6.5,6.19,6.35,70359462.0,475416475.0,1.0
2023-07-10,6.38,6.41,6.31,6.33,33592674.0,228284803.0,1.0
2023-07-11,6.33,6.41,6.29,6.34,35097174.0,238983734.0,1.0
2023-07-12,6.31,6.36,6.12,6.13,58269228.0,388208624.0,1.0
2023-07-13,6.16,6.27,6.14,6.25,41220532.0,274432332.0,1.0
2023-07-14,6.28,6.42,6.27,6.38,62235360.0,423579349.0,1.0
2023-07-17,6.44,6.49,6.35,6.38,42526388.0,291532775.0,1.0
2023-07-18,6.37,6.42,6.28,6.3,35235889.0,239354309.0,1.0
2023-07-19,6.29,6.41,6.28,6.32,28374526.0,192724464.0,1.0
2023-07-20,6.32,6.37,6.21,6.22,37654497.0,253874681.0,1.0
2023-07-21,6.22,6.27,6.13,6.15,31194863.0,206971574.0,1.0
2023-07-24,6.1,6.34,6.08,6.24,31717827.0,212283439.0,1.0
2023-07-25,6.31,6.38,6.27,6.37,36109738.0,245405098.0,1.0
2023-07-26,6.37,6.38,6.25,6.28,36047180.0,243302518.0,1.0
2023-07-27,6.28,6.31,6.2,6.2,27704730.0,185428738.0,1.0
2023-07-28,6.2,6.32,6.12,6.32,33625453.0,225340231.0,1.0
2023-07-31,6.3,6.41,6.25,6.35,40904978.0,278351286.0,1.0
2023-08-01,6.35,6.41,6.28,6.38,34147669.0,232493080.0,1.0
2023-08-02,6.35,6.49,6.31,6.4,37143206.0,254763067.0,1.0
2023-08-03,6.36,6.41,6.34,6.36,28392645.0,193580501.0,1.0
2023-08-04,6.38,6.59,6.36,6.54,77584168.0,540694947.0,1.0
2023-08-07,6.5,6.55,6.47,6.5,41853316.0,291536348.0,1.0
2023-08-08,6.5,6.53,6.46,6.49,30575852.0,212775707.0,1.0
2023-08-09,6.47,6.57,6.37,6.39,39112204.0,270864395.0,1.0
2023-08-10,6.36,6.42,6.32,6.36,26339319.0,179656668.0,1.0
2023-08-11,6.36,6.39,6.17,6.17,42183400.0,283710958.0,1.0
2023-08-14,6.09,6.33,6.08,6.32,32667485.0,218251921.0,1.0
2023-08-15,6.33,6.35,6.15,6.22,26698975.0,178510119.0,1.0
2023-08-16,6.22,6.23,6.03,6.08,31610477.0,207376892.0,1.0
2023-08-17,6.06,6.13,5.95,6.12,26536403.0,172501266.0,1.0
2023-08-18,6.12,6.17,5.91,5.92,31256506.0,201618334.0,1.0
2023-08-21,5.91,6.08,5.89,5.94,29444179.0,189260671.0,1.0
2023-08-22,6.02,6.12,5.94,6.11,41594096.0,268660088.0,1.0
2023-08-23,6.07,6.12,5.95,6.03,32114620.0,207869283.0,1.0
2023-08-24,6.48,6.83,6.4,6.61,202547946.0,1433880599.0,1.0
2023-08-25,6.5,6.54,6.18,6.24,128192038.0,868893148.0,1.0
2023-08-28,6.63,6.7,6.27,6.32,102730328.0,710772140.0,1.0
2023-08-29,6.31,6.59,6.28,6.53,110138328.0,767359717.0,1.0
2023-08-30,6.53,6.61,6.45,6.53,87580529.0,612090368.0,1.0
2023-08-31,6.47,6.5,6.42,6.43,53924312.0,372565896.0,1.0
2023-09-01,6.44,6.5,6.39,6.43,38652295.0,266892958.0,1.0
2023-09-04,6.44,6.52,6.38,6.52,47904307.0,330879466.0,1.0
2023-09-05,6.53,6.54,6.37,6.39,48000492.0,331273881.0,1.0
2023-09-06,6.38,6.39,6.21,6.37,40000272.0,270666829.0,1.0
2023-09-07,6.35,6.42,6.23,6.24,38056207.0,257561756.0,1.0
2023-09-08,6.21,6.31,6.21,6.25,30471242.0,204273310.0,1.0
2023-09-11,6.31,6.49,6.25,6.45,56426030.0,386363926.0,1.0
2023-09-12,6.4,6.5,6.4,6.46,42035093.0,290215614.0,1.0
2023-09-13,6.43,6.43,6.18,6.22,49894119.0,335111407.0,1.0
2023-09-14,6.2,6.26,6.15,6.2,31995176.0,212530867.0,1.0
2023-09-15,6.22,6.25,6.08,6.08,32953245.0,216740496.0,1.0
2023-09-18,6.06,6.12,6.02,6.06,30861377.0,200691541.0,1.0
2023-09-19,6.06,6.06,5.91,5.94,31287945.0,199713882.0,1.0
2023-09-20,5.94,6.0,5.89,5.89,25529352.0,162549196.0,1.0
2023-09-21,5.88,5.98,5.84,5.9,25769954.0,163595678.0,1.0
2023-09-22,5.89,6.11,5.88,6.11,47283227.0,306367088.0,1.0
2023-09-25,6.09,6.15,6.07,6.09,29283528.0,191612184.0,1.0
2023-09-26,6.1,6.2,6.07,6.13,33645354.0,221624461.0,1.0
2023-09-27,6.15,6.21,6.08,6.17,33908113.0,224018415.0,1.0
2023-09-28,6.2,6.26,6.18,6.23,34391953.0,229779100.0,1.0
2023-10-09,6.23,6.47,6.22,6.41,67171096.0,460123733.0,1.0
2023-10-10,6.47,6.56,6.45,6.47,57735766.0,401590420.0,1.0
2023-10-11,6.46,6.56,6.39,6.5,46102251.0,321090227.0,1.0
2023-10-12,6.51,6.61,6.5,6.53,44828261.0,314028225.0,1.0
2023-10-13,6.5,6.54,6.43,6.45,37634564.0,261335675.0,1.0
2023-10-16,6.47,6.51,6.37,6.46,39334220.0,271825646.0,1.0
2023-10-17,6.49,6.51,6.39,6.48,31818025.0,220279599.0,1.0
2023-10-18,6.47,6.48,6.31,6.41,31806059.0,217818244.0,1.0
2023-10-19,6.42,6.55,6.36,6.37,39713794.0,275019214.0,1.0
2023-10-20,6.31,6.41,6.18,6.2,34421040.0,231128431.0,1.0
2023-10-23,6.16,6.21,5.96,5.99,32357670.0,210326999.0,1.0
2023-10-24,6.05,6.1,5.89,6.06,40961729.0,264393498.0,1.0
2023-10-25,6.19,6.61,6.17,6.44,103868239.0,714404582.0,1.0
2023-10-26,6.4,6.79,6.36,6.67,137664998.0,976842656.0,1.0
2023-10-27,6.66,6.67,6.48,6.58,77176765.0,542806727.0,1.0
2023-10-30,6.55,6.68,6.53,6.64,77417516.0,548824146.0,1.0
2023-10-31,6.63,6.69,6.48,6.54,60149976.0,422685883.0,1.0
2023-11-01,6.53,6.57,6.41,6.42,50718115.0,351166280.0,1.0
2023-11-02,6.42,6.51,6.31,6.33,48710863.0,334995151.0,1.0
2023-11-03,6.36,6.5,6.33,6.46,46181854.0,318873624.0,1.0
2023-11-06,6.5,6.64,6.5,6.63,63549656.0,449084707.0,1.0
2023-11-07,6.63,6.7,6.58,6.68,61943097.0,440674595.0,1.0
2023-11-08,6.72,6.93,6.7,6.8,117852425.0,861903974.0,1.0
2023-11-09,6.82,6.88,6.73,6.79,70038544.0,510603158.0,1.0
2023-11-10,6.75,6.79,6.67,6.69,53069549.0,381754149.0,1.0
2023-11-13,6.73,6.93,6.73,6.9,81048515.0,595642200.0,1.0
2023-11-14,6.92,7.03,6.89,6.97,80169465.0,597245883.0,1.0
2023-11-15,7.05,7.08,6.86,6.89,65551361.0,486521859.0,1.0
2023-11-16,6.86,6.97,6.82,6.88,50515853.0,374213952.0,1.0
2023-11-17,6.86,6.92,6.82,6.89,39711928.0,292199092.0,1.0
2023-11-20,6.9,6.94,6.85,6.92,41444734.0,306286530.0,1.0
2023-11-21,6.95,7.02,6.81,6.84,62346606.0,462425577.0,1.0
2023-11-22,6.8,6.87,6.72,6.72,44312205.0,322297629.0,1.0
2023-11-23,6.72,6.81,6.62,6.78,39870935.0,287775100.0,1.0
2023-11-24,6.79,6.81,6.54,6.57,45139441.0,320168218.0,1.0
2023-11-27,6.54,6.65,6.53,6.6,28452146.0,201079538.0,1.0
2023-11-28,6.58,6.63,6.47,6.55,37874663.0,265559983.0,1.0
2023-11-29,6.53,6.63,6.47,6.52,33950867.0,238016218.0,1.0
2023-11-30,6.51,6.55,6.38,6.46,32553100.0,225233118.0,1.0
2023-12-01,6.46,6.7,6.44,6.67,45499424.0,321463212.0,1.0
2023-12-04,6.7,7.2,6.68,6.93,136816342.0,1022919204.0,1.0
2023-12-05,6.93,6.98,6.64,6.64,77149828.0,555804646.0,1.0
2023-12-06,6.64,6.83,6.51,6.77,69054479.0,494224508.0,1.0
2023-12-07,6.72,6.89,6.7,6.83,71034178.0,518925382.0,1.0
2023-12-08,6.8,7.24,6.78,7.08,155252818.0,1181113482.0,1.0
2023-12-11,7.0,7.21,6.93,7.17,93000214.0,704876642.0,1.0
2023-12-12,7.16,7.22,7.05,7.1,63558850.0,483991324.0,1.0
2023-12-13,7.09,7.14,6.99,6.99,51032507.0,385707064.0,1.0
2023-12-14,7.04,7.14,6.96,6.98,48486191.0,366084120.0,1.0
2023-12-15,6.98,7.02,6.85,6.92,48031133.0,356749564.0,1.0
2023-12-18,6.9,6.96,6.81,6.83,40091878.0,294976899.0,1.0
2023-12-19,6.83,7.12,6.75,7.06,76060922.0,568906984.0,1.0
2023-12-20,7.07,7.14,6.93,6.95,61369239.0,461382740.0,1.0
2023-12-21,6.89,7.06,6.8,7.06,60368909.0,450235042.0,1.0
2023-12-22,7.06,7.06,6.74,6.78,90158990.0,663409081.0,1.0
2023-12-25,6.77,6.98,6.75,6.89,41285421.0,304402333.0,1.0
2023-12-26,6.89,6.89,6.65,6.74,37571443.0,271137381.0,1.0
2023-12-27,6.76,7.2,6.74,7.08,102755902.0,774456329.0,1.0
2023-12-28,7.03,7.14,7.01,7.08,74902166.0,568142650.0,1.0
2023-12-29,7.13,7.47,7.09,7.33,119149537.0,937955614.0,1.0
2024-01-02,7.38,7.49,7.23,7.36,106571989.0,845111194.0,1.0
2024-01-03,7.33,7.46,7.28,7.44,74733850.0,590602388.0,1.0
2024-01-04,7.4,7.67,7.23,7.54,103032534.0,824954415.0,1.0
2024-01-05,7.49,7.54,7.3,7.34,65098864.0,516608164.0,1.0
2024-01-08,7.32,7.73,7.27,7.49,99259673.0,803989436.0,1.0
2024-01-09,7.47,7.68,7.37,7.43,96017752.0,775918562.0,1.0
2024-01-10,7.37,7.64,7.33,7.49,79164932.0,637703656.0,1.0
2024-01-11,7.48,7.91,7.4,7.88,114963174.0,945762172.0,1.0
2024-01-12,7.8,7.84,7.63,7.64,65119881.0,538665556.0,1.0
2024-01-15,7.59,8.02,7.57,7.91,94440987.0,796947407.0,1.0
2024-01-16,7.9,8.06,7.76,8.03,79786834.0,677899923.0,1.0
2024-01-17,7.98,8.48,7.76,7.79,179983609.0,1578298934.0,1.0
2024-01-18,7.76,8.19,7.67,8.13,157403362.0,1328200198.0,1.0
2024-01-19,8.06,8.07,7.43,7.46,144489423.0,1180311823.0,1.0
2024-01-22,7.34,7.53,7.03,7.12,101248144.0,788274186.0,1.0
2024-01-23,7.17,7.58,7.04,7.42,80825634.0,639349659.0,1.0
2024-01-24,7.43,7.62,7.35,7.6,72889503.0,584606916.0,1.0
2024-01-25,7.6,7.64,7.41,7.52,86079844.0,693889409.0,1.0
2024-01-26,7.49,7.54,7.21,7.34,70866606.0,559704075.0,1.0
2024-01-29,7.32,7.34,6.74,6.77,88777733.0,659261407.0,1.0
2024-01-30,6.91,7.28,6.86,7.07,95316709.0,727216617.0,1.0
2024-01-31,7.08,7.48,6.91,7.24,113004931.0,877778594.0,1.0
2024-02-01,7.11,7.53,7.11,7.27,96641328.0,762289260.0,1.0
2024-02-02,7.28,7.5,7.1,7.39,108952834.0,859496033.0,1.0
2024-02-05,7.25,7.87,6.86,7.61,121436700.0,958897974.0,1.0
2024-02-06,7.4,7.97,7.4,7.92,117463826.0,971427873.0,1.0
2024-02-07,7.79,8.16,7.76,8.05,112773756.0,968717587.0,1.0
2024-02-08,8.1,8.49,7.9,8.02,140849248.0,1244327192.0,1.0
2024-02-19,8.31,8.63,8.05,8.57,135679114.0,1226035925.0,1.0
2024-02-20,8.41,8.61,8.3,8.35,88053587.0,793126180.0,1.0
2024-02-21,8.27,8.46,8.18,8.18,94709312.0,843110210.0,1.0
2024-02-22,8.31,8.57,8.26,8.34,83771741.0,752854710.0,1.0
2024-02-23,8.32,8.46,8.14,8.46,105321478.0,934693062.0,1.0
2024-02-26,8.37,8.46,8.23,8.32,76346712.0,681677204.0,1.0
2024-02-27,8.3,9.98,8.25,9.61,238349448.0,2331334177.0,1.0
2024-02-28,9.59,10.22,9.3,9.32,242847145.0,2539489110.0,1.0
2024-02-29,9.45,9.76,9.3,9.57,194955259.0,1986959489.0,1.0
2024-03-01,9.57,9.86,9.37,9.78,191754796.0,1976454908.0,1.0
2024-03-04,10.55,10.77,9.81,10.05,273485634.0,3002231527.0,1.0
2024-03-05,9.89,10.0,9.4,9.46,228945845.0,2372893934.0,1.0
2024-03-06,9.33,9.64,9.24,9.5,132553930.0,1350469536.0,1.0
2024-03-07,9.41,9.6,9.02,9.05,159476950.0,1582395594.0,1.0
2024-03-08,9.1,9.4,9.06,9.35,108300503.0,1073019563.0,1.0
2024-03-11,9.16,9.47,9.12,9.44,111736936.0,1110491844.0,1.0
2024-03-12,9.46,9.57,9.11,9.2,135377283.0,1345815912.0,1.0
2024-03-13,9.32,9.38,9.08,9.25,115565174.0,1147195398.0,1.0
2024-03-14,9.1,9.26,8.98,9.14,89244795.0,871739910.0,1.0
2024-03-15,9.12,9.44,9.06,9.43,136924759.0,1363467347.0,1.0
2024-03-18,9.47,9.55,9.26,9.51,135470884.0,1363378926.0,1.0
2024-03-19,9.42,9.42,9.25,9.26,97069528.0,969746582.0,1.0
2024-03-20,9.24,9.41,9.2,9.25,81063802.0,806378116.0,1.0
2024-03-21,9.24,9.68,9.22,9.49,144266967.0,1469379676.0,1.0
2024-03-22,9.39,9.43,8.99,9.16,139745389.0,1373647527.0,1.0
2024-03-25,9.24,9.28,8.86,8.88,99812954.0,972691364.0,1.0
2024-03-26,8.85,8.98,8.6,8.66,102995805.0,965335710.0,1.0
2024-03-27,8.65,8.7,8.28,8.45,96230948.0,873153071.0,1.0
2024-03-28,8.45,8.75,8.41,8.62,83073913.0,766219557.0,1.0
2024-03-29,8.57,8.7,8.48,8.68,58895419.0,542047347.0,1.0
2024-04-01,8.73,8.85,8.65,8.77,68479976.0,640809878.0,1.0
2024-04-02,8.73,8.75,8.5,8.57,58632855.0,539993287.0,1.0
2024-04-03,8.6,8.72,8.42,8.55,63268725.0,580744797.0,1.0
2024-04-08,8.47,8.66,8.33,8.55,61872127.0,565402866.0,1.0
2024-04-09,8.54,8.58,8.35,8.5,50644452.0,458814683.0,1.0
2024-04-10,8.5,8.58,8.22,8.29,63643337.0,569117856.0,1.0
2024-04-11,8.21,8.38,8.11,8.14,64058528.0,564860439.0,1.0
2024-04-12,8.11,8.32,8.09,8.19,60468694.0,531065075.0,1.0
2024-04-15,8.26,8.39,8.1,8.22,76227099.0,674778503.0,1.0
2024-04-16,8.21,8.6,8.18,8.36,124451266.0,1123214068.0,1.0
2024-04-17,8.36,8.73,8.3,8.73,123292455.0,1139461397.0,1.0
2024-04-18,8.63,9.57,8.52,9.24,197166509.0,1914368527.0,1.0
2024-04-19,9.15,9.32,8.88,8.97,120491285.0,1173723976.0,1.0
2024-04-22,8.75,8.95,8.23,8.65,106081773.0,973876343.0,1.0
2024-04-23,8.63,8.73,8.41,8.41,71856584.0,658859516.0,1.0
2024-04-24,8.41,8.75,8.41,8.75,87516972.0,810333161.0,1.0
2024-04-25,8.63,9.03,8.6,8.98,92848014.0,879433585.0,1.0
2024-04-26,9.05,9.05,8.53,8.83,151246077.0,1429957522.0,1.0
2024-04-29,8.89,9.16,8.81,9.01,110828189.0,1068202460.0,1.0
2024-04-30,9.03,9.24,8.78,8.83,96067425.0,924928045.0,1.0
2024-05-06,8.96,9.09,8.87,8.94,77860837.0,748252951.0,1.0
2024-05-07,8.88,9.04,8.74,8.8,80608548.0,765426194.0,1.0
2024-05-08,8.77,8.77,8.24,8.25,115877519.0,1043046017.0,1.0
2024-05-09,8.26,8.41,8.21,8.32,63358805.0,566257292.0,1.0
2024-05-10,8.34,8.39,8.09,8.23,66825879.0,586115987.0,1.0
2024-05-13,8.15,8.18,7.98,8.08,53868454.0,466131762.0,1.0
2024-05-14,8.08,8.39,8.08,8.32,68276903.0,606666143.0,1.0
2024-05-15,8.32,8.32,8.12,8.12,42464448.0,373461990.0,1.0
2024-05-16,8.2,8.3,8.14,8.18,48109369.0,423740739.0,1.0
2024-05-17,8.17,8.28,8.04,8.28,45969118.0,402428873.0,1.0
2024-05-20,8.28,8.32,8.16,8.22,49798465.0,439440349.0,1.0
2024-05-21,8.23,8.31,8.13,8.17,43888453.0,385567207.0,1.0
2024-05-22,8.12,8.16,8.03,8.15,45416802.0,394283487.0,1.0
2024-05-23,8.18,8.22,7.86,7.89,63149845.0,523148118.0,1.0
2024-05-24,7.91,8.05,7.85,7.85,41459963.0,343140903.0,1.0
2024-05-27,7.86,7.95,7.71,7.94,51399543.0,418451344.0,1.0
2024-05-28,7.91,7.97,7.82,7.86,37128204.0,304419891.0,1.0
2024-05-29,7.83,7.94,7.69,7.76,41182845.0,334591777.0,1.0
2024-05-30,7.71,7.85,7.64,7.79,38387090.0,310508928.0,1.0
2024-05-31,7.82,8.06,7.82,7.95,55562795.0,461027182.0,1.0
2024-06-03,7.96,8.06,7.86,7.96,49165181.0,406873479.0,1.0
2024-06-04,7.97,8.26,7.91,8.26,85736697.0,726247702.0,1.0
2024-06-05,8.19,8.25,8.13,8.14,51292588.0,436392560.0,1.0
2024-06-06,8.16,8.26,8.06,8.07,53353945.0,452757090.0,1.0
2024-06-07,8.16,8.21,7.89,7.91,48892841.0,407744224.0,1.0
2024-06-11,7.88,8.26,7.83,8.21,60905321.0,513345041.0,1.0
2024-06-12,8.25,8.61,8.16,8.46,94118193.0,826571141.0,1.0
2024-06-13,8.5,8.82,8.46,8.7,140633078.0,1273269869.0,1.0
2024-06-14,8.68,8.92,8.62,8.62,169293508.0,1547392044.0,1.0
2024-06-17,8.64,8.72,8.37,8.39,101979899.0,901324050.0,1.0
2024-06-18,8.45,8.64,8.36,8.53,67483398.0,598919548.0,1.0
2024-06-19,8.62,8.62,8.34,8.35,49545062.0,433610744.0,1.0
2024-06-20,8.33,8.37,8.04,8.05,57095720.0,484929925.0,1.0
2024-06-21,8.01,8.32,7.99,8.24,42568329.0,362853771.0,1.0
2024-06-24,8.19,8.26,7.86,7.88,47261470.0,394257102.0,1.0
2024-06-25,7.89,7.94,7.6,7.65,50214351.0,404593403.0,1.0
2024-06-26,7.65,7.8,7.41,7.77,76262812.0,603411019.0,1.0
2024-06-27,7.68,7.72,7.5,7.52,54730949.0,430598668.0,1.0
2024-06-28,7.49,7.71,7.47,7.59,51465689.0,408542892.0,1.0
2024-07-01,7.55,7.73,7.48,7.69,39208521.0,310618773.0,1.0
2024-07-02,7.67,7.76,7.64,7.68,36616037.0,293385064.0,1.0
2024-07-03,7.66,7.68,7.42,7.43,57060821.0,444781049.0,1.0
2024-07-04,7.45,7.5,7.25,7.27,41623967.0,318914135.0,1.0
2024-07-05,7.3,7.4,7.24,7.36,30451489.0,232127443.0,1.0
2024-07-08,7.36,7.37,7.21,7.24,29011965.0,220017536.0,1.0
2024-07-09,7.09,7.33,6.97,7.28,74913316.0,557691731.0,1.0
2024-07-10,7.24,7.42,7.21,7.27,41434916.0,316436304.0,1.0
2024-07-11,7.41,7.46,7.33,7.39,51814045.0,398478462.0,1.0
2024-07-12,7.33,7.36,7.21,7.28,35986821.0,272501617.0,1.0
2024-07-15,7.23,7.24,7.11,7.14,28832178.0,215159920.0,1.0
2024-07-16,7.14,7.29,7.11,7.26,35431235.0,265960368.0,1.0
2024-07-17,7.26,7.34,7.19,7.2,30046016.0,226811545.0,1.0
2024-07-18,7.15,7.2,7.0,7.18,37399710.0,276435954.0,1.0
2024-07-19,7.16,7.25,7.09,7.13,35399000.0,264140339.0,1.0
2024-07-22,7.15,7.21,7.03,7.08,35133483.0,259823267.0,1.0
2024-07-23,7.08,7.11,6.85,6.85,37569293.0,272922540.0,1.0
2024-07-24,6.83,6.96,6.79,6.84,33681890.0,241847111.0,1.0
2024-07-25,6.77,6.94,6.74,6.85,27151567.0,193129061.0,1.0
2024-07-26,6.87,7.02,6.86,6.97,29101490.0,210784057.0,1.0
2024-07-29,6.97,7.03,6.94,6.97,22446977.0,163127732.0,1.0
2024-07-30,6.94,7.07,6.86,7.0,28246972.0,205192633.0,1.0
2024-07-31,7.01,7.26,6.97,7.25,46421017.0,346655275.0,1.0
2024-08-01,7.28,7.36,7.18,7.19,37866986.0,285774535.0,1.0
2024-08-02,7.14,7.2,6.97,7.0,35062044.0,258464143.0,1.0
2024-08-05,6.92,7.04,6.72,6.72,45372519.0,323947476.0,1.0
2024-08-06,6.81,6.87,6.69,6.79,34817782.0,245001548.0,1.0
2024-08-07,6.79,6.93,6.75,6.86,29906192.0,213793309.0,1.0
2024-08-08,6.83,6.88,6.7,6.83,30947839.0,219071271.0,1.0
2024-08-09,6.87,6.94,6.81,6.81,22106395.0,157801203.0,1.0
2024-08-12,6.77,6.84,6.71,6.8,24906096.0,175791232.0,1.0
2024-08-13,6.78,6.89,6.77,6.89,22641400.0,161173202.0,1.0
2024-08-14,6.89,6.92,6.83,6.83,23557771.0,168799687.0,1.0
2024-08-15,6.81,7.03,6.78,6.93,36193343.0,261178072.0,1.0
2024-08-16,6.94,7.01,6.93,6.96,25959900.0,188483800.0,1.0
2024-08-19,6.94,7.09,6.93,6.99,28970325.0,211412276.0,1.0
2024-08-20,6.97,7.02,6.75,6.77,35592297.0,252888093.0,1.0
2024-08-21,6.77,6.82,6.65,6.65,33010653.0,230693733.0,1.0
2024-08-22,6.67,6.72,6.55,6.58,30033572.0,206989106.0,1.0
2024-08-23,6.57,6.7,6.56,6.67,26902069.0,185868681.0,1.0
2024-08-26,6.67,6.75,6.57,6.7,30220792.0,210115255.0,1.0
2024-08-27,6.69,6.69,6.5,6.51,29047229.0,198518057.0,1.0
2024-08-28,6.5,6.66,6.47,6.64,27140716.0,185762165.0,1.0
2024-08-29,6.62,6.78,6.58,6.75,33339473.0,233160180.0,1.0
2024-08-30,6.76,7.01,6.74,6.91,45144749.0,325329026.0,1.0
2024-09-02,6.89,6.94,6.58,6.59,48744021.0,341070052.0,1.0
2024-09-03,6.62,6.71,6.59,6.63,34278035.0,236893492.0,1.0
2024-09-04,6.58,6.66,6.54,6.58,23487214.0,161178501.0,1.0
2024-09-05,6.61,6.75,6.59,6.69,28464641.0,197808588.0,1.0
2024-09-06,6.68,6.71,6.53,6.54,25613950.0,176207211.0,1.0
2024-09-09,6.52,6.54,6.43,6.51,28956500.0,194910548.0,1.0
2024-09-10,6.5,6.67,6.39,6.61,38612207.0,261813532.0,1.0
2024-09-11,6.58,6.59,6.5,6.56,23521431.0,160293451.0,1.0
2024-09-12,6.57,6.66,6.42,6.42,35338397.0,239841712.0,1.0
2024-09-13,6.46,6.48,6.26,6.27,44549320.0,294859308.0,1.0
2024-09-18,6.26,6.32,6.12,6.29,32465049.0,210266840.0,1.0
2024-09-19,6.37,6.48,6.23,6.45,35010925.0,233455057.0,1.0
2024-09-20,6.45,6.52,6.43,6.48,28028520.0,188877531.0,1.0
2024-09-23,6.49,6.59,6.45,6.5,26791425.0,182023866.0,1.0
2024-09-24,6.54,6.76,6.46,6.75,56375041.0,390192242.0,1.0
2024-09-25,6.82,7.0,6.8,6.82,63036755.0,452885242.0,1.0
2024-09-26,6.8,7.01,6.77,7.01,55094055.0,396220250.0,1.0
2024-09-27,7.1,7.97,7.05,7.67,164723481.0,1285655308.0,1.0
2024-09-30,7.92,9.01,7.83,8.98,268938636.0,2363121140.0,1.0
2024-10-08,10.77,10.77,9.51,10.56,315277921.0,3343774801.0,1.0
2024-10-09,9.97,9.99,8.93,8.95,259208372.0,2564571320.0,1.0
2024-10-10,9.16,9.39,8.75,8.82,140723950.0,1324387510.0,1.0
2024-10-11,8.83,8.83,8.19,8.36,111181138.0,980990346.0,1.0
2024-10-14,8.37,8.68,8.17,8.62,104094257.0,916025481.0,1.0
2024-10-15,8.57,8.81,8.4,8.41,104789892.0,939928809.0,1.0
2024-10-16,8.26,8.54,8.22,8.4,69280245.0,605612571.0,1.0
2024-10-17,8.5,8.7,8.43,8.44,95912168.0,856994206.0,1.0
2024-10-18,8.4,9.1,8.37,8.78,142769614.0,1294316673.0,1.0
2024-10-21,8.84,9.23,8.8,9.06,143600565.0,1352048100.0,1.0
2024-10-22,9.14,9.15,8.86,8.94,102679060.0,957815288.0,1.0
2024-10-23,8.92,9.21,8.86,8.98,112705989.0,1063994369.0,1.0
2024-10-24,8.89,8.91,8.74,8.83,69502826.0,637918101.0,1.0
2024-10-25,8.85,9.06,8.83,8.93,77617108.0,721178865.0,1.0
2024-10-28,8.94,9.02,8.78,9.0,91525151.0,849878294.0,1.0
2024-10-29,9.06,9.15,8.88,8.9,106334314.0,996549973.0,1.0
2024-10-30,8.87,8.98,8.77,8.91,81547882.0,753711307.0,1.0
2024-10-31,8.92,9.37,8.78,9.26,166384024.0,1584087093.0,1.0
2024-11-01,9.22,9.23,8.55,8.56,155402951.0,1428038996.0,1.0
2024-11-04,8.56,8.88,8.56,8.83,76255345.0,696888450.0,1.0
2024-11-05,8.81,9.19,8.8,9.14,120065794.0,1133075486.0,1.0
2024-11-06,9.18,9.28,9.03,9.12,126766926.0,1208836862.0,1.0
2024-11-07,8.7,9.09,8.7,9.08,142510873.0,1313575351.0,1.0
2024-11-08,9.21,9.44,9.11,9.15,155601849.0,1499935322.0,1.0
2024-11-11,9.2,9.78,9.17,9.72,230903488.0,2304423528.0,1.0
2024-11-12,9.7,10.16,9.54,9.91,270012097.0,2766368946.0,1.0
2024-11-13,9.88,9.88,9.51,9.75,151805409.0,1529422269.0,1.0
2024-11-14,9.71,9.75,9.29,9.31,119620410.0,1178237617.0,1.0
2024-11-15,9.36,9.59,9.13,9.13,107760092.0,1051879169.0,1.0
2024-11-18,9.13,9.23,8.49,8.63,123496222.0,1123728724.0,1.0
2024-11-19,8.63,8.82,8.51,8.81,74386541.0,671042051.0,1.0
2024-11-20,8.79,9.22,8.74,9.1,103228215.0,966818152.0,1.0
2024-11-21,9.04,9.29,8.95,9.09,94686002.0,898906980.0,1.0
2024-11-22,9.02,9.3,8.65,8.69,110587982.0,1039424382.0,1.0
2024-11-25,8.74,8.77,8.46,8.66,72558111.0,648307385.0,1.0
2024-11-26,8.65,9.17,8.51,8.86,126012004.0,1159410192.0,1.0
2024-11-27,8.69,9.14,8.51,9.13,123745781.0,1136403105.0,1.0
2024-11-28,9.14,9.39,8.98,9.03,114280487.0,1092891753.0,1.0
2024-11-29,9.01,9.31,8.89,9.17,132421772.0,1257284316.0,1.0
2024-12-02,9.21,9.6,9.13,9.36,139980835.0,1361769703.0,1.0
2024-12-03,9.32,9.32,9.06,9.18,109119152.0,1042115251.0,1.0
2024-12-04,9.16,9.18,8.84,8.89,92841979.0,870627750.0,1.0
2024-12-05,8.88,9.13,8.85,9.05,76151352.0,717184157.0,1.0
2024-12-06,9.04,9.32,8.94,9.2,116721001.0,1113240672.0,1.0
2024-12-09,9.2,9.3,8.96,9.13,88729224.0,840925712.0,1.0
2024-12-10,9.48,9.5,9.19,9.22,143143991.0,1392582214.0,1.0
2024-12-11,9.22,9.46,9.17,9.42,120800356.0,1178090955.0,1.0
2024-12-12,9.45,9.6,9.28,9.42,118521877.0,1163463355.0,1.0
2024-12-13,9.35,9.85,9.24,9.65,240092446.0,2400580957.0,1.0
2024-12-16,9.73,10.04,9.53,9.83,222304859.0,2268661040.0,1.0
2024-12-17,9.66,9.7,9.18,9.21,142430024.0,1393009110.0,1.0
2024-12-18,9.21,10.26,9.05,9.94,244535916.0,2499126335.0,1.0
2024-12-19,9.75,10.74,9.7,10.55,397433214.0,4264793763.0,1.0
2024-12-20,10.33,10.47,10.19,10.32,253616558.0,2721411750.0,1.0
2024-12-23,10.33,10.51,9.77,9.78,190193105.0,1988112543.0,1.0
2024-12-24,9.85,9.93,9.59,9.72,134691302.0,1363557809.0,1.0
2024-12-25,9.66,9.93,9.33,9.81,164890285.0,1658713793.0,1.0
2024-12-26,9.67,10.24,9.66,10.08,175450325.0,1836093168.0,1.0
2024-12-27,10.09,10.27,9.71,9.77,174351379.0,1810457334.0,1.0
2024-12-30,10.01,10.49,10.01,10.19,243923590.0,2600865235.0,1.0
2024-12-31,10.23,10.67,10.01,10.15,287412947.0,3089102918.0,1.0
2025-01-02,10.09,10.09,9.27,9.44,214506103.0,2152317385.0,1.0
2025-01-03,9.38,9.43,8.64,8.68,176297311.0,1635841537.0,1.0
2025-01-06,8.6,8.78,8.41,8.55,95312514.0,850660268.0,1.0
2025-01-07,8.69,9.02,8.68,8.98,133463558.0,1234391781.0,1.0
2025-01-08,8.86,9.19,8.47,8.95,158487771.0,1452372500.0,1.0
2025-01-09,8.86,9.15,8.83,8.86,112703469.0,1053296875.0,1.0
2025-01-10,8.89,8.93,8.37,8.38,114068110.0,1026672440.0,1.0
2025-01-13,8.33,8.68,8.28,8.5,86661634.0,768938318.0,1.0
2025-01-14,8.6,9.13,8.46,9.12,147792787.0,1368956061.0,1.0
2025-01-15,9.11,9.28,9.02,9.06,91705295.0,870270773.0,1.0
2025-01-16,9.17,9.33,8.9,8.96,111968463.0,1057066011.0,1.0
2025-01-17,8.98,9.3,8.92,9.1,128577799.0,1223189201.0,1.0
2025-01-20,9.17,9.3,9.01,9.09,107877591.0,1026952803.0,1.0
2025-01-21,9.13,9.22,8.95,9.12,85025192.0,804001552.0,1.0
2025-01-22,9.04,9.45,9.0,9.35,162819827.0,1574879913.0,1.0
2025-01-23,9.53,10.16,9.41,9.72,254143471.0,2610154183.0,1.0
2025-01-24,9.67,11.41,9.67,10.92,392298694.0,4319546700.0,1.0
2025-01-27,10.85,10.92,9.98,10.0,273530411.0,2916904571.0,1.0
2025-02-05,10.52,11.84,10.3,11.72,449366617.0,5176609228.0,1.0
2025-02-06,11.41,13.04,11.38,12.54,493022721.0,6220204660.0,1.0
2025-02-07,12.49,13.9,12.28,12.81,530669010.0,7150472159.0,1.0
2025-02-10,13.26,13.51,12.68,12.95,428624983.0,5813467376.0,1.0
2025-02-11,12.94,13.82,12.87,13.2,408721813.0,5662215164.0,1.0
2025-02-12,13.03,13.81,12.94,13.39,346262124.0,4845538260.0,1.0
2025-02-13,13.25,13.35,12.54,12.79,330864734.0,4435600318.0,1.0
2025-02-14,12.83,13.78,12.56,13.32,339816498.0,4675095822.0,1.0
2025-02-17,13.81,14.49,13.25,13.43,353475309.0,5036828890.0,1.0
2025-02-18,13.12,13.46,12.55,12.65,275724492.0,3719500434.0,1.0
2025-02-19,12.74,12.96,12.66,12.82,184811799.0,2463047459.0,1.0
2025-02-20,12.68,13.09,12.45,12.88,226453615.0,3025592648.0,1.0
2025-02-21,13.12,15.29,12.99,14.98,477209259.0,6994394185.0,1.0
2025-02-24,14.44,14.54,13.86,14.12,337888442.0,4979078846.0,1.0
2025-02-25,13.47,13.96,13.33,13.56,233245725.0,3307047393.0,1.0
2025-02-26,13.59,13.7,13.15,13.61,201225567.0,2815672989.0,1.0
2025-02-27,13.61,13.64,12.76,13.03,220342531.0,3002560272.0,1.0
2025-02-28,12.97,13.36,12.26,12.35,187204006.0,2493450737.0,1.0
2025-03-03,12.36,12.78,11.98,12.41,140973301.0,1818115553.0,1.0
2025-03-04,12.18,12.67,12.13,12.44,107210124.0,1394022683.0,1.0
2025-03-05,12.49,12.75,12.28,12.67,141967128.0,1855588124.0,1.0
2025-03-06,12.94,13.37,12.82,13.14,217442998.0,2961508991.0,1.0
2025-03-07,13.02,13.74,12.87,13.23,222531389.0,3073154350.0,1.0
2025-03-10,13.04,13.04,12.46,12.53,162240506.0,2128646883.0,1.0
2025-03-11,12.3,12.78,12.21,12.72,108753400.0,1425238458.0,1.0
2025-03-12,12.88,13.45,12.75,13.14,207290465.0,2849484331.0,1.0
2025-03-13,13.0,13.1,12.5,12.62,143005679.0,1889952765.0,1.0
2025-03-14,12.53,13.03,12.37,12.9,128382286.0,1705487930.0,1.0
2025-03-17,12.9,12.97,12.62,12.8,90001435.0,1194717884.0,1.0
2025-03-18,12.89,13.43,12.78,12.96,166710964.0,2282739345.0,1.0
2025-03-19,12.86,13.33,12.58,12.7,120518055.0,1610217012.0,1.0
2025-03-20,12.6,12.8,12.42,12.43,99621276.0,1302861125.0,1.0
2025-03-21,12.3,12.35,11.87,11.88,123374199.0,1549448426.0,1.0
2025-03-24,11.93,12.03,11.62,11.99,111654008.0,1369667600.0,1.0
2025-03-25,11.91,11.97,11.41,11.48,93100978.0,1124692441.0,1.0
2025-03-26,11.48,11.66,11.46,11.53,58721384.0,705968195.0,1.0
2025-03-27,11.56,11.73,11.48,11.52,70611756.0,852881882.0,1.0
2025-03-28,11.48,11.7,11.42,11.42,60739390.0,730004165.0,1.0
2025-03-31,11.23,11.59,11.04,11.56,89959185.0,1056900286.0,1.0
2025-04-01,11.57,11.66,11.43,11.44,60203770.0,722153919.0,1.0
2025-04-02,11.43,11.62,11.36,11.59,59034678.0,710014941.0,1.0
2025-04-03,11.47,11.64,11.22,11.36,62896367.0,747534430.0,1.0
2025-04-07,10.3,10.7,9.09,9.09,169276389.0,1700749905.0,1.0
2025-04-08,9.28,9.67,9.18,9.43,145386789.0,1427624536.0,1.0
2025-04-09,9.25,9.91,8.69,9.83,148049097.0,1456490005.0,1.0
2025-04-10,10.16,10.49,9.97,9.99,128361246.0,1364012819.0,1.0
2025-04-11,9.86,10.26,9.84,10.09,82847427.0,870196977.0,1.0
2025-04-14,10.28,10.43,10.15,10.22,77945221.0,833656493.0,1.0
2025-04-15,10.37,10.51,10.21,10.33,80615654.0,868168559.0,1.0
2025-04-16,10.29,10.56,10.23,10.37,108129137.0,1169349195.0,1.0
2025-04-17,10.29,10.52,10.26,10.26,75645497.0,818407725.0,1.0
2025-04-18,10.24,10.44,10.2,10.35,55742630.0,598854526.0,1.0
2025-04-21,10.36,10.8,10.28,10.78,91299587.0,1010164799.0,1.0
2025-04-22,10.67,10.73,10.56,10.59,66062360.0,730488498.0,1.0
2025-04-23,10.69,10.84,10.62,10.73,84318230.0,942437290.0,1.0
2025-04-24,10.72,10.75,10.5,10.54,68486445.0,756050531.0,1.0
2025-04-25,10.66,10.88,10.64,10.7,76075474.0,852912590.0,1.0
2025-04-28,10.71,10.84,10.66,10.67,60667677.0,677729529.0,1.0
2025-04-29,10.61,10.9,10.54,10.84,75958030.0,853568499.0,1.0
2025-04-30,10.97,11.29,10.84,11.19,100579814.0,1166866863.0,1.0
2025-05-06,11.33,11.6,11.26,11.51,104146957.0,1243237180.0,1.0
2025-05-07,11.69,11.75,11.34,11.46,97983175.0,1172203889.0,1.0
2025-05-08,11.4,11.52,11.37,11.44,60188008.0,717454639.0,1.0
2025-05-09,11.41,11.41,11.06,11.17,72647906.0,845925596.0,1.0
2025-05-12,11.3,11.33,11.18,11.27,52032310.0,609474252.0,1.0
2025-05-13,11.41,11.42,11.14,11.17,55739072.0,655029380.0,1.0
2025-05-14,11.15,11.33,11.08,11.24,60635442.0,708085734.0,1.0
2025-05-15,11.19,11.24,10.84,10.85,55478335.0,632605308.0,1.0
2025-05-16,10.83,10.94,10.76,10.82,38831799.0,439307591.0,1.0
2025-05-19,10.82,10.94,10.68,10.88,41507033.0,467564322.0,1.0
2025-05-20,10.84,10.94,10.74,10.92,41289081.0,466608336.0,1.0
2025-05-21,10.96,11.0,10.78,10.81,39818085.0,448985513.0,1.0
2025-05-22,10.77,10.87,10.69,10.73,39593521.0,444059247.0,1.0
2025-05-23,10.57,10.57,10.22,10.23,84859546.0,896695878.0,1.0
2025-05-26,10.27,10.43,10.26,10.43,43328696.0,457428241.0,1.0
2025-05-27,10.42,10.44,10.31,10.35,29458159.0,310447988.0,1.0
2025-05-28,10.38,10.45,10.2,10.25,31448597.0,328681722.0,1.0
2025-05-29,10.28,10.51,10.23,10.44,42814138.0,453995152.0,1.0
2025-05-30,10.41,10.44,10.22,10.24,37938970.0,396550621.0,1.0
2025-06-03,10.17,10.36,10.12,10.18,34730841.0,362748386.0,1.0
2025-06-04,10.22,10.38,10.14,10.29,35297973.0,369961236.0,1.0
2025-06-05,10.33,10.63,10.28,10.56,63050094.0,670952189.0,1.0
2025-06-06,10.55,10.71,10.47,10.59,52322901.0,563722391.0,1.0
2025-06-09,10.66,10.69,10.52,10.57,50007087.0,539242232.0,1.0
2025-06-10,10.59,10.64,10.13,10.28,64684203.0,679116998.0,1.0
2025-06-11,10.28,10.38,10.22,10.31,41462170.0,435003879.0,1.0
2025-06-12,10.26,10.41,10.18,10.3,36843064.0,387314817.0,1.0
2025-06-13,10.23,10.27,10.02,10.06,54103482.0,555947555.0,1.0
2025-06-16,10.02,10.17,9.99,10.1,39227343.0,403718672.0,1.0
2025-06-17,10.12,10.15,9.99,10.03,34097445.0,348689939.0,1.0
2025-06-18,10.02,10.09,9.94,10.02,33972600.0,346346594.0,1.0
2025-06-19,9.99,10.09,9.81,9.83,43072378.0,435219886.0,1.0
2025-06-20,9.82,9.9,9.7,9.72,38618331.0,383954377.0,1.0
2025-06-23,9.64,9.89,9.63,9.85,42015393.0,418056724.0,1.0
2025-06-24,9.94,10.25,9.87,10.23,70881739.0,731747758.0,1.0
2025-06-25,10.24,10.56,10.2,10.47,80785927.0,856277646.0,1.0
2025-06-26,10.29,10.51,10.23,10.35,74228415.0,784246989.0,1.0
2025-06-27,10.35,10.51,10.2,10.36,60406995.0,638248096.0,1.0
2025-06-30,10.37,10.59,10.35,10.53,61420017.0,656702517.0,1.0
2025-07-01,10.48,10.51,10.28,10.37,51933188.0,547794165.0,1.0
2025-07-02,10.31,10.34,10.11,10.21,48040700.0,498999477.0,1.0
2025-07-03,10.22,10.35,10.2,10.31,36464800.0,381941063.0,1.0
2025-07-04,10.3,10.51,10.25,10.35,68554985.0,726538008.0,1.0
2025-07-07,10.28,10.34,10.15,10.2,48540886.0,505528272.0,1.0
2025-07-08,10.17,10.46,10.13,10.45,57160565.0,602532239.0,1.0
2025-07-09,10.45,10.47,10.35,10.37,38948848.0,412431062.0,1.0
2025-07-10,10.37,10.43,10.27,10.37,38168815.0,402157987.0,1.0
2025-07-11,10.18,10.21,9.84,10.1,120919955.0,1233590085.0,1.0
2025-07-14,10.11,10.2,10.07,10.13,52056621.0,536646389.0,1.0
2025-07-15,10.12,10.43,10.1,10.43,98992360.0,1039161363.0,1.0
2025-07-16,10.51,10.66,10.38,10.43,82307410.0,880736248.0,1.0
2025-07-17,10.42,10.56,10.35,10.56,61855283.0,660305021.0,1.0
2025-07-18,10.59,10.7,10.52,10.58,64903234.0,700066965.0,1.0
2025-07-21,10.53,10.6,10.44,10.51,61622968.0,659262777.0,1.0
2025-07-22,10.49,10.5,10.37,10.41,54638546.0,579974506.0,1.0
2025-07-23,10.38,10.63,10.36,10.49,73623397.0,785751864.0,1.0
2025-07-24,10.43,10.63,10.42,10.63,61115343.0,656063899.0,1.0
2025-07-25,10.71,10.87,10.59,10.8,101072840.0,1105183582.0,1.0
2025-07-28,10.81,10.83,10.59,10.74,78945071.0,861057612.0,1.0
2025-07-29,10.69,10.74,10.52,10.74,68449107.0,740176878.0,1.0
2025-07-30,10.7,10.7,10.42,10.52,62862572.0,676336025.0,1.0
2025-07-31,10.52,10.99,10.49,10.74,164145281.0,1806490918.0,1.0
2025-08-01,11.07,11.14,10.64,10.9,130932705.0,1448548750.0,1.0
2025-08-04,10.77,10.89,10.73,10.89,77911224.0,856995621.0,1.0
2025-08-05,10.88,10.97,10.76,10.9,85910883.0,947406994.0,1.0
2025-08-06,10.89,11.12,10.81,11.12,105629778.0,1188929619.0,1.0
2025-08-07,11.09,11.17,10.95,10.97,81855381.0,918471449.0,1.0
2025-08-08,10.94,10.94,10.73,10.75,84174954.0,924688473.0,1.0
2025-08-11,10.76,11.14,10.75,11.05,91637498.0,1024898610.0,1.0
2025-08-12,11.06,11.35,10.96,11.28,119365924.0,1361690720.0,1.0
2025-08-13,11.36,11.69,11.28,11.63,184540586.0,2169964823.0,1.0
2025-08-14,11.63,11.64,11.29,11.34,129275538.0,1506660980.0,1.0
2025-08-15,11.38,11.99,11.38,11.99,216564801.0,2604177527.0,1.0
2025-08-18,12.18,12.55,12.09,12.2,276812931.0,3473333254.0,1.0
2025-08-19,12.14,12.42,11.99,12.05,170188977.0,2102466818.0,1.0
2025-08-20,11.92,12.04,11.66,12.03,152897415.0,1843901094.0,1.0
2025-08-21,12.09,12.12,11.72,11.83,116652628.0,1412351788.0,1.0
2025-08-22,11.83,12.36,11.79,12.35,201848438.0,2493158368.0,1.0
2025-08-25,12.59,12.6,12.09,12.25,203755874.0,2546675289.0,1.0
2025-08-26,12.2,12.37,12.1,12.13,116582411.0,1451044106.0,1.0
2025-08-27,12.27,12.58,11.97,11.98,217963401.0,2734182682.0,1.0
2025-08-28,11.99,12.2,11.65,12.15,175974064.0,2144258426.0,1.0
2025-08-29,12.11,12.14,11.82,11.95,113165684.0,1374251008.0,1.0
2025-09-01,12.01,12.31,11.79,11.85,122615320.0,1494611551.0,1.0
2025-09-02,11.82,11.83,11.08,11.19,159989078.0,1841661964.0,1.0
2025-09-03,11.19,11.31,10.89,10.92,99703146.0,1125254771.0,1.0
2025-09-04,10.97,11.11,10.48,10.64,111249561.0,1225311853.0,1.0
2025-09-05,10.68,11.04,10.54,10.99,89156592.0,980478701.0,1.0
2025-09-08,10.93,11.02,10.86,10.99,70481909.0,785898006.0,1.0
2025-09-09,10.98,10.98,10.71,10.73,63065261.0,694387135.0,1.0
2025-09-10,10.84,10.96,10.77,10.82,56972268.0,629635511.0,1.0
2025-09-11,10.85,11.19,10.75,11.19,100974749.0,1134084740.0,1.0
2025-09-12,11.25,11.42,11.15,11.19,97946686.0,1123515614.0,1.0
2025-09-15,11.11,11.27,11.0,11.1,64733924.0,731343011.0,1.0
2025-09-16,11.11,11.32,11.08,11.25,66672457.0,761184823.0,1.0
2025-09-17,11.2,11.35,11.11,11.28,73786195.0,843103932.0,1.0
2025-09-18,11.26,11.62,11.07,11.18,132176112.0,1532015707.0,1.0
2025-09-19,11.22,11.42,11.12,11.17,83993034.0,962606897.0,1.0
2025-09-22,11.08,11.33,11.05,11.26,70980459.0,809952603.0,1.0
2025-09-23,11.28,11.3,10.73,11.03,97926843.0,1091602564.0,1.0
2025-09-24,10.93,11.39,10.89,11.38,101740265.0,1161554715.0,1.0
2025-09-25,11.38,11.69,11.3,11.55,140703787.0,1658016226.0,1.0
2025-09-26,11.47,11.47,11.08,11.1,96602704.0,1106557578.0,1.0
2025-09-29,11.1,11.37,10.97,11.3,80154289.0,912074047.0,1.0
2025-09-30,11.34,11.52,11.29,11.34,75582076.0,876803473.0,1.0
2025-10-09,11.35,11.78,11.32,11.66,125774164.0,1488624275.0,1.0
2025-10-10,11.53,11.75,11.33,11.69,119546178.0,1405107250.0,1.0
2025-10-13,11.28,12.13,11.2,12.07,183749176.0,2210856605.0,1.0
2025-10-14,12.04,12.09,11.54,11.71,148972339.0,1793558930.0,1.0
2025-10-15,11.77,11.82,11.42,11.73,92662118.0,1095660334.0,1.0
2025-10-16,11.62,11.63,11.28,11.3,89358552.0,1039882920.0,1.0
2025-10-17,11.3,11.34,10.66,10.7,103375685.0,1150455870.0,1.0
2025-10-20,10.83,10.95,10.72,10.8,56650168.0,625103985.0,1.0
2025-10-21,10.84,10.96,10.79,10.91,48465777.0,537076954.0,1.0
2025-10-22,10.85,10.88,10.73,10.75,40275304.0,442498050.0,1.0
2025-10-23,10.71,10.86,10.49,10.84,50204800.0,543044536.0,1.0
2025-10-24,10.87,10.95,10.84,10.93,53689380.0,595131443.0,1.0
2025-10-27,11.13,11.64,11.07,11.43,135699841.0,1571862582.0,1.0
2025-10-28,11.34,11.43,11.23,11.3,71261814.0,823039107.0,1.0
2025-10-29,11.36,11.43,11.26,11.42,59792926.0,691684993.0,1.0
2025-10-30,11.4,11.5,11.17,11.18,71411565.0,821246175.0,1.0
2025-10-31,11.18,11.47,11.16,11.37,75778083.0,877347134.0,1.0
2025-11-03,11.35,11.53,11.27,11.53,78424031.0,913450538.0,1.0
2025-11-04,11.43,11.51,11.26,11.35,59853685.0,692981888.0,1.0
2025-11-05,11.17,11.23,10.97,11.15,71583138.0,809531030.0,1.0
2025-11-06,11.15,11.2,11.02,11.14,48747400.0,552092205.0,1.0
2025-11-07,11.09,11.22,10.98,11.04,49959003.0,563286760.0,1.0
2025-11-10,11.13,11.35,11.11,11.22,55190322.0,630466724.0,1.0
2025-11-11,11.22,11.26,10.98,11.0,54527239.0,616405328.0,1.0
2025-11-12,11.01,11.03,10.76,10.82,47159455.0,521325684.0,1.0
2025-11-13,10.82,11.05,10.76,11.04,42974153.0,477134257.0,1.0
2025-11-14,10.79,10.79,10.49,10.51,95262284.0,1030717325.0,1.0
2025-11-17,10.46,10.61,10.39,10.57,41037627.0,438727043.0,1.0
2025-11-18,10.54,10.64,10.45,10.52,35041748.0,375647808.0,1.0
2025-11-19,10.87,10.96,10.57,10.61,72653614.0,796306379.0,1.0
2025-11-20,10.62,10.67,10.34,10.34,57382502.0,610427125.0,1.0
2025-11-21,10.24,10.35,10.0,10.02,54206958.0,558421162.0,1.0
2025-11-24,10.07,10.29,10.0,10.23,40549827.0,418874111.0,1.0
2025-11-25,10.27,10.43,10.22,10.23,45182018.0,475153235.0,1.0
2025-11-26,10.23,10.38,10.19,10.22,34218227.0,357902662.0,1.0
2025-11-27,10.24,10.33,10.1,10.12,36493096.0,379851894.0,1.0
2025-11-28,10.15,10.24,10.1,10.22,29327942.0,303646425.0,1.0
2025-12-01,10.21,10.35,10.14,10.29,46105234.0,481468070.0,1.0
2025-12-02,10.28,10.28,10.1,10.13,33450574.0,345674898.0,1.0
2025-12-03,10.12,10.16,9.91,9.91,40240536.0,408802418.0,1.0
2025-12-04,9.93,9.97,9.83,9.95,29778275.0,300461064.0,1.0
2025-12-05,9.94,10.12,9.87,10.08,32706793.0,333256663.0,1.0
2025-12-08,10.11,10.21,10.08,10.13,37265196.0,385138189.0,1.0
2025-12-09,10.13,10.27,9.98,10.0,45021576.0,463165338.0,1.0
2025-12-10,9.91,9.97,9.81,9.93,37999516.0,382713659.0,1.0
2025-12-11,9.93,9.97,9.78,9.78,35026861.0,351340019.0,1.0
2025-12-12,9.79,9.95,9.76,9.91,44494906.0,447156728.0,1.0
2025-12-15,9.86,9.9,9.73,9.73,35642591.0,355354185.0,1.0
2025-12-16,9.74,9.77,9.54,9.59,37681368.0,368419861.0,1.0
2025-12-17,9.58,9.76,9.49,9.74,39292550.0,384932891.0,1.0
2025-12-18,9.71,9.85,9.65,9.72,32240344.0,320329683.0,1.0
2025-12-19,9.76,9.85,9.75,9.81,30051547.0,300412940.0,1.0
2025-12-22,9.85,9.92,9.83,9.84,28345836.0,285037119.0,1.0
2025-12-23,9.86,9.92,9.78,9.86,33462983.0,335545848.0,1.0
2025-12-24,9.84,10.0,9.8,9.97,40488010.0,409621250.0,1.0
2025-12-25,9.96,10.02,9.93,9.99,31903992.0,324226882.0,1.0
2025-12-26,9.98,10.1,9.95,10.03,37844457.0,386501093.0,1.0
2025-12-29,10.03,10.07,9.93,9.95,32449876.0,329689180.0,1.0
2025-12-30,9.92,10.11,9.91,10.08,39150370.0,400746703.0,1.0
2025-12-31,10.1,10.14,10.04,10.07,35177090.0,361427689.0,1.0
2026-01-05,10.13,10.45,10.1,10.4,68222988.0,715111399.0,1.0
2026-01-06,10.39,10.53,10.34,10.5,65835324.0,701062490.0,1.0
2026-01-07,10.48,10.64,10.38,10.49,61271853.0,654519922.0,1.0
2026-01-08,10.49,10.74,10.46,10.61,65534853.0,709135009.0,1.0
2026-01-09,10.62,11.19,10.6,11.11,137088466.0,1530808937.0,1.0
2026-01-12,11.24,11.99,11.22,11.93,223112009.0,2650748024.0,1.0
2026-01-13,11.99,12.0,11.44,11.49,172174350.0,2044202389.0,1.0
2026-01-14,11.52,12.19,11.52,11.87,227659884.0,2758127877.0,1.0
2026-01-15,11.79,11.98,11.59,11.71,117738281.0,1408178358.0,1.0
2026-01-16,11.77,11.81,11.28,11.4,121766250.0,1419193871.0,1.0
2026-01-19,11.29,11.46,11.19,11.26,74753804.0,859689867.0,1.0
2026-01-20,11.37,11.4,10.96,11.06,74832638.0,845907842.0,1.0
2026-01-21,10.97,11.17,10.93,11.01,56703609.0,638061269.0,1.0
2026-01-22,11.08,11.22,11.02,11.19,59178363.0,670394429.0,1.0
2026-01-23,11.19,11.35,11.1,11.28,65991618.0,755947973.0,1.0
2026-01-26,11.46,13.54,11.46,13.54,527786118.0,6926671723.0,1.0
2026-01-27,13.55,13.56,12.89,13.3,424606515.0,5672823957.0,1.0
2026-01-28,15.31,15.97,14.94,15.32,714709430.0,11369245927.0,1.0
2026-01-29,15.05,17.45,14.41,16.51,667225381.0,10860208230.0,1.0
2026-01-30,16.33,16.97,15.8,16.27,457866594.0,7604010878.0,1.0
2026-02-02,17.0,17.67,16.42,16.59,531595426.0,9216133147.0,1.0
2026-02-03,17.0,18.97,16.77,18.97,545642973.0,9850800322.0,1.0
2026-02-04,18.21,18.28,15.75,16.43,652425297.0,11160966121.0,1.0
2026-02-05,16.62,18.18,16.16,17.66,613194738.0,10749547810.0,1.0
2026-02-06,17.45,18.79,17.01,17.62,568257419.0,10314318039.0,1.0
2026-02-09,18.27,19.01,17.93,18.57,523607304.0,9852127543.0,1.0
2026-02-10,18.9,19.85,17.88,18.35,579123299.0,11116578548.0,1.0
2026-02-11,18.96,20.86,18.96,20.09,628616256.0,12841557129.0,1.0
2026-02-12,20.32,22.79,19.71,21.73,605151843.0,12979523583.0,1.0
2026-02-13,22.12,23.68,21.99,22.13,497606751.0,11501087098.0,1.0
2026-02-24,22.13,22.15,19.71,20.93,474489249.0,9994621270.0,1.0
2026-02-25,21.5,21.62,19.53,19.99,422206892.0,8619408083.0,1.0
2026-02-26,20.14,20.73,19.32,19.4,523957800.0,10626884138.0,1.0
2026-02-27,19.97,21.27,19.65,19.85,617213817.0,12829285886.0,1.0
2026-03-02,19.55,19.88,18.81,19.15,429309646.0,8399131732.0,1.0
2026-03-03,19.26,19.34,17.62,17.76,353007721.0,6559675057.0,1.0
2026-03-04,17.56,18.15,17.44,17.7,211091723.0,3813784466.0,1.0
2026-03-05,18.26,18.26,17.35,17.59,265516499.0,4773794968.0,1.0
2026-03-06,17.5,17.76,17.16,17.54,209662201.0,3716057323.0,1.0
2026-03-09,17.69,19.89,17.5,19.68,626705917.0,11820612157.0,1.0
2026-03-10,20.29,21.1,19.06,20.03,568261968.0,11555321861.0,1.0
2026-03-11,19.85,20.02,19.02,19.04,384801124.0,7598068184.0,1.0
2026-03-12,18.94,20.14,18.67,18.75,401955519.0,7910457940.0,1.0
2026-03-13,18.56,18.69,17.34,17.44,340947733.0,6210692175.0,1.0
2026-03-16,17.01,17.19,16.46,17.11,232524067.0,3976266101.0,1.0
2026-03-17,17.29,17.38,16.56,16.6,155099308.0,2668391858.0,1.0
2026-03-18,17.05,18.18,16.91,18.14,295321018.0,5295108436.0,1.0
2026-03-19,17.63,18.82,17.63,18.3,303157314.0,5660253968.0,1.0
2026-03-20,18.13,18.28,17.19,17.22,241383543.0,4326183992.0,1.0
2026-03-23,16.75,17.1,16.23,16.4,166611212.0,2828093529.0,1.0
2026-03-24,16.87,16.87,16.06,16.62,154186572.0,2579922125.0,1.0
2026-03-25,16.95,18.84,16.95,17.82,285235117.0,5215587811.0,1.0
2026-03-26,17.9,18.12,17.1,17.19,176502128.0,3154855891.0,1.0
2026-03-27,17.01,17.5,16.73,17.13,164109030.0,2864242325.0,1.0
2026-03-30,16.76,17.33,16.23,17.19,149359452.0,2558261708.0,1.0
2026-03-31,17.01,17.48,16.58,16.6,148209585.0,2547470117.0,1.0
2026-04-01,17.3,17.88,17.03,17.42,250458355.0,4449921670.0,1.0
2026-04-02,17.15,17.19,16.03,16.26,222553870.0,3723692475.0,1.0
2026-04-03,16.59,16.67,16.03,16.26,148192111.0,2469430438.0,1.0
2026-04-07,16.2,16.4,15.67,15.77,142413697.0,2313016500.0,1.0
2026-04-08,16.61,18.15,16.61,18.1,354931927.0,6286197991.0,1.0
2026-04-09,17.39,17.76,17.31,17.64,194108343.0,3473653599.0,1.0
2026-04-10,17.93,18.03,17.4,17.46,185508235.0,3325013460.0,1.0
2026-04-13,17.14,18.3,17.14,17.84,244340026.0,4438138806.0,1.0
2026-04-14,18.77,19.14,18.1,18.34,299085678.0,5641327344.0,1.0
2026-04-15,18.23,18.81,17.64,17.94,255492479.0,4709832899.0,1.0
2026-04-16,18.17,19.05,18.08,18.81,325147805.0,6194364296.0,1.0
2026-04-17,18.35,18.74,18.28,18.57,239431836.0,4511006332.0,1.0
2026-04-20,18.47,18.76,18.2,18.33,213808527.0,4016562862.0,1.0
2026-04-21,18.15,18.2,17.41,17.67,190649545.0,3417974418.0,1.0
2026-04-22,17.98,18.9,17.57,18.8,349770023.0,6557710892.0,1.0
2026-04-23,18.68,19.04,18.3,18.57,247003312.0,4692140180.0,1.0
2026-04-24,18.21,18.28,16.51,17.49,349610906.0,6119969041.0,1.0
2026-04-27,17.34,17.4,16.56,16.59,234097629.0,3982381901.0,1.0
2026-04-28,16.58,16.58,15.77,15.87,188540159.0,3071350094.0,1.0
2026-04-29,15.89,16.55,15.53,16.16,169142003.0,2786739002.0,1.0
2026-04-30,16.02,16.37,15.55,15.72,159525939.0,2562298324.0,1.0
2026-05-06,16.03,17.67,16.03,17.0,301654056.0,5191968752.0,1.0
2026-05-07,17.0,17.34,16.72,17.27,196217204.0,3400922301.0,1.0
2026-05-08,17.37,17.88,17.07,17.57,218606505.0,3910671155.0,1.0
2026-05-11,17.78,18.11,17.11,17.56,210891012.0,3748969407.0,1.0
2026-05-12,17.41,17.49,16.81,17.17,158433399.0,2755540570.0,1.0
2026-05-13,17.29,19.62,17.18,19.4,460526930.0,8723020148.0,1.0
2026-05-14,19.59,19.69,18.35,18.37,287674002.0,5496439421.0,1.0
2026-05-15,18.72,19.8,18.47,18.66,328248894.0,6383241857.0,1.0
2026-05-18,18.56,19.12,18.03,18.16,253889200.0,4746506790.0,1.0
2026-05-19,18.08,18.89,17.87,18.64,273330934.0,5133577889.0,1.0
2026-05-20,18.4,18.77,17.46,17.86,257640462.0,4672063114.0,1.0
2026-05-21,17.97,18.42,16.5,16.54,260521840.0,4594101677.0,1.0
2026-05-22,16.71,16.99,16.39,16.93,146257187.0,2491600639.0,1.0
2026-05-25,17.1,17.39,16.41,16.88,158853608.0,2707709186.0,1.0
2026-05-26,16.59,16.6,15.88,16.25,150433816.0,2468778237.0,1.0
2026-05-27,16.16,16.25,15.4,15.5,136696204.0,2195071317.0,1.0
2026-05-28,15.73,15.88,15.08,15.4,128967393.0,2023058371.0,1.0
2026-05-29,15.6,15.88,14.44,14.6,157463255.0,2400135669.0,1.0
2026-06-01,14.89,15.31,14.57,14.84,140478943.0,2132819269.0,1.0
2026-06-02,14.98,15.13,14.46,14.91,116142100.0,1747957604.0,1.0
2026-06-03,14.77,15.69,14.5,15.08,176705944.0,2734106989.0,1.0
2026-06-04,14.82,15.28,14.66,15.21,110562628.0,1688635164.0,1.0
2026-06-05,15.02,15.29,14.7,14.79,110168063.0,1677537830.0,1.0
2026-06-08,14.05,14.55,13.92,14.06,106046852.0,1535979644.0,1.0
2026-06-09,14.32,14.45,13.96,14.32,93310246.0,1324377636.0,1.0
2026-06-10,14.18,14.63,13.89,14.01,105796638.0,1502284178.0,1.0
2026-06-11,13.9,14.2,13.56,14.05,106729841.0,1484520752.0,1.0
2026-06-12,14.26,14.7,14.19,14.31,143757847.0,2074959520.0,1.0
2026-06-15,14.5,14.72,14.41,14.61,103324792.0,1504605867.0,1.0
2026-06-16,14.6,14.75,14.34,14.57,100449886.0,1460346456.0,1.0
2026-06-17,14.48,14.69,14.24,14.38,105984313.0,1526299830.0,1.0
2026-06-18,14.47,15.09,14.23,14.88,158021204.0,2329667372.0,1.0
2026-06-22,14.85,15.6,14.81,15.35,158992515.0,2419734698.0,1.0
2026-06-23,15.15,15.17,14.13,14.18,151263826.0,2210516889.0,1.0
2026-06-24,14.15,14.47,13.89,14.33,106025642.0,1504985121.0,1.0
2026-06-25,14.39,14.56,13.4,13.78,156062316.0,2151512403.0,1.0
2026-06-26,13.61,13.61,12.78,12.78,145185380.0,1889915359.0,1.0
2026-06-29,12.78,12.97,12.33,12.52,108911262.0,1371547614.0,1.0
2026-06-30,12.58,13.29,12.33,13.01,113321941.0,1466243643.0,1.0
2026-07-01,13.0,13.85,12.89,13.35,152129646.0,2030537454.0,1.0
2026-07-02,13.2,13.44,12.81,12.85,108130306.0,1419383537.0,1.0
2026-07-03,12.84,13.03,12.72,12.73,78180208.0,1004360633.0,1.0
2026-07-06,12.7,12.98,12.56,12.69,73337425.0,936265506.0,1.0
2026-07-07,12.71,12.76,12.16,12.22,72736951.0,900919883.0,1.0
2026-07-08,13.18,14.66,12.91,14.66,285298228.0,4050609651.0,1.0
2026-07-09,14.61,15.35,14.4,15.33,373182847.0,5596477299.0,1.0
2026-07-10,15.14,16.05,14.9,15.16,307947360.0,4759351013.0,1.0
2026-07-13,14.89,15.49,14.52,14.69,204081360.0,3056096149.0,1.0
2026-07-14,14.98,15.25,13.54,14.27,208357353.0,2958842630.0,1.0
2026-07-15,14.35,14.78,14.07,14.35,172709753.0,2491423974.0,1.0
2026-07-16,14.08,14.74,13.82,14.26,174635698.0,2503757216.0,1.0
2026-07-17,14.01,14.26,13.03,13.23,183205020.0,2495765259.0,1.0
2026-07-20,13.75,14.55,13.64,14.25,225409815.0,3167390409.0,1.0
2026-07-21,14.15,14.97,13.81,14.96,248887854.0,3621548105.0,1.0
2026-07-22,14.68,15.32,14.55,14.7,202155116.0,3015083236.0,1.0
2026-07-23,14.5,14.88,14.03,14.18,144785242.0,2085435292.0,1.0
2026-07-24,13.74,13.85,12.98,13.0,155789531.0,2074001380.0,1.0
2026-07-27,12.88,13.37,12.63,13.33,112892070.0,1475479723.0,1.0
2026-07-28,12.94,13.21,12.8,12.9,93019829.0,1207045012.0,1.0
2026-07-29,12.9,13.03,12.0,12.54,140984847.0,1752504593.0,1.0
2026-07-30,12.35,12.85,11.93,11.94,126999120.0,1566270415.0,1.0
2026-07-31,13.06,14.32,12.77,14.03,281037588.0,3808312661.0,1.0
2026-08-03,14.03,14.22,13.74,13.82,163005062.0,2275757234.0,1.0
2026-08-04,14.25,14.99,14.2,14.73,209772381.0,3067523100.0,1.0
2026-08-05,14.61,15.4,14.5,14.98,220584999.0,3318526351.0,1.0
2026-08-06,14.72,15.12,14.49,14.73,159990390.0,2368891770.0,1.0
2026-08-07,15.84,16.68,14.98,15.46,350685902.0,5495537748.0,1.0
2026-08-10,15.0,15.28,14.44,14.8,227590137.0,3342374387.0,1.0
2026-08-11,14.84,15.14,14.5,14.81,147445334.0,2192899818.0,1.0
