attribution_type,date,window,evaluation,instrument,entity,sector,state,value,gross_return,weight,periods,transaction_cost
position,2022-07-01,2022H2,historical,000661,长春高新,Health Care,risk_on,-0.02941295657,-0.1156518263,0.25,,
position,2022-07-01,2022H2,historical,002050,三花智控,Industrials,risk_on,0.01035314863,0.04341259451,0.25,,
position,2022-07-01,2022H2,historical,002709,天赐材料,Materials,risk_on,-0.0267846718,-0.1051386872,0.25,,
position,2022-07-01,2022H2,historical,300782,卓胜微,Technology,risk_on,-0.0545433695,-0.216173478,0.25,,
position,2022-07-15,2022H2,historical,000999,华润三九,Health Care,risk_on,-0.01490700052,-0.05812800208,0.25,,
position,2022-07-15,2022H2,historical,002837,英维克,Industrials,risk_on,0.01570686727,0.06432746907,0.25,,
position,2022-07-15,2022H2,historical,300782,卓胜微,Technology,risk_on,-0.01922706193,-0.07540824773,0.25,,
position,2022-07-15,2022H2,historical,603260,合盛硅业,Materials,risk_on,-0.01514098203,-0.05906392812,0.25,,
position,2022-07-29,2022H2,historical,000300,CSI300 fallback,CSI300,risk_off,-0.002715983248,-0.0007159832477,1,,
position,2022-08-12,2022H2,historical,000300,CSI300 fallback,CSI300,risk_off,-0.02297314212,-0.02297314212,1,,
position,2022-08-26,2022H2,historical,000300,CSI300 fallback,CSI300,risk_off,0.005280383278,0.005280383278,1,,
position,2022-09-09,2022H2,historical,000300,CSI300 fallback,CSI300,risk_off,-0.05322650912,-0.05322650912,1,,
position,2022-09-26,2022H2,historical,000300,CSI300 fallback,CSI300,risk_off,-0.01388071385,-0.01388071385,1,,
position,2022-10-17,2022H2,historical,000300,CSI300 fallback,CSI300,risk_off,-0.0531734737,-0.0531734737,1,,
position,2022-10-31,2022H2,historical,000300,CSI300 fallback,CSI300,risk_off,0.06378336931,0.06378336931,1,,
position,2022-11-14,2022H2,historical,000300,CSI300 fallback,CSI300,risk_off,-0.004539809694,-0.004539809694,1,,
position,2022-11-28,2022H2,historical,000300,CSI300 fallback,CSI300,risk_off,0.02527238075,0.02527238075,1,,
position,2022-12-12,2022H2,historical,000300,CSI300 fallback,CSI300,risk_off,-0.0146557478,-0.0146557478,1,,
position,2022-12-26,2022H2,historical,000999,华润三九,Health Care,risk_on,0.01273031282,0.05292125129,0.25,,
position,2022-12-26,2022H2,historical,600026,中远海能,Industrials,risk_on,-0.0005,0,0.25,,
position,2022-12-26,2022H2,historical,601318,中国平安,Financials,risk_on,0.02760611253,0.1124244501,0.25,,
position,2022-12-26,2022H2,historical,603806,福斯特,Materials,risk_on,0.02069297254,0.08477189015,0.25,,
position,2023-01-03,2023H1,historical,000999,华润三九,Health Care,risk_on,-0.01272618539,-0.04990474156,0.25,,
position,2023-01-03,2023H1,historical,002463,沪电股份,Technology,risk_on,0.00441497599,0.01865990396,0.25,,
position,2023-01-03,2023H1,historical,603806,福斯特,Materials,risk_on,0.0292940242,0.1181760968,0.25,,
position,2023-01-03,2023H1,historical,688676,金盘科技,Industrials,risk_on,0.005054008165,0.02121603266,0.25,,
position,2023-01-17,2023H1,historical,000858,五粮液,Consumer Staples,risk_on,-0.008100444535,-0.03040177814,0.25,,
position,2023-01-17,2023H1,historical,300033,同花顺,Technology,risk_on,0.01058946562,0.0443578625,0.25,,
position,2023-01-17,2023H1,historical,300750,宁德时代,Industrials,risk_on,-0.001224228395,-0.002896913579,0.25,,
position,2023-01-17,2023H1,historical,603799,华友钴业,Materials,risk_on,-0.0001677112772,0.001329154891,0.25,,
position,2023-02-07,2023H1,historical,000977,浪潮信息,Technology,risk_on,0.1017471709,0.4089886838,0.25,,
position,2023-02-07,2023H1,historical,002602,世纪华通,Communication Services,risk_on,0.008780733732,0.03712293493,0.25,,
position,2023-02-07,2023H1,historical,601872,招商轮船,Industrials,risk_on,-0.002084784557,-0.006339138228,0.25,,
position,2023-02-07,2023H1,historical,603993,洛阳钼业,Materials,risk_on,0.01295083344,0.05380333377,0.25,,
position,2023-02-21,2023H1,historical,000977,浪潮信息,Technology,risk_on,-0.01819258931,-0.07177035725,0.25,,
position,2023-02-21,2023H1,historical,600031,三一重工,Industrials,risk_on,-0.01393915619,-0.05475662474,0.25,,
position,2023-02-21,2023H1,historical,601728,中国电信,Communication Services,risk_on,0.03388653743,0.1365461497,0.25,,
position,2023-02-21,2023H1,historical,603993,洛阳钼业,Materials,risk_on,-0.007292247018,-0.02816898807,0.25,,
position,2023-03-07,2023H1,historical,000425,徐工机械,Industrials,risk_on,-0.01882061088,-0.07328244353,0.25,,
position,2023-03-07,2023H1,historical,300548,长芯博创,Technology,risk_on,0.03423103235,0.1389241294,0.25,,
position,2023-03-07,2023H1,historical,600938,中国海油,Energy,risk_on,-0.01828720911,-0.07114883644,0.25,,
position,2023-03-07,2023H1,historical,601698,中国卫通,Communication Services,risk_on,0.0509666071,0.2058664284,0.25,,
position,2023-03-21,2023H1,historical,000300,CSI300 fallback,CSI300,risk_off,0.02230263881,0.02430263881,1,,
position,2023-04-04,2023H1,historical,002222,福晶科技,Technology,risk_on,0.03418809045,0.1387523618,0.25,,
position,2023-04-04,2023H1,historical,002493,荣盛石化,Materials,risk_on,-0.01469446739,-0.05677786956,0.25,,
position,2023-04-04,2023H1,historical,002602,世纪华通,Communication Services,risk_on,0.02441693964,0.09966775856,0.25,,
position,2023-04-04,2023H1,historical,600026,中远海能,Industrials,risk_on,0.02500130882,0.1020052353,0.25,,
position,2023-04-19,2023H1,historical,000300,CSI300 fallback,CSI300,risk_off,-0.02270110595,-0.02070110595,1,,
position,2023-05-08,2023H1,historical,000300,CSI300 fallback,CSI300,risk_off,-0.02847332942,-0.02847332942,1,,
position,2023-05-22,2023H1,historical,000300,CSI300 fallback,CSI300,risk_off,-0.0268387061,-0.0268387061,1,,
position,2023-06-05,2023H1,historical,000300,CSI300 fallback,CSI300,risk_off,0.03048056203,0.03048056203,1,,
position,2023-06-19,2023H1,historical,000300,CSI300 fallback,CSI300,risk_off,-0.02076407025,-0.02076407025,1,,
position,2023-07-03,2023H2,historical,000300,CSI300 fallback,CSI300,risk_off,-0.01130388006,-0.01130388006,1,,
position,2023-07-17,2023H2,historical,000300,CSI300 fallback,CSI300,risk_off,0.03711135585,0.03711135585,1,,
position,2023-07-31,2023H2,historical,000001,平安银行,Financials,risk_on,-0.00955087759,-0.03620351036,0.25,,
position,2023-07-31,2023H2,historical,002714,牧原股份,Consumer Staples,risk_on,-0.01257525268,-0.04830101072,0.25,,
position,2023-07-31,2023H2,historical,300033,同花顺,Technology,risk_on,0.001351410041,0.007405640163,0.25,,
position,2023-07-31,2023H2,historical,600309,万华化学,Materials,risk_on,-0.00811106472,-0.03044425888,0.25,,
position,2023-08-14,2023H2,historical,000300,CSI300 fallback,CSI300,risk_off,-0.01667007113,-0.01467007113,1,,
position,2023-08-28,2023H2,historical,000300,CSI300 fallback,CSI300,risk_off,-0.007783936876,-0.007783936876,1,,
position,2023-09-11,2023H2,historical,000300,CSI300 fallback,CSI300,risk_off,-0.0180055907,-0.0180055907,1,,
position,2023-09-25,2023H2,historical,000300,CSI300 fallback,CSI300,risk_off,-0.02229042667,-0.02229042667,1,,
position,2023-10-17,2023H2,historical,000300,CSI300 fallback,CSI300,risk_off,-0.01095387406,-0.01095387406,1,,
position,2023-10-31,2023H2,historical,000300,CSI300 fallback,CSI300,risk_off,0.01014218503,0.01014218503,1,,
position,2023-11-14,2023H2,historical,000300,CSI300 fallback,CSI300,risk_off,-0.03297204059,-0.03297204059,1,,
position,2023-11-28,2023H2,historical,000300,CSI300 fallback,CSI300,risk_off,-0.03402851533,-0.03402851533,1,,
position,2023-12-12,2023H2,historical,000300,CSI300 fallback,CSI300,risk_off,-0.009867045861,-0.009867045861,1,,
position,2023-12-26,2023H2,historical,000300,CSI300 fallback,CSI300,risk_off,-0.01219438305,-0.01219438305,1,,
position,2024-01-02,2024H1,historical,000300,CSI300 fallback,CSI300,risk_off,-0.04416872839,-0.04416872839,1,,
position,2024-01-16,2024H1,historical,000300,CSI300 fallback,CSI300,risk_off,-0.004251976362,-0.004251976362,1,,
position,2024-01-30,2024H1,historical,000300,CSI300 fallback,CSI300,risk_off,0.0843836052,0.0843836052,1,,
position,2024-02-21,2024H1,historical,000300,CSI300 fallback,CSI300,risk_off,0.01234555021,0.01234555021,1,,
position,2024-03-06,2024H1,historical,002466,天齐锂业,Materials,risk_on,0.007904247732,0.03361699093,0.25,,
position,2024-03-06,2024H1,historical,301291,明阳电气,Industrials,risk_on,0.01851622723,0.07606490892,0.25,,
position,2024-03-06,2024H1,historical,603629,利通电子,Technology,risk_on,0.04271730335,0.1728692134,0.25,,
position,2024-03-06,2024H1,historical,603658,安图生物,Health Care,risk_on,-0.00556634365,-0.0202653746,0.25,,
position,2024-03-20,2024H1,historical,000538,云南白药,Health Care,risk_on,0.0006263368418,0.004005347367,0.25,,
position,2024-03-20,2024H1,historical,603629,利通电子,Technology,risk_on,-0.02916210203,-0.1151484081,0.25,,
position,2024-03-20,2024H1,historical,603993,洛阳钼业,Materials,risk_on,0.02885470795,0.1169188318,0.25,,
position,2024-03-20,2024H1,historical,688676,金盘科技,Industrials,risk_on,0.01016869805,0.04217479222,0.25,,
position,2024-04-03,2024H1,historical,300548,长芯博创,Technology,risk_on,-0.02554002225,-0.100660089,0.25,,
position,2024-04-03,2024H1,historical,300750,宁德时代,Industrials,risk_on,-0.005517455923,-0.02056982369,0.25,,
position,2024-04-03,2024H1,historical,601728,中国电信,Communication Services,risk_on,0.00780681038,0.03272724152,0.25,,
position,2024-04-03,2024H1,historical,603993,洛阳钼业,Materials,risk_on,0.01532697771,0.06280791085,0.25,,
position,2024-04-19,2024H1,historical,002709,天赐材料,Materials,risk_on,0.0310478265,0.125691306,0.25,,
position,2024-04-19,2024H1,historical,300133,华策影视,Communication Services,risk_on,0.04977472545,0.2005989018,0.25,,
position,2024-04-19,2024H1,historical,300548,长芯博创,Technology,risk_on,0.005932352795,0.02522941118,0.25,,
position,2024-04-19,2024H1,historical,601919,中远海控,Industrials,risk_on,0.05175381768,0.2085152707,0.25,,
position,2024-05-08,2024H1,historical,002709,天赐材料,Materials,risk_on,-0.02805258865,-0.1112103546,0.25,,
position,2024-05-08,2024H1,historical,300133,华策影视,Communication Services,risk_on,-0.002120337163,-0.007481348652,0.25,,
position,2024-05-08,2024H1,historical,600009,上海机场,Industrials,risk_on,-0.00963805466,-0.03755221864,0.25,,
position,2024-05-08,2024H1,historical,688525,佰维存储,Technology,risk_on,-0.0329781308,-0.1309125232,0.25,,
position,2024-05-22,2024H1,historical,002410,广联达,Technology,risk_on,-0.03023748685,-0.1189499474,0.25,,
position,2024-05-22,2024H1,historical,002466,天齐锂业,Materials,risk_on,-0.01139672179,-0.04358688714,0.25,,
position,2024-05-22,2024H1,historical,600519,贵州茅台,Consumer Staples,risk_on,-0.008213360268,-0.03085344107,0.25,,
position,2024-05-22,2024H1,historical,688676,金盘科技,Industrials,risk_on,-0.00521441925,-0.018857677,0.25,,
position,2024-06-05,2024H1,historical,301291,明阳电气,Industrials,risk_on,-0.02756906975,-0.108276279,0.25,,
position,2024-06-05,2024H1,historical,600900,长江电力,Utilities,risk_on,0.00224618173,0.01098472692,0.25,,
position,2024-06-05,2024H1,historical,601318,中国平安,Financials,risk_on,-0.005125921322,-0.01850368529,0.25,,
position,2024-06-05,2024H1,historical,688525,佰维存储,Technology,risk_on,0.0399499423,0.1617997692,0.25,,
position,2024-06-20,2024H1,historical,000300,CSI300 fallback,CSI300,risk_off,-0.02046856348,-0.01846856348,1,,
position,2024-07-01,2024H2,historical,000300,CSI300 fallback,CSI300,risk_off,0.007632115333,0.007632115333,1,,
position,2024-07-15,2024H2,historical,000300,CSI300 fallback,CSI300,risk_off,-0.03684689901,-0.03684689901,1,,
position,2024-07-29,2024H2,historical,000300,CSI300 fallback,CSI300,risk_off,-0.01038534267,-0.01038534267,1,,
position,2024-08-12,2024H2,historical,000300,CSI300 fallback,CSI300,risk_off,-0.0087140104,-0.0087140104,1,,
position,2024-08-26,2024H2,historical,000300,CSI300 fallback,CSI300,risk_off,-0.03315220249,-0.03315220249,1,,
position,2024-09-09,2024H2,historical,000300,CSI300 fallback,CSI300,risk_off,0.1093842295,0.1093842295,1,,
position,2024-09-25,2024H2,historical,000300,CSI300 fallback,CSI300,risk_off,0.06851337842,0.06851337842,1,,
position,2024-10-16,2024H2,historical,002602,世纪华通,Communication Services,risk_on,0.03962343135,0.1604937254,0.25,,
position,2024-10-16,2024H2,historical,301309,德明利,Technology,risk_on,0.02484562202,0.1013824881,0.25,,
position,2024-10-16,2024H2,historical,600438,通威股份,Materials,risk_on,0.1332992879,0.5351971516,0.25,,
position,2024-10-16,2024H2,historical,600760,中航沈飞,Industrials,risk_on,0.00356639664,0.01626558656,0.25,,
position,2024-10-30,2024H2,historical,002007,华兰生物,Health Care,risk_on,0.01019079902,0.04276319608,0.25,,
position,2024-10-30,2024H2,historical,002456,欧菲光,Technology,risk_on,-0.02133332432,-0.08333329729,0.25,,
position,2024-10-30,2024H2,historical,600184,光电股份,Industrials,risk_on,-0.01852779989,-0.07211119958,0.25,,
position,2024-10-30,2024H2,historical,603260,合盛硅业,Materials,risk_on,0.001978216748,0.009912866992,0.25,,
position,2024-11-13,2024H2,historical,002460,赣锋锂业,Materials,risk_on,-0.004252134628,-0.01500853851,0.25,,
position,2024-11-13,2024H2,historical,600760,中航沈飞,Industrials,risk_on,-0.01649999405,-0.06399997618,0.25,,
position,2024-11-13,2024H2,historical,600809,山西汾酒,Consumer Staples,risk_on,-0.02364860564,-0.09259442257,0.25,,
position,2024-11-13,2024H2,historical,688521,芯原股份,Technology,risk_on,-0.02391167169,-0.09364668674,0.25,,
position,2024-11-27,2024H2,historical,000938,紫光股份,Technology,risk_on,0.002725822703,0.01290329081,0.25,,
position,2024-11-27,2024H2,historical,002709,天赐材料,Materials,risk_on,-0.02190481621,-0.08561926482,0.25,,
position,2024-11-27,2024H2,historical,002837,英维克,Industrials,risk_on,-0.01454365066,-0.05617460262,0.25,,
position,2024-11-27,2024H2,historical,600030,中信证券,Financials,risk_on,0.01444231954,0.05976927815,0.25,,
position,2024-12-11,2024H2,historical,002837,英维克,Industrials,risk_on,0.04659991035,0.1878996414,0.25,,
position,2024-12-11,2024H2,historical,600019,宝钢股份,Materials,risk_on,0.003494965328,0.01547986131,0.25,,
position,2024-12-11,2024H2,historical,601698,中国卫通,Communication Services,risk_on,-0.01777191571,-0.06958766286,0.25,,
position,2024-12-11,2024H2,historical,688521,芯原股份,Technology,risk_on,0.0553418671,0.2228674684,0.25,,
position,2024-12-25,2024H2,historical,300133,华策影视,Communication Services,risk_on,-0.03626203773,-0.1430481509,0.25,,
position,2024-12-25,2024H2,historical,600900,长江电力,Utilities,risk_on,-0.00433491681,-0.01533966724,0.25,,
position,2024-12-25,2024H2,historical,603986,兆易创新,Technology,risk_on,0.01146401106,0.04785604423,0.25,,
position,2024-12-25,2024H2,historical,688676,金盘科技,Industrials,risk_on,-0.03489340427,-0.1375736171,0.25,,
position,2025-01-02,2025H1,historical,000300,CSI300 fallback,CSI300,risk_off,0.007848040584,0.009848040584,1,,
position,2025-01-16,2025H1,historical,000300,CSI300 fallback,CSI300,risk_off,0.02327151406,0.02327151406,1,,
position,2025-02-07,2025H1,historical,000300,CSI300 fallback,CSI300,risk_off,0.01759906125,0.01759906125,1,,
position,2025-02-21,2025H1,historical,000001,平安银行,Financials,risk_on,-0.0005,0,0.25,,
position,2025-02-21,2025H1,historical,002352,顺丰控股,Industrials,risk_on,0.003167330525,0.0146693221,0.25,,
position,2025-02-21,2025H1,historical,600519,贵州茅台,Consumer Staples,risk_on,0.006908251682,0.02963300673,0.25,,
position,2025-02-21,2025H1,historical,603501,韦尔股份,Technology,risk_on,-0.008734945228,-0.03293978091,0.25,,
position,2025-03-07,2025H1,historical,000001,平安银行,Financials,risk_on,-0.005065427113,-0.01876170845,0.25,,
position,2025-03-07,2025H1,historical,000895,双汇发展,Consumer Staples,risk_on,-0.007578724655,-0.02881489862,0.25,,
position,2025-03-07,2025H1,historical,300548,长芯博创,Technology,risk_on,-0.03111542365,-0.1229616946,0.25,,
position,2025-03-07,2025H1,historical,601766,中国中车,Industrials,risk_on,-0.005283847865,-0.01963539146,0.25,,
position,2025-03-21,2025H1,historical,000999,华润三九,Health Care,risk_on,0.004163878425,0.0186555137,0.25,,
position,2025-03-21,2025H1,historical,002352,顺丰控股,Industrials,risk_on,-0.00827264292,-0.03109057168,0.25,,
position,2025-03-21,2025H1,historical,601857,中国石油,Energy,risk_on,-0.009671194838,-0.03668477935,0.25,,
position,2025-03-21,2025H1,historical,603629,利通电子,Technology,risk_on,-0.05685194722,-0.2254077889,0.25,,
position,2025-04-07,2025H1,historical,000300,CSI300 fallback,CSI300,risk_off,0.03448361064,0.03648361064,1,,
position,2025-04-21,2025H1,historical,000300,CSI300 fallback,CSI300,risk_off,0.01643918308,0.01643918308,1,,
position,2025-05-08,2025H1,historical,000300,CSI300 fallback,CSI300,risk_off,0.009390397616,0.009390397616,1,,
position,2025-05-22,2025H1,historical,000300,CSI300 fallback,CSI300,risk_off,0.0007655739975,0.0007655739975,1,,
position,2025-06-06,2025H1,historical,000300,CSI300 fallback,CSI300,risk_off,-0.007037905317,-0.007037905317,1,,
position,2025-06-20,2025H1,historical,000300,CSI300 fallback,CSI300,risk_off,0.027806032,0.027806032,1,,
position,2025-07-01,2025H2,historical,000725,京东方A,Technology,risk_on,-0.002398732343,-0.007594929374,0.25,,
position,2025-07-01,2025H2,historical,002601,龙佰集团,Materials,risk_on,-0.00506758885,-0.0182703554,0.25,,
position,2025-07-01,2025H2,historical,600406,国电南瑞,Industrials,risk_on,-0.005710754512,-0.02084301805,0.25,,
position,2025-07-01,2025H2,historical,600690,海尔智家,Consumer Discretionary,risk_on,0.0005229171367,0.004091668547,0.25,,
position,2025-07-15,2025H2,historical,000333,美的集团,Consumer Discretionary,risk_on,-0.00318115168,-0.01072460672,0.25,,
position,2025-07-15,2025H2,historical,000858,五粮液,Consumer Staples,risk_on,0.00439941498,0.01959765992,0.25,,
position,2025-07-15,2025H2,historical,002049,紫光国微,Technology,risk_on,0.01912045462,0.07848181849,0.25,,
position,2025-07-15,2025H2,historical,601877,正泰电器,Industrials,risk_on,0.006510390263,0.02804156105,0.25,,
position,2025-07-29,2025H2,historical,000895,双汇发展,Consumer Staples,risk_on,0.0008695856578,0.005478342631,0.25,,
position,2025-07-29,2025H2,historical,002415,海康威视,Technology,risk_on,0.008584302175,0.0363372087,0.25,,
position,2025-07-29,2025H2,historical,600026,中远海能,Industrials,risk_on,-0.002759039966,-0.009036159864,0.25,,
position,2025-07-29,2025H2,historical,603658,安图生物,Health Care,risk_on,0.01092228037,0.04568912149,0.25,,
position,2025-08-12,2025H2,historical,600036,招商银行,Financials,risk_on,-0.003646940453,-0.01258776181,0.25,,
position,2025-08-12,2025H2,historical,600436,片仔癀,Health Care,risk_on,0.008808648035,0.03723459214,0.25,,
position,2025-08-12,2025H2,historical,601872,招商轮船,Industrials,risk_on,0.01410769595,0.05843078378,0.25,,
position,2025-08-12,2025H2,historical,603288,海天味业,Consumer Staples,risk_on,0.01119982416,0.04679929665,0.25,,
position,2025-08-26,2025H2,historical,300548,长芯博创,Technology,risk_on,-0.03167563425,-0.124702537,0.25,,
position,2025-08-26,2025H2,historical,600406,国电南瑞,Industrials,risk_on,0.001834275936,0.009337103745,0.25,,
position,2025-08-26,2025H2,historical,600519,贵州茅台,Consumer Staples,risk_on,0.01227826523,0.05111306091,0.25,,
position,2025-08-26,2025H2,historical,601985,中国核电,Utilities,risk_on,-0.008936450483,-0.03374580193,0.25,,
position,2025-09-09,2025H2,historical,000538,云南白药,Health Care,risk_on,-0.003454657722,-0.01181863089,0.25,,
position,2025-09-09,2025H2,historical,002709,天赐材料,Materials,risk_on,0.04959058522,0.2003623409,0.25,,
position,2025-09-09,2025H2,historical,600184,光电股份,Industrials,risk_on,-0.001333789143,-0.003335156571,0.25,,
position,2025-09-09,2025H2,historical,601138,工业富联,Technology,risk_on,0.06914184498,0.2785673799,0.25,,
position,2025-09-23,2025H2,historical,002222,福晶科技,Technology,risk_on,-0.03785089473,-0.1494035789,0.25,,
position,2025-09-23,2025H2,historical,002460,赣锋锂业,Materials,risk_on,0.04519940937,0.1827976375,0.25,,
position,2025-09-23,2025H2,historical,002602,世纪华通,Communication Services,risk_on,-0.02137331764,-0.08349327056,0.25,,
position,2025-09-23,2025H2,historical,688676,金盘科技,Industrials,risk_on,0.06618447108,0.2667378843,0.25,,
position,2025-10-15,2025H2,historical,002007,华兰生物,Health Care,risk_on,-0.001481040219,-0.003924160874,0.25,,
position,2025-10-15,2025H2,historical,300548,长芯博创,Technology,risk_on,0.02012042014,0.08248168056,0.25,,
position,2025-10-15,2025H2,historical,600019,宝钢股份,Materials,risk_on,0.002751450563,0.01300580225,0.25,,
position,2025-10-15,2025H2,historical,600406,国电南瑞,Industrials,risk_on,0.00409009718,0.01836038872,0.25,,
position,2025-10-29,2025H2,historical,000338,潍柴动力,Industrials,risk_on,0.06113435807,0.2465374323,0.25,,
position,2025-10-29,2025H2,historical,000651,格力电器,Consumer Discretionary,risk_on,0.00279280942,0.01317123768,0.25,,
position,2025-10-29,2025H2,historical,002142,宁波银行,Financials,risk_on,0.01815391606,0.07461566425,0.25,,
position,2025-10-29,2025H2,historical,601138,工业富联,Technology,risk_on,-0.03249192773,-0.1279677109,0.25,,
position,2025-11-12,2025H2,historical,000063,中兴通讯,Technology,risk_on,0.01178913992,0.0481565597,0.25,,
position,2025-11-12,2025H2,historical,000651,格力电器,Consumer Discretionary,risk_on,-0.004312509538,-0.01625003815,0.25,,
position,2025-11-12,2025H2,historical,002142,宁波银行,Financials,risk_on,-0.01089200384,-0.04256801535,0.25,,
position,2025-11-12,2025H2,historical,601919,中远海控,Industrials,risk_on,-0.01436960749,-0.05647842995,0.25,,
position,2025-11-26,2025H2,historical,002460,赣锋锂业,Materials,risk_on,0.006496738715,0.02798695486,0.25,,
position,2025-11-26,2025H2,historical,301291,明阳电气,Industrials,risk_on,0.0105537907,0.0442151628,0.25,,
position,2025-11-26,2025H2,historical,600519,贵州茅台,Consumer Staples,risk_on,-0.006599981095,-0.02439992438,0.25,,
position,2025-11-26,2025H2,historical,688525,佰维存储,Technology,risk_on,0.03023889483,0.1229555793,0.25,,
position,2025-12-10,2025H2,historical,000333,美的集团,Consumer Discretionary,risk_on,-0.002717362195,-0.00886944878,0.25,,
position,2025-12-10,2025H2,historical,002466,天齐锂业,Materials,risk_on,0.01094067973,0.04576271893,0.25,,
position,2025-12-10,2025H2,historical,601138,工业富联,Technology,risk_on,0.01725509581,0.07102038325,0.25,,
position,2025-12-10,2025H2,historical,601872,招商轮船,Industrials,risk_on,0.02118527848,0.08674111393,0.25,,
position,2025-12-24,2025H2,historical,000538,云南白药,Health Care,risk_on,8.96274975e-05,0.00235850999,0.25,,
position,2025-12-24,2025H2,historical,002837,英维克,Industrials,risk_on,-0.0247125215,-0.09685008599,0.25,,
position,2025-12-24,2025H2,historical,600030,中信证券,Financials,risk_on,-0.002007092834,-0.006028371337,0.25,,
position,2025-12-24,2025H2,historical,601985,中国核电,Utilities,risk_on,0.01258138922,0.0523255569,0.25,,
position,2026-01-05,2026H1,reporting,002001,新和成,Materials,risk_on,0.01879260592,0.07717042368,0.25,,
position,2026-01-05,2026H1,reporting,002050,三花智控,Industrials,risk_on,0.004558570227,0.02023428091,0.25,,
position,2026-01-05,2026H1,reporting,600030,中信证券,Financials,risk_on,-0.01818707441,-0.07074829764,0.25,,
position,2026-01-05,2026H1,reporting,688521,芯原股份,Technology,risk_on,0.06247042165,0.2518816866,0.25,,
position,2026-01-19,2026H1,reporting,002202,金风科技,Industrials,risk_on,0.01017757487,0.04221029946,0.25,,
position,2026-01-19,2026H1,reporting,601698,中国卫通,Communication Services,risk_on,0.02275813087,0.09253252349,0.25,,
position,2026-01-19,2026H1,reporting,603993,洛阳钼业,Materials,risk_on,0.0002843347905,0.002637339162,0.25,,
position,2026-01-19,2026H1,reporting,688521,芯原股份,Technology,risk_on,0.0539786615,0.217414646,0.25,,
position,2026-02-02,2026H1,reporting,000300,CSI300 fallback,CSI300,risk_off,0.01426127854,0.01626127854,1,,
position,2026-02-24,2026H1,reporting,002007,华兰生物,Health Care,risk_on,-0.003685774352,-0.01274309741,0.25,,
position,2026-02-24,2026H1,reporting,601600,中国铝业,Materials,risk_on,0.007445312522,0.03178125009,0.25,,
position,2026-02-24,2026H1,reporting,601872,招商轮船,Industrials,risk_on,0.02584295335,0.1053718134,0.25,,
position,2026-02-24,2026H1,reporting,603629,利通电子,Technology,risk_on,0.04352556535,0.1761022614,0.25,,
position,2026-03-10,2026H1,reporting,301308,江波龙,Technology,risk_on,0.009956850812,0.04182740325,0.25,,
position,2026-03-10,2026H1,reporting,600026,中远海能,Industrials,risk_on,0.02779125557,0.1131650223,0.25,,
position,2026-03-10,2026H1,reporting,600900,长江电力,Utilities,risk_on,-0.001347778349,-0.003391113394,0.25,,
position,2026-03-10,2026H1,reporting,600938,中国海油,Energy,risk_on,-0.007564554623,-0.02825821849,0.25,,
position,2026-03-24,2026H1,reporting,000300,CSI300 fallback,CSI300,risk_off,0.00433796527,0.00633796527,1,,
position,2026-04-08,2026H1,reporting,000300,CSI300 fallback,CSI300,risk_off,0.0482024144,0.0482024144,1,,
position,2026-04-22,2026H1,reporting,002475,立讯精密,Technology,risk_on,0.0342581772,0.1390327088,0.25,,
position,2026-04-22,2026H1,reporting,600522,中天科技,Industrials,risk_on,0.07296426893,0.2938570757,0.25,,
position,2026-04-22,2026H1,reporting,601985,中国核电,Utilities,risk_on,0.003139420773,0.01455768309,0.25,,
position,2026-04-22,2026H1,reporting,603806,福斯特,Materials,risk_on,0.00949443787,0.03997775148,0.25,,
position,2026-05-11,2026H1,reporting,002709,天赐材料,Materials,risk_on,-0.02853679578,-0.1126471831,0.25,,
position,2026-05-11,2026H1,reporting,300133,华策影视,Communication Services,risk_on,-0.03019609127,-0.1192843651,0.25,,
position,2026-05-11,2026H1,reporting,600522,中天科技,Industrials,risk_on,-0.02080413558,-0.08171654232,0.25,,
position,2026-05-11,2026H1,reporting,688521,芯原股份,Technology,risk_on,-0.005742841233,-0.02147136493,0.25,,
position,2026-05-25,2026H1,reporting,300133,华策影视,Communication Services,risk_on,-0.04157137747,-0.1647855099,0.25,,
position,2026-05-25,2026H1,reporting,300782,卓胜微,Technology,risk_on,-0.04046914613,-0.1603765845,0.25,,
position,2026-05-25,2026H1,reporting,603806,福斯特,Materials,risk_on,-0.03330117568,-0.1317047027,0.25,,
position,2026-05-25,2026H1,reporting,688676,金盘科技,Industrials,risk_on,-0.0266551787,-0.1051207148,0.25,,
position,2026-06-08,2026H1,reporting,300548,长芯博创,Technology,risk_on,0.04504427312,0.1816770925,0.25,,
position,2026-06-08,2026H1,reporting,301291,明阳电气,Industrials,risk_on,-0.03961661615,-0.1569664646,0.25,,
position,2026-06-08,2026H1,reporting,603392,万泰生物,Health Care,risk_on,-0.03047130855,-0.1203852342,0.25,,
position,2026-06-08,2026H1,reporting,603806,福斯特,Materials,risk_on,-0.001292423005,-0.003669692021,0.25,,
position,2026-06-23,2026H1,reporting,300408,三环集团,Technology,risk_on,-0.0258982039,-0.1020928156,0.25,,
position,2026-06-23,2026H1,reporting,600026,中远海能,Industrials,risk_on,-0.07700421005,-0.3065168402,0.25,,
position,2026-06-23,2026H1,reporting,603260,合盛硅业,Materials,risk_on,-0.03620697437,-0.1433278975,0.25,,
position,2026-06-23,2026H1,reporting,603392,万泰生物,Health Care,risk_on,0.003000920113,0.01350368045,0.25,,
position,2026-07-01,2026H2_PARTIAL,reporting,301291,明阳电气,Industrials,risk_on,0.01622854397,0.06641417587,0.25,,
position,2026-07-01,2026H2_PARTIAL,reporting,301666,大普微,Technology,risk_on,-0.02729934647,-0.1076973859,0.25,,
position,2026-07-01,2026H2_PARTIAL,reporting,601600,中国铝业,Materials,risk_on,0.01523088201,0.06242352804,0.25,,
position,2026-07-01,2026H2_PARTIAL,reporting,603392,万泰生物,Health Care,risk_on,0.01526110756,0.06254443024,0.25,,
position,2026-07-15,2026H2_PARTIAL,reporting,300408,三环集团,Technology,risk_on,-0.004149629305,-0.01459851722,0.25,,
position,2026-07-15,2026H2_PARTIAL,reporting,600184,光电股份,Industrials,risk_on,-0.03809604658,-0.1503841863,0.25,,
position,2026-07-15,2026H2_PARTIAL,reporting,603259,药明康德,Health Care,risk_on,-0.003492119375,-0.0119684775,0.25,,
position,2026-07-15,2026H2_PARTIAL,reporting,603260,合盛硅业,Materials,risk_on,-0.01899791232,-0.07399164926,0.25,,
security,,,,000001,平安银行,Financials,,-0.0151163047,,,3,
security,,,,000063,中兴通讯,Technology,,0.01178913992,,,1,
security,,,,000300,CSI300 fallback,CSI300,,0.07599884146,,,52,
security,,,,000333,美的集团,Consumer Discretionary,,-0.005898513875,,,2,
security,,,,000338,潍柴动力,Industrials,,0.06113435807,,,1,
security,,,,000425,徐工机械,Industrials,,-0.01882061088,,,1,
security,,,,000538,云南白药,Health Care,,-0.002738693383,,,3,
security,,,,000651,格力电器,Consumer Discretionary,,-0.001519700118,,,2,
security,,,,000661,长春高新,Health Care,,-0.02941295657,,,1,
security,,,,000725,京东方A,Technology,,-0.002398732343,,,1,
security,,,,000858,五粮液,Consumer Staples,,-0.003701029555,,,2,
security,,,,000895,双汇发展,Consumer Staples,,-0.006709138997,,,2,
security,,,,000938,紫光股份,Technology,,0.002725822703,,,1,
security,,,,000977,浪潮信息,Technology,,0.08355458159,,,2,
security,,,,000999,华润三九,Health Care,,-0.01073899466,,,4,
security,,,,002001,新和成,Materials,,0.01879260592,,,1,
security,,,,002007,华兰生物,Health Care,,0.005023984449,,,3,
security,,,,002049,紫光国微,Technology,,0.01912045462,,,1,
security,,,,002050,三花智控,Industrials,,0.01491171886,,,2,
security,,,,002142,宁波银行,Financials,,0.00726191222,,,2,
security,,,,002202,金风科技,Industrials,,0.01017757487,,,1,
security,,,,002222,福晶科技,Technology,,-0.00366280428,,,2,
security,,,,002352,顺丰控股,Industrials,,-0.005105312395,,,2,
security,,,,002410,广联达,Technology,,-0.03023748685,,,1,
security,,,,002415,海康威视,Technology,,0.008584302175,,,1,
security,,,,002456,欧菲光,Technology,,-0.02133332432,,,1,
security,,,,002460,赣锋锂业,Materials,,0.04744401346,,,3,
security,,,,002463,沪电股份,Technology,,0.00441497599,,,1,
security,,,,002466,天齐锂业,Materials,,0.007448205672,,,3,
security,,,,002475,立讯精密,Technology,,0.0342581772,,,1,
security,,,,002493,荣盛石化,Materials,,-0.01469446739,,,1,
security,,,,002601,龙佰集团,Materials,,-0.00506758885,,,1,
security,,,,002602,世纪华通,Communication Services,,0.05144778708,,,4,
security,,,,002709,天赐材料,Materials,,-0.02464046072,,,6,
security,,,,002714,牧原股份,Consumer Staples,,-0.01257525268,,,1,
security,,,,002837,英维克,Industrials,,0.02305060546,,,4,
security,,,,300033,同花顺,Technology,,0.01194087566,,,2,
security,,,,300133,华策影视,Communication Services,,-0.06037511818,,,5,
security,,,,300408,三环集团,Technology,,-0.0300478332,,,2,
security,,,,300548,长芯博创,Technology,,0.01699699826,,,7,
security,,,,300750,宁德时代,Industrials,,-0.006741684318,,,2,
security,,,,300782,卓胜微,Technology,,-0.1142395776,,,3,
security,,,,301291,明阳电气,Industrials,,-0.021887124,,,5,
security,,,,301308,江波龙,Technology,,0.009956850812,,,1,
security,,,,301309,德明利,Technology,,0.02484562202,,,1,
security,,,,301666,大普微,Technology,,-0.02729934647,,,1,
security,,,,600009,上海机场,Industrials,,-0.00963805466,,,1,
security,,,,600019,宝钢股份,Materials,,0.006246415891,,,2,
security,,,,600026,中远海能,Industrials,,-0.02747068563,,,5,
security,,,,600030,中信证券,Financials,,-0.005751847704,,,3,
security,,,,600031,三一重工,Industrials,,-0.01393915619,,,1,
security,,,,600036,招商银行,Financials,,-0.003646940453,,,1,
security,,,,600184,光电股份,Industrials,,-0.05795763561,,,3,
security,,,,600309,万华化学,Materials,,-0.00811106472,,,1,
security,,,,600406,国电南瑞,Industrials,,0.000213618604,,,3,
security,,,,600436,片仔癀,Health Care,,0.008808648035,,,1,
security,,,,600438,通威股份,Materials,,0.1332992879,,,1,
security,,,,600519,贵州茅台,Consumer Staples,,0.004373175549,,,4,
security,,,,600522,中天科技,Industrials,,0.05216013335,,,2,
security,,,,600690,海尔智家,Consumer Discretionary,,0.0005229171367,,,1,
security,,,,600760,中航沈飞,Industrials,,-0.01293359741,,,2,
security,,,,600809,山西汾酒,Consumer Staples,,-0.02364860564,,,1,
security,,,,600900,长江电力,Utilities,,-0.003436513429,,,3,
security,,,,600938,中国海油,Energy,,-0.02585176373,,,2,
security,,,,601138,工业富联,Technology,,0.05390501306,,,3,
security,,,,601318,中国平安,Financials,,0.02248019121,,,2,
security,,,,601600,中国铝业,Materials,,0.02267619453,,,2,
security,,,,601698,中国卫通,Communication Services,,0.05595282226,,,3,
security,,,,601728,中国电信,Communication Services,,0.04169334781,,,2,
security,,,,601766,中国中车,Industrials,,-0.005283847865,,,1,
security,,,,601857,中国石油,Energy,,-0.009671194838,,,1,
security,,,,601872,招商轮船,Industrials,,0.05905114322,,,4,
security,,,,601877,正泰电器,Industrials,,0.006510390263,,,1,
security,,,,601919,中远海控,Industrials,,0.03738421019,,,2,
security,,,,601985,中国核电,Utilities,,0.00678435951,,,3,
security,,,,603259,药明康德,Health Care,,-0.003492119375,,,1,
security,,,,603260,合盛硅业,Materials,,-0.06836765197,,,4,
security,,,,603288,海天味业,Consumer Staples,,0.01119982416,,,1,
security,,,,603392,万泰生物,Health Care,,-0.01220928088,,,3,
security,,,,603501,韦尔股份,Technology,,-0.008734945228,,,1,
security,,,,603629,利通电子,Technology,,0.00022881945,,,4,
security,,,,603658,安图生物,Health Care,,0.00535593672,,,2,
security,,,,603799,华友钴业,Materials,,-0.0001677112772,,,1,
security,,,,603806,福斯特,Materials,,0.02488783592,,,5,
security,,,,603986,兆易创新,Technology,,0.01146401106,,,1,
security,,,,603993,洛阳钼业,Materials,,0.05012460687,,,5,
security,,,,688521,芯原股份,Technology,,0.1421364373,,,5,
security,,,,688525,佰维存储,Technology,,0.03721070633,,,3,
security,,,,688676,金盘科技,Industrials,,0.01464417508,,,6,
sector,,,,,,CSI300,,0.07599884146,,,52,
sector,,,,,,Communication Services,,0.08871883897,,,14,
sector,,,,,,Consumer Discretionary,,-0.006895296856,,,5,
sector,,,,,,Consumer Staples,,-0.03106102716,,,11,
sector,,,,,,Energy,,-0.03552295857,,,3,
sector,,,,,,Financials,,0.005227010568,,,11,
sector,,,,,,Health Care,,-0.03940347567,,,18,
sector,,,,,,Industrials,,0.09946021901,,,49,
sector,,,,,,Materials,,0.1898702212,,,36,
sector,,,,,,Technology,,0.2351787379,,,47,
sector,,,,,,Utilities,,0.003347846081,,,6,
window,,2022H2,historical,,,,,-0.1442558748,,,22,
window,,2023H1,historical,,,,,0.2139980829,,,30,
window,,2023H2,historical,,,,,-0.1577020084,,,16,
window,,2024H1,historical,,,,,0.1141340285,,,33,
window,,2024H2,historical,,,,,0.2061196468,,,31,
window,,2025H1,historical,,,,,0.01173081505,,,21,
window,,2025H2,historical,,,,,0.3324750533,,,52,
window,,2026H1,reporting,,,,,0.05373373405,,,39,
window,,2026H2_PARTIAL,reporting,,,,,-0.04531452051,,,8,
state,,,,,,,risk_off,-0.0179470549,,,52,0.018
state,,,,,,,risk_on,0.4830977557,,,50,0.09
