window,datetime,instrument,entity,sector,score,weight,raw_return,benchmark_return,net_contribution,precision_hit,evaluation
2022H2,2022-07-01,002050,三花智控,Industrials,0.4602355659,0.25,0.04341259451,-0.04524966635,0.01035314863,True,historical
2022H2,2022-07-01,002709,天赐材料,Materials,0.1266027093,0.25,-0.1051386872,-0.04524966635,-0.0267846718,False,historical
2022H2,2022-07-01,000661,长春高新,Health Care,0.1298487335,0.25,-0.1156518263,-0.04524966635,-0.02941295657,False,historical
2022H2,2022-07-01,300782,卓胜微,Technology,0.2533461452,0.25,-0.216173478,-0.04524966635,-0.0545433695,False,historical
2022H2,2022-07-15,002837,英维克,Industrials,0.3617926836,0.25,0.06432746907,-0.0242063214,0.01570686727,True,historical
2022H2,2022-07-15,603260,合盛硅业,Materials,0.3136295974,0.25,-0.05906392812,-0.0242063214,-0.01514098203,False,historical
2022H2,2022-07-15,300782,卓胜微,Technology,0.1165434346,0.25,-0.07540824773,-0.0242063214,-0.01922706193,False,historical
2022H2,2022-07-15,000999,华润三九,Health Care,-0.009509295225,0.25,-0.05812800208,-0.0242063214,-0.01490700052,False,historical
2022H2,2022-07-29,000300,CSI300 fallback,CSI300,,1,-0.0007159832477,-0.0007159832477,-0.002715983248,False,historical
2022H2,2022-08-12,000300,CSI300 fallback,CSI300,,1,-0.02297314212,-0.02297314212,-0.02297314212,False,historical
2022H2,2022-08-26,000300,CSI300 fallback,CSI300,,1,0.005280383278,0.005280383278,0.005280383278,False,historical
2022H2,2022-09-09,000300,CSI300 fallback,CSI300,,1,-0.05322650912,-0.05322650912,-0.05322650912,False,historical
2022H2,2022-09-26,000300,CSI300 fallback,CSI300,,1,-0.01388071385,-0.01388071385,-0.01388071385,False,historical
2022H2,2022-10-17,000300,CSI300 fallback,CSI300,,1,-0.0531734737,-0.0531734737,-0.0531734737,False,historical
2022H2,2022-10-31,000300,CSI300 fallback,CSI300,,1,0.06378336931,0.06378336931,0.06378336931,False,historical
2022H2,2022-11-14,000300,CSI300 fallback,CSI300,,1,-0.004539809694,-0.004539809694,-0.004539809694,False,historical
2022H2,2022-11-28,000300,CSI300 fallback,CSI300,,1,0.02527238075,0.02527238075,0.02527238075,False,historical
2022H2,2022-12-12,000300,CSI300 fallback,CSI300,,1,-0.0146557478,-0.0146557478,-0.0146557478,False,historical
2022H2,2022-12-26,600026,中远海能,Industrials,0.7531064749,0.25,0,0.03142530605,-0.0005,False,historical
2022H2,2022-12-26,603806,福斯特,Materials,0.2849572301,0.25,0.08477189015,0.03142530605,0.02069297254,True,historical
2022H2,2022-12-26,601318,中国平安,Financials,-0.1563539207,0.25,0.1124244501,0.03142530605,0.02760611253,True,historical
2022H2,2022-12-26,000999,华润三九,Health Care,-0.0881908834,0.25,0.05292125129,0.03142530605,0.01273031282,True,historical
2023H1,2023-01-03,688676,金盘科技,Industrials,0.1491205245,0.25,0.02121603266,0.06097332071,0.005054008165,False,historical
2023H1,2023-01-03,002463,沪电股份,Technology,0.01930332184,0.25,0.01865990396,0.06097332071,0.00441497599,False,historical
2023H1,2023-01-03,000999,华润三九,Health Care,0.1191002578,0.25,-0.04990474156,0.06097332071,-0.01272618539,False,historical
2023H1,2023-01-03,603806,福斯特,Materials,-0.1576334387,0.25,0.1181760968,0.06097332071,0.0292940242,True,historical
2023H1,2023-01-17,300750,宁德时代,Industrials,0.4170481563,0.25,-0.002896913579,-0.01311591613,-0.001224228395,True,historical
2023H1,2023-01-17,300033,同花顺,Technology,0.303992182,0.25,0.0443578625,-0.01311591613,0.01058946562,True,historical
2023H1,2023-01-17,603799,华友钴业,Materials,0.372481972,0.25,0.001329154891,-0.01311591613,-0.0001677112772,True,historical
2023H1,2023-01-17,000858,五粮液,Consumer Staples,0.2075212002,0.25,-0.03040177814,-0.01311591613,-0.008100444535,False,historical
2023H1,2023-02-07,000977,浪潮信息,Technology,0.1970691383,0.25,0.4089886838,0.007558633948,0.1017471709,True,historical
2023H1,2023-02-07,601872,招商轮船,Industrials,0.2969546616,0.25,-0.006339138228,0.007558633948,-0.002084784557,False,historical
2023H1,2023-02-07,002602,世纪华通,Communication Services,0.1654589474,0.25,0.03712293493,0.007558633948,0.008780733732,True,historical
2023H1,2023-02-07,603993,洛阳钼业,Materials,-0.07101589441,0.25,0.05380333377,0.007558633948,0.01295083344,True,historical
2023H1,2023-02-21,000977,浪潮信息,Technology,0.5013580322,0.25,-0.07177035725,-0.01773657847,-0.01819258931,False,historical
2023H1,2023-02-21,600031,三一重工,Industrials,-0.07997890562,0.25,-0.05475662474,-0.01773657847,-0.01393915619,False,historical
2023H1,2023-02-21,603993,洛阳钼业,Materials,-0.06856700778,0.25,-0.02816898807,-0.01773657847,-0.007292247018,False,historical
2023H1,2023-02-21,601728,中国电信,Communication Services,0.1129233092,0.25,0.1365461497,-0.01773657847,0.03388653743,True,historical
2023H1,2023-03-07,300548,长芯博创,Technology,0.521091938,0.25,0.1389241294,-0.008592927035,0.03423103235,True,historical
2023H1,2023-03-07,000425,徐工机械,Industrials,0.08154653013,0.25,-0.07328244353,-0.008592927035,-0.01882061088,False,historical
2023H1,2023-03-07,601698,中国卫通,Communication Services,0.6264232993,0.25,0.2058664284,-0.008592927035,0.0509666071,True,historical
2023H1,2023-03-07,600938,中国海油,Energy,0.1970691383,0.25,-0.07114883644,-0.008592927035,-0.01828720911,False,historical
2023H1,2023-03-21,000300,CSI300 fallback,CSI300,,1,0.02430263881,0.02430263881,0.02230263881,False,historical
2023H1,2023-04-04,002222,福晶科技,Technology,0.6742237806,0.25,0.1387523618,0.003998131567,0.03418809045,True,historical
2023H1,2023-04-04,002602,世纪华通,Communication Services,0.2225860357,0.25,0.09966775856,0.003998131567,0.02441693964,True,historical
2023H1,2023-04-04,600026,中远海能,Industrials,0.2456819713,0.25,0.1020052353,0.003998131567,0.02500130882,True,historical
2023H1,2023-04-04,002493,荣盛石化,Materials,0.5840027928,0.25,-0.05677786956,0.003998131567,-0.01469446739,False,historical
2023H1,2023-04-19,000300,CSI300 fallback,CSI300,,1,-0.02070110595,-0.02070110595,-0.02270110595,False,historical
2023H1,2023-05-08,000300,CSI300 fallback,CSI300,,1,-0.02847332942,-0.02847332942,-0.02847332942,False,historical
2023H1,2023-05-22,000300,CSI300 fallback,CSI300,,1,-0.0268387061,-0.0268387061,-0.0268387061,False,historical
2023H1,2023-06-05,000300,CSI300 fallback,CSI300,,1,0.03048056203,0.03048056203,0.03048056203,False,historical
2023H1,2023-06-19,000300,CSI300 fallback,CSI300,,1,-0.02076407025,-0.02076407025,-0.02076407025,False,historical
2023H2,2023-07-03,000300,CSI300 fallback,CSI300,,1,-0.01130388006,-0.01130388006,-0.01130388006,False,historical
2023H2,2023-07-17,000300,CSI300 fallback,CSI300,,1,0.03711135585,0.03711135585,0.03711135585,False,historical
2023H2,2023-07-31,300033,同花顺,Technology,0.8601369858,0.25,0.007405640163,-0.03788520533,0.001351410041,True,historical
2023H2,2023-07-31,002714,牧原股份,Consumer Staples,0.4922366738,0.25,-0.04830101072,-0.03788520533,-0.01257525268,False,historical
2023H2,2023-07-31,600309,万华化学,Materials,0.273080349,0.25,-0.03044425888,-0.03788520533,-0.00811106472,True,historical
2023H2,2023-07-31,000001,平安银行,Financials,0.2616395056,0.25,-0.03620351036,-0.03788520533,-0.00955087759,True,historical
2023H2,2023-08-14,000300,CSI300 fallback,CSI300,,1,-0.01467007113,-0.01467007113,-0.01667007113,False,historical
2023H2,2023-08-28,000300,CSI300 fallback,CSI300,,1,-0.007783936876,-0.007783936876,-0.007783936876,False,historical
2023H2,2023-09-11,000300,CSI300 fallback,CSI300,,1,-0.0180055907,-0.0180055907,-0.0180055907,False,historical
2023H2,2023-09-25,000300,CSI300 fallback,CSI300,,1,-0.02229042667,-0.02229042667,-0.02229042667,False,historical
2023H2,2023-10-17,000300,CSI300 fallback,CSI300,,1,-0.01095387406,-0.01095387406,-0.01095387406,False,historical
2023H2,2023-10-31,000300,CSI300 fallback,CSI300,,1,0.01014218503,0.01014218503,0.01014218503,False,historical
2023H2,2023-11-14,000300,CSI300 fallback,CSI300,,1,-0.03297204059,-0.03297204059,-0.03297204059,False,historical
2023H2,2023-11-28,000300,CSI300 fallback,CSI300,,1,-0.03402851533,-0.03402851533,-0.03402851533,False,historical
2023H2,2023-12-12,000300,CSI300 fallback,CSI300,,1,-0.009867045861,-0.009867045861,-0.009867045861,False,historical
2023H2,2023-12-26,000300,CSI300 fallback,CSI300,,1,-0.01219438305,-0.01219438305,-0.01219438305,False,historical
2024H1,2024-01-02,000300,CSI300 fallback,CSI300,,1,-0.04416872839,-0.04416872839,-0.04416872839,False,historical
2024H1,2024-01-16,000300,CSI300 fallback,CSI300,,1,-0.004251976362,-0.004251976362,-0.004251976362,False,historical
2024H1,2024-01-30,000300,CSI300 fallback,CSI300,,1,0.0843836052,0.0843836052,0.0843836052,False,historical
2024H1,2024-02-21,000300,CSI300 fallback,CSI300,,1,0.01234555021,0.01234555021,0.01234555021,False,historical
2024H1,2024-03-06,603629,利通电子,Technology,0.363509953,0.25,0.1728692134,0.01455359564,0.04271730335,True,historical
2024H1,2024-03-06,301291,明阳电气,Industrials,0.3385711014,0.25,0.07606490892,0.01455359564,0.01851622723,True,historical
2024H1,2024-03-06,002466,天齐锂业,Materials,0.1993560791,0.25,0.03361699093,0.01455359564,0.007904247732,True,historical
2024H1,2024-03-06,603658,安图生物,Health Care,0.06406702846,0.25,-0.0202653746,0.01455359564,-0.00556634365,False,historical
2024H1,2024-03-20,603629,利通电子,Technology,0.2246066779,0.25,-0.1151484081,-0.01247724235,-0.02916210203,False,historical
2024H1,2024-03-20,000538,云南白药,Health Care,0.3005939722,0.25,0.004005347367,-0.01247724235,0.0006263368418,True,historical
2024H1,2024-03-20,603993,洛阳钼业,Materials,0.02663055435,0.25,0.1169188318,-0.01247724235,0.02885470795,True,historical
2024H1,2024-03-20,688676,金盘科技,Industrials,-0.005104710814,0.25,0.04217479222,-0.01247724235,0.01016869805,True,historical
2024H1,2024-04-03,300548,长芯博创,Technology,0.3586148024,0.25,-0.100660089,-0.001556078866,-0.02554002225,False,historical
2024H1,2024-04-03,603993,洛阳钼业,Materials,0.3921424747,0.25,0.06280791085,-0.001556078866,0.01532697771,True,historical
2024H1,2024-04-03,300750,宁德时代,Industrials,0.16348809,0.25,-0.02056982369,-0.001556078866,-0.005517455923,False,historical
2024H1,2024-04-03,601728,中国电信,Communication Services,0.0664216727,0.25,0.03272724152,-0.001556078866,0.00780681038,True,historical
2024H1,2024-04-19,300548,长芯博创,Technology,0.8407868743,0.25,0.02522941118,0.03785318629,0.005932352795,False,historical
2024H1,2024-04-19,601919,中远海控,Industrials,0.2255422771,0.25,0.2085152707,0.03785318629,0.05175381768,True,historical
2024H1,2024-04-19,002709,天赐材料,Materials,0.1054667458,0.25,0.125691306,0.03785318629,0.0310478265,True,historical
2024H1,2024-04-19,300133,华策影视,Communication Services,0.6840584278,0.25,0.2005989018,0.03785318629,0.04977472545,True,historical
2024H1,2024-05-08,688525,佰维存储,Technology,0.580557704,0.25,-0.1309125232,-0.006213307065,-0.0329781308,False,historical
2024H1,2024-05-08,002709,天赐材料,Materials,0.2915851772,0.25,-0.1112103546,-0.006213307065,-0.02805258865,False,historical
2024H1,2024-05-08,300133,华策影视,Communication Services,0.5126886368,0.25,-0.007481348652,-0.006213307065,-0.002120337163,False,historical
2024H1,2024-05-08,600009,上海机场,Industrials,0.5037767887,0.25,-0.03755221864,-0.006213307065,-0.00963805466,False,historical
2024H1,2024-05-22,002410,广联达,Technology,0.33603549,0.25,-0.1189499474,-0.01360508099,-0.03023748685,False,historical
2024H1,2024-05-22,600519,贵州茅台,Consumer Staples,0.3338261843,0.25,-0.03085344107,-0.01360508099,-0.008213360268,False,historical
2024H1,2024-05-22,002466,天齐锂业,Materials,0.0746858269,0.25,-0.04358688714,-0.01360508099,-0.01139672179,False,historical
2024H1,2024-05-22,688676,金盘科技,Industrials,0.0687206015,0.25,-0.018857677,-0.01360508099,-0.00521441925,False,historical
2024H1,2024-06-05,688525,佰维存储,Technology,0.3850355446,0.25,0.1617997692,-0.02689822015,0.0399499423,True,historical
2024H1,2024-06-05,301291,明阳电气,Industrials,0.2892689407,0.25,-0.108276279,-0.02689822015,-0.02756906975,False,historical
2024H1,2024-06-05,601318,中国平安,Financials,0.116058059,0.25,-0.01850368529,-0.02689822015,-0.005125921322,True,historical
2024H1,2024-06-05,600900,长江电力,Utilities,0.1238056943,0.25,0.01098472692,-0.02689822015,0.00224618173,True,historical
2024H1,2024-06-20,000300,CSI300 fallback,CSI300,,1,-0.01846856348,-0.01846856348,-0.02046856348,False,historical
2024H2,2024-07-01,000300,CSI300 fallback,CSI300,,1,0.007632115333,0.007632115333,0.007632115333,False,historical
2024H2,2024-07-15,000300,CSI300 fallback,CSI300,,1,-0.03684689901,-0.03684689901,-0.03684689901,False,historical
2024H2,2024-07-29,000300,CSI300 fallback,CSI300,,1,-0.01038534267,-0.01038534267,-0.01038534267,False,historical
2024H2,2024-08-12,000300,CSI300 fallback,CSI300,,1,-0.0087140104,-0.0087140104,-0.0087140104,False,historical
2024H2,2024-08-26,000300,CSI300 fallback,CSI300,,1,-0.03315220249,-0.03315220249,-0.03315220249,False,historical
2024H2,2024-09-09,000300,CSI300 fallback,CSI300,,1,0.1093842295,0.1093842295,0.1093842295,False,historical
2024H2,2024-09-25,000300,CSI300 fallback,CSI300,,1,0.06851337842,0.06851337842,0.06851337842,False,historical
2024H2,2024-10-16,301309,德明利,Technology,0.4046109617,0.25,0.1013824881,0.02714152373,0.02484562202,True,historical
2024H2,2024-10-16,600760,中航沈飞,Industrials,0.4656366408,0.25,0.01626558656,0.02714152373,0.00356639664,False,historical
2024H2,2024-10-16,600438,通威股份,Materials,0.4361667335,0.25,0.5351971516,0.02714152373,0.1332992879,True,historical
2024H2,2024-10-16,002602,世纪华通,Communication Services,0.1410344988,0.25,0.1604937254,0.02714152373,0.03962343135,True,historical
2024H2,2024-10-30,600184,光电股份,Industrials,0.318526566,0.25,-0.07211119958,0.03818486984,-0.01852779989,False,historical
2024H2,2024-10-30,002456,欧菲光,Technology,0.2129295766,0.25,-0.08333329729,0.03818486984,-0.02133332432,False,historical
2024H2,2024-10-30,603260,合盛硅业,Materials,0.5397003889,0.25,0.009912866992,0.03818486984,0.001978216748,False,historical
2024H2,2024-10-30,002007,华兰生物,Health Care,0.2028064132,0.25,0.04276319608,0.03818486984,0.01019079902,True,historical
2024H2,2024-11-13,688521,芯原股份,Technology,0.5451287031,0.25,-0.09364668674,-0.04135733478,-0.02391167169,False,historical
2024H2,2024-11-13,002460,赣锋锂业,Materials,1.028908014,0.25,-0.01500853851,-0.04135733478,-0.004252134628,True,historical
2024H2,2024-11-13,600760,中航沈飞,Industrials,0.1802109927,0.25,-0.06399997618,-0.04135733478,-0.01649999405,False,historical
2024H2,2024-11-13,600809,山西汾酒,Consumer Staples,-0.02425192297,0.25,-0.09259442257,-0.04135733478,-0.02364860564,False,historical
2024H2,2024-11-27,000938,紫光股份,Technology,0.1362404674,0.25,0.01290329081,0.04027160815,0.002725822703,False,historical
2024H2,2024-11-27,002837,英维克,Industrials,0.05184553564,0.25,-0.05617460262,0.04027160815,-0.01454365066,False,historical
2024H2,2024-11-27,002709,天赐材料,Materials,-0.05488446727,0.25,-0.08561926482,0.04027160815,-0.02190481621,False,historical
2024H2,2024-11-27,600030,中信证券,Financials,-0.02523902245,0.25,0.05976927815,0.04027160815,0.01444231954,True,historical
2024H2,2024-12-11,600019,宝钢股份,Materials,0.1234638989,0.25,0.01547986131,-0.01018365462,0.003494965328,True,historical
2024H2,2024-12-11,688521,芯原股份,Technology,0.1931452751,0.25,0.2228674684,-0.01018365462,0.0553418671,True,historical
2024H2,2024-12-11,002837,英维克,Industrials,0.1020946652,0.25,0.1878996414,-0.01018365462,0.04659991035,True,historical
2024H2,2024-12-11,601698,中国卫通,Communication Services,0.1560744792,0.25,-0.06958766286,-0.01018365462,-0.01777191571,False,historical
2024H2,2024-12-25,603986,兆易创新,Technology,0.2949168384,0.25,0.04785604423,-0.06394991942,0.01146401106,True,historical
2024H2,2024-12-25,688676,金盘科技,Industrials,0.1407697201,0.25,-0.1375736171,-0.06394991942,-0.03489340427,False,historical
2024H2,2024-12-25,300133,华策影视,Communication Services,0.02631544136,0.25,-0.1430481509,-0.06394991942,-0.03626203773,False,historical
2024H2,2024-12-25,600900,长江电力,Utilities,0.5957375169,0.25,-0.01533966724,-0.06394991942,-0.00433491681,True,historical
2025H1,2025-01-02,000300,CSI300 fallback,CSI300,,1,0.009848040584,0.009848040584,0.007848040584,False,historical
2025H1,2025-01-16,000300,CSI300 fallback,CSI300,,1,0.02327151406,0.02327151406,0.02327151406,False,historical
2025H1,2025-02-07,000300,CSI300 fallback,CSI300,,1,0.01759906125,0.01759906125,0.01759906125,False,historical
2025H1,2025-02-21,603501,韦尔股份,Technology,0.7602983713,0.25,-0.03293978091,-0.01030678979,-0.008734945228,False,historical
2025H1,2025-02-21,002352,顺丰控股,Industrials,0.411341399,0.25,0.0146693221,-0.01030678979,0.003167330525,True,historical
2025H1,2025-02-21,000001,平安银行,Financials,0.2367902249,0.25,0,-0.01030678979,-0.0005,True,historical
2025H1,2025-02-21,600519,贵州茅台,Consumer Staples,0.2119971216,0.25,0.02963300673,-0.01030678979,0.006908251682,True,historical
2025H1,2025-03-07,300548,长芯博创,Technology,0.5383525491,0.25,-0.1229616946,0.001539176354,-0.03111542365,False,historical
2025H1,2025-03-07,000001,平安银行,Financials,0.4754519761,0.25,-0.01876170845,0.001539176354,-0.005065427113,False,historical
2025H1,2025-03-07,601766,中国中车,Industrials,0.2362080961,0.25,-0.01963539146,0.001539176354,-0.005283847865,False,historical
2025H1,2025-03-07,000895,双汇发展,Consumer Staples,0.02882034145,0.25,-0.02881489862,0.001539176354,-0.007578724655,False,historical
2025H1,2025-03-21,603629,利通电子,Technology,0.5582361817,0.25,-0.2254077889,-0.07219847042,-0.05685194722,False,historical
2025H1,2025-03-21,002352,顺丰控股,Industrials,0.2017298192,0.25,-0.03109057168,-0.07219847042,-0.00827264292,True,historical
2025H1,2025-03-21,601857,中国石油,Energy,0.1518440545,0.25,-0.03668477935,-0.07219847042,-0.009671194838,True,historical
2025H1,2025-03-21,000999,华润三九,Health Care,0.1493223011,0.25,0.0186555137,-0.07219847042,0.004163878425,True,historical
2025H1,2025-04-07,000300,CSI300 fallback,CSI300,,1,0.03648361064,0.03648361064,0.03448361064,False,historical
2025H1,2025-04-21,000300,CSI300 fallback,CSI300,,1,0.01643918308,0.01643918308,0.01643918308,False,historical
2025H1,2025-05-08,000300,CSI300 fallback,CSI300,,1,0.009390397616,0.009390397616,0.009390397616,False,historical
2025H1,2025-05-22,000300,CSI300 fallback,CSI300,,1,0.0007655739975,0.0007655739975,0.0007655739975,False,historical
2025H1,2025-06-06,000300,CSI300 fallback,CSI300,,1,-0.007037905317,-0.007037905317,-0.007037905317,False,historical
2025H1,2025-06-20,000300,CSI300 fallback,CSI300,,1,0.027806032,0.027806032,0.027806032,False,historical
2025H2,2025-07-01,600690,海尔智家,Consumer Discretionary,0.5636469722,0.25,0.004091668547,0.01610596302,0.0005229171367,False,historical
2025H2,2025-07-01,000725,京东方A,Technology,0.7438793778,0.25,-0.007594929374,0.01610596302,-0.002398732343,False,historical
2025H2,2025-07-01,600406,国电南瑞,Industrials,0.2990632057,0.25,-0.02084301805,0.01610596302,-0.005710754512,False,historical
2025H2,2025-07-01,002601,龙佰集团,Materials,0.2554601431,0.25,-0.0182703554,0.01610596302,-0.00506758885,False,historical
2025H2,2025-07-15,000858,五粮液,Consumer Staples,0.6981636882,0.25,0.01959765992,0.0359442554,0.00439941498,False,historical
2025H2,2025-07-15,002049,紫光国微,Technology,0.3104821146,0.25,0.07848181849,0.0359442554,0.01912045462,True,historical
2025H2,2025-07-15,000333,美的集团,Consumer Discretionary,0.4663728774,0.25,-0.01072460672,0.0359442554,-0.00318115168,False,historical
2025H2,2025-07-15,601877,正泰电器,Industrials,0.2807406187,0.25,0.02804156105,0.0359442554,0.006510390263,False,historical
2025H2,2025-07-29,600026,中远海能,Industrials,0.4130038917,0.25,-0.009036159864,0.00610428342,-0.002759039966,False,historical
2025H2,2025-07-29,002415,海康威视,Technology,0.3545886874,0.25,0.0363372087,0.00610428342,0.008584302175,True,historical
2025H2,2025-07-29,603658,安图生物,Health Care,0.3518933356,0.25,0.04568912149,0.00610428342,0.01092228037,True,historical
2025H2,2025-07-29,000895,双汇发展,Consumer Staples,0.3901126087,0.25,0.005478342631,0.00610428342,0.0008695856578,False,historical
2025H2,2025-08-12,601872,招商轮船,Industrials,0.4943479598,0.25,0.05843078378,0.05017237122,0.01410769595,True,historical
2025H2,2025-08-12,603288,海天味业,Consumer Staples,0.3901620507,0.25,0.04679929665,0.05017237122,0.01119982416,False,historical
2025H2,2025-08-12,600436,片仔癀,Health Care,0.2114435434,0.25,0.03723459214,0.05017237122,0.008808648035,False,historical
2025H2,2025-08-12,600036,招商银行,Financials,0.1108702421,0.25,-0.01258776181,0.05017237122,-0.003646940453,False,historical
2025H2,2025-08-26,600519,贵州茅台,Consumer Staples,0.4824098051,0.25,0.05111306091,0.01350582915,0.01227826523,True,historical
2025H2,2025-08-26,300548,长芯博创,Technology,0.3695402443,0.25,-0.124702537,0.01350582915,-0.03167563425,False,historical
2025H2,2025-08-26,601985,中国核电,Utilities,0.3166193366,0.25,-0.03374580193,0.01350582915,-0.008936450483,False,historical
2025H2,2025-08-26,600406,国电南瑞,Industrials,0.2746952474,0.25,0.009337103745,0.01350582915,0.001834275936,False,historical
2025H2,2025-09-09,600184,光电股份,Industrials,0.474719137,0.25,-0.003335156571,0.02715312692,-0.001333789143,False,historical
2025H2,2025-09-09,000538,云南白药,Health Care,0.06063594297,0.25,-0.01181863089,0.02715312692,-0.003454657722,False,historical
2025H2,2025-09-09,002709,天赐材料,Materials,0.5114407539,0.25,0.2003623409,0.02715312692,0.04959058522,True,historical
2025H2,2025-09-09,601138,工业富联,Technology,0.05065156892,0.25,0.2785673799,0.02715312692,0.06914184498,True,historical
2025H2,2025-09-23,002222,福晶科技,Technology,0.4264551401,0.25,-0.1494035789,0.01146523488,-0.03785089473,False,historical
2025H2,2025-09-23,688676,金盘科技,Industrials,0.3863370121,0.25,0.2667378843,0.01146523488,0.06618447108,True,historical
2025H2,2025-09-23,002602,世纪华通,Communication Services,0.1786619574,0.25,-0.08349327056,0.01146523488,-0.02137331764,False,historical
2025H2,2025-09-23,002460,赣锋锂业,Materials,0.02571049146,0.25,0.1827976375,0.01146523488,0.04519940937,True,historical
2025H2,2025-10-15,600406,国电南瑞,Industrials,0.2688731849,0.25,0.01836038872,0.01980963634,0.00409009718,False,historical
2025H2,2025-10-15,300548,长芯博创,Technology,0.4137860537,0.25,0.08248168056,0.01980963634,0.02012042014,True,historical
2025H2,2025-10-15,002007,华兰生物,Health Care,0.1767222285,0.25,-0.003924160874,0.01980963634,-0.001481040219,False,historical
2025H2,2025-10-15,600019,宝钢股份,Materials,0.07959779352,0.25,0.01300580225,0.01980963634,0.002751450563,False,historical
2025H2,2025-10-29,601138,工业富联,Technology,0.6122103333,0.25,-0.1279677109,-0.00166391973,-0.03249192773,False,historical
2025H2,2025-10-29,000338,潍柴动力,Industrials,0.3229647577,0.25,0.2465374323,-0.00166391973,0.06113435807,True,historical
2025H2,2025-10-29,000651,格力电器,Consumer Discretionary,0.3342666328,0.25,0.01317123768,-0.00166391973,0.00279280942,True,historical
2025H2,2025-10-29,002142,宁波银行,Financials,0.2646006048,0.25,0.07461566425,-0.00166391973,0.01815391606,True,historical
2025H2,2025-11-12,002142,宁波银行,Financials,0.4583314955,0.25,-0.04256801535,-0.03969979588,-0.01089200384,False,historical
2025H2,2025-11-12,601919,中远海控,Industrials,0.7450442314,0.25,-0.05647842995,-0.03969979588,-0.01436960749,False,historical
2025H2,2025-11-12,000651,格力电器,Consumer Discretionary,0.4361858964,0.25,-0.01625003815,-0.03969979588,-0.004312509538,True,historical
2025H2,2025-11-12,000063,中兴通讯,Technology,0.7939003706,0.25,0.0481565597,-0.03969979588,0.01178913992,True,historical
2025H2,2025-11-26,688525,佰维存储,Technology,0.8033189774,0.25,0.1229555793,0.008145945762,0.03023889483,True,historical
2025H2,2025-11-26,301291,明阳电气,Industrials,0.7355573773,0.25,0.0442151628,0.008145945762,0.0105537907,True,historical
2025H2,2025-11-26,600519,贵州茅台,Consumer Staples,0.4386772513,0.25,-0.02439992438,0.008145945762,-0.006599981095,False,historical
2025H2,2025-11-26,002460,赣锋锂业,Materials,0.2039560378,0.25,0.02798695486,0.008145945762,0.006496738715,True,historical
2025H2,2025-12-10,601138,工业富联,Technology,0.4533875883,0.25,0.07102038325,0.01984784736,0.01725509581,True,historical
2025H2,2025-12-10,002466,天齐锂业,Materials,0.3963400126,0.25,0.04576271893,0.01984784736,0.01094067973,True,historical
2025H2,2025-12-10,000333,美的集团,Consumer Discretionary,0.2075392008,0.25,-0.00886944878,0.01984784736,-0.002717362195,False,historical
2025H2,2025-12-10,601872,招商轮船,Industrials,0.1064220816,0.25,0.08674111393,0.01984784736,0.02118527848,True,historical
2025H2,2025-12-24,002837,英维克,Industrials,0.4878331423,0.25,-0.09685008599,0.03174555428,-0.0247125215,False,historical
2025H2,2025-12-24,600030,中信证券,Financials,0.5699121356,0.25,-0.006028371337,0.03174555428,-0.002007092834,False,historical
2025H2,2025-12-24,601985,中国核电,Utilities,0.4220104218,0.25,0.0523255569,0.03174555428,0.01258138922,True,historical
2025H2,2025-12-24,000538,云南白药,Health Care,0.3211047053,0.25,0.00235850999,0.03174555428,8.96274975e-05,False,historical
2026H1,2026-01-05,688521,芯原股份,Technology,0.3080888689,0.25,0.2518816866,-0.0149907133,0.06247042165,True,reporting
2026H1,2026-01-05,002050,三花智控,Industrials,0.1229178384,0.25,0.02023428091,-0.0149907133,0.004558570227,True,reporting
2026H1,2026-01-05,002001,新和成,Materials,0.1090657488,0.25,0.07717042368,-0.0149907133,0.01879260592,True,reporting
2026H1,2026-01-05,600030,中信证券,Financials,0.1421185136,0.25,-0.07074829764,-0.0149907133,-0.01818707441,False,reporting
2026H1,2026-01-19,688521,芯原股份,Technology,0.3730767965,0.25,0.217414646,-0.01245444298,0.0539786615,True,reporting
2026H1,2026-01-19,002202,金风科技,Industrials,0.4658450782,0.25,0.04221029946,-0.01245444298,0.01017757487,True,reporting
2026H1,2026-01-19,603993,洛阳钼业,Materials,0.1436014473,0.25,0.002637339162,-0.01245444298,0.0002843347905,True,reporting
2026H1,2026-01-19,601698,中国卫通,Communication Services,0.1032808945,0.25,0.09253252349,-0.01245444298,0.02275813087,True,reporting
2026H1,2026-02-02,000300,CSI300 fallback,CSI300,,1,0.01626127854,0.01626127854,0.01426127854,False,reporting
2026H1,2026-02-24,601872,招商轮船,Industrials,0.3737108111,0.25,0.1053718134,-0.006628144172,0.02584295335,True,reporting
2026H1,2026-02-24,603629,利通电子,Technology,0.2483046949,0.25,0.1761022614,-0.006628144172,0.04352556535,True,reporting
2026H1,2026-02-24,601600,中国铝业,Materials,0.0790669471,0.25,0.03178125009,-0.006628144172,0.007445312522,True,reporting
2026H1,2026-02-24,002007,华兰生物,Health Care,0.1370822042,0.25,-0.01274309741,-0.006628144172,-0.003685774352,False,reporting
2026H1,2026-03-10,301308,江波龙,Technology,0.4071347713,0.25,0.04182740325,-0.03550439199,0.009956850812,True,reporting
2026H1,2026-03-10,600026,中远海能,Industrials,0.378359437,0.25,0.1131650223,-0.03550439199,0.02779125557,True,reporting
2026H1,2026-03-10,600900,长江电力,Utilities,0.2344042808,0.25,-0.003391113394,-0.03550439199,-0.001347778349,True,reporting
2026H1,2026-03-10,600938,中国海油,Energy,0.1401763707,0.25,-0.02825821849,-0.03550439199,-0.007564554623,True,reporting
2026H1,2026-03-24,000300,CSI300 fallback,CSI300,,1,0.00633796527,0.00633796527,0.00433796527,False,reporting
2026H1,2026-04-08,000300,CSI300 fallback,CSI300,,1,0.0482024144,0.0482024144,0.0482024144,False,reporting
2026H1,2026-04-22,600522,中天科技,Industrials,0.4403361976,0.25,0.2938570757,0.03378785477,0.07296426893,True,reporting
2026H1,2026-04-22,002475,立讯精密,Technology,0.2601981163,0.25,0.1390327088,0.03378785477,0.0342581772,True,reporting
2026H1,2026-04-22,603806,福斯特,Materials,0.1269360334,0.25,0.03997775148,0.03378785477,0.00949443787,True,reporting
2026H1,2026-04-22,601985,中国核电,Utilities,0.06890843064,0.25,0.01455768309,0.03378785477,0.003139420773,False,reporting
2026H1,2026-05-11,600522,中天科技,Industrials,0.4045675695,0.25,-0.08171654232,-3.996605352e-05,-0.02080413558,False,reporting
2026H1,2026-05-11,688521,芯原股份,Technology,0.3110358119,0.25,-0.02147136493,-3.996605352e-05,-0.005742841233,False,reporting
2026H1,2026-05-11,002709,天赐材料,Materials,0.3215959966,0.25,-0.1126471831,-3.996605352e-05,-0.02853679578,False,reporting
2026H1,2026-05-11,300133,华策影视,Communication Services,0.06519553065,0.25,-0.1192843651,-3.996605352e-05,-0.03019609127,False,reporting
2026H1,2026-05-25,300782,卓胜微,Technology,0.3261427283,0.25,-0.1603765845,-0.02951546871,-0.04046914613,False,reporting
2026H1,2026-05-25,688676,金盘科技,Industrials,0.540789783,0.25,-0.1051207148,-0.02951546871,-0.0266551787,False,reporting
2026H1,2026-05-25,603806,福斯特,Materials,0.1305658072,0.25,-0.1317047027,-0.02951546871,-0.03330117568,False,reporting
2026H1,2026-05-25,300133,华策影视,Communication Services,0.06871747226,0.25,-0.1647855099,-0.02951546871,-0.04157137747,False,reporting
2026H1,2026-06-08,300548,长芯博创,Technology,0.7614300251,0.25,0.1816770925,0.02940744301,0.04504427312,True,reporting
2026H1,2026-06-08,301291,明阳电气,Industrials,1.058489799,0.25,-0.1569664646,0.02940744301,-0.03961661615,False,reporting
2026H1,2026-06-08,603806,福斯特,Materials,0.5593901277,0.25,-0.003669692021,0.02940744301,-0.001292423005,False,reporting
2026H1,2026-06-08,603392,万泰生物,Health Care,0.2124550045,0.25,-0.1203852342,0.02940744301,-0.03047130855,False,reporting
2026H1,2026-06-23,300408,三环集团,Technology,1.029317617,0.25,-0.1020928156,-0.03792941139,-0.0258982039,False,reporting
2026H1,2026-06-23,600026,中远海能,Industrials,0.5205975771,0.25,-0.3065168402,-0.03792941139,-0.07700421005,False,reporting
2026H1,2026-06-23,603260,合盛硅业,Materials,0.5342959762,0.25,-0.1433278975,-0.03792941139,-0.03620697437,False,reporting
2026H1,2026-06-23,603392,万泰生物,Health Care,0.015202187,0.25,0.01350368045,-0.03792941139,0.003000920113,True,reporting
2026H2_PARTIAL,2026-07-01,301666,大普微,Technology,1.067633986,0.25,-0.1076973859,-0.02366060168,-0.02729934647,False,reporting
2026H2_PARTIAL,2026-07-01,601600,中国铝业,Materials,0.7015627623,0.25,0.06242352804,-0.02366060168,0.01523088201,True,reporting
2026H2_PARTIAL,2026-07-01,301291,明阳电气,Industrials,0.6507356167,0.25,0.06641417587,-0.02366060168,0.01622854397,True,reporting
2026H2_PARTIAL,2026-07-01,603392,万泰生物,Health Care,0.0835750699,0.25,0.06254443024,-0.02366060168,0.01526110756,True,reporting
2026H2_PARTIAL,2026-07-15,300408,三环集团,Technology,1.299153924,0.25,-0.01459851722,-0.03165179389,-0.004149629305,True,reporting
2026H2_PARTIAL,2026-07-15,600184,光电股份,Industrials,0.7320377231,0.25,-0.1503841863,-0.03165179389,-0.03809604658,False,reporting
2026H2_PARTIAL,2026-07-15,603260,合盛硅业,Materials,0.7000020742,0.25,-0.07399164926,-0.03165179389,-0.01899791232,False,reporting
2026H2_PARTIAL,2026-07-15,603259,药明康德,Health Care,0.1094728187,0.25,-0.0119684775,-0.03165179389,-0.003492119375,True,reporting
